"Time"	hipA	hipB	ihfB	yeiL	tdcA	tdcF	tdcG	tdcE	tdcC	tdcD	tdcB	hemF	amiA	ibpB	uspB	ecpD

0	0,7081478	0,3190892	0,3726016	0,5738924	0,6608471	0,1615315	0,1952059	0,2017575	0,5682986	0,8925857	0,7770426	0,3591222	0,7936145	0,2199795	0,9712504	0,2517356
20	0,6380795	0,2881233	0,3636697	0,5498294	0,7178213	0,2209304	0,1866257	0,2154856	0,5766375	0,9622472	0,7021512	0,3619771	0,8904047	0,1569967	0,8525877	0,2563820
40	0,6950876	0,3216469	0,3565003	0,5481715	0,6495122	0,2139971	0,1623520	0,1587343	0,5874239	0,9629475	0,7271647	0,3444301	0,8776949	0,1700126	0,8863358	0,2269049
60	0,7073451	0,3148612	0,3441629	0,5654823	0,6393882	0,2172705	0,1620376	0,1523512	0,5532399	0,9668383	0,7873761	0,3544449	0,8320599	0,1854923	0,9572806	0,2398123
80	0,6913192	0,3367868	0,3315515	0,5626824	0,6784662	0,1898744	0,1294526	0,1736285	0,5259501	0,9560361	0,7460593	0,3498922	0,8444579	0,1647924	0,8873654	0,2571031
100	0,6886839	0,2948908	0,3896650	0,5723605	0,6718396	0,1528296	0,1456759	0,1265903	0,5345121	0,9477684	0,7029768	0,2985249	0,8715606	0,1613938	0,9416068	0,2651248
120	0,6881211	0,2980080	0,3130271	0,6140622	0,6608004	0,1640787	0,1963643	0,1594692	0,5496248	0,8989830	0,7269498	0,2757537	0,8711657	0,1590104	0,9013486	0,2787292
140	0,6681648	0,2918491	0,3851160	0,5556927	0,7018224	0,1988694	0,1901829	0,2161365	0,5883876	0,8788719	0,7330662	0,2839647	0,8005772	0,1537549	0,9077793	0,2897906
160	0,6610015	0,3219675	0,3588410	0,5224024	0,7283625	0,2052983	0,2024345	0,2287549	0,5574554	0,8982298	0,7574595	0,2965090	0,8108080	0,1759951	0,9837315	0,2925574
180	0,6693621	0,3145458	0,3423199	0,5488391	0,6787453	0,1926767	0,2403011	0,2529327	0,5381485	0,8875255	0,7226526	0,3319334	0,7885583	0,1949568	0,9282156	0,2567837
200	0,7543641	0,3253425	0,3164433	0,5750215	0,6510259	0,2011858	0,2034293	0,1942847	0,5399062	0,9110650	0,6910023	0,3141835	0,7942607	0,1913191	0,9209839	0,2815652
220	0,7638904	0,3226965	0,3420107	0,6067021	0,6872753	0,1951303	0,1798931	0,1691031	0,5216619	0,9134029	0,7050022	0,3642278	0,7838000	0,2189674	0,9503772	0,2998239
240	0,7672121	0,3178407	0,3643673	0,5897476	0,7333988	0,1786841	0,2133967	0,1511220	0,5241905	0,8869223	0,6875146	0,3670466	0,7360615	0,1975907	0,9199868	0,3154142
260	0,7432255	0,3512851	0,3251465	0,5641533	0,7016206	0,2012921	0,2463268	0,1806105	0,5340227	0,9103598	0,7478406	0,3431712	0,8335135	0,1954497	0,9149741	0,2820807
280	0,7271774	0,3764933	0,3468130	0,5462120	0,7157509	0,1751695	0,2379268	0,1866667	0,5207710	0,8840190	0,7249238	0,3516687	0,9542005	0,1965392	0,8613829	0,2666835
300	0,7043539	0,3731068	0,3952280	0,5335153	0,6897420	0,1532094	0,2256373	0,2192497	0,5520673	0,8894610	0,7577172	0,3763850	0,9121972	0,2265154	0,7930680	0,2962855
320	0,6653811	0,3512146	0,3962063	0,5479722	0,6856845	0,1746893	0,2705045	0,2078268	0,5836435	0,9443103	0,8346308	0,3752885	0,8211049	0,2260706	0,7959095	0,3150429
340	0,5987519	0,3762998	0,3553891	0,5495581	0,6098260	0,2107136	0,2613458	0,1909433	0,5779844	0,9067459	0,8758998	0,4127324	0,7752333	0,2318691	0,8246514	0,3369462
360	0,6303596	0,3758776	0,3522494	0,6129244	0,6209697	0,2483423	0,2594688	0,1773930	0,6225735	0,9242377	0,7935371	0,4098800	0,7631676	0,2005029	0,8880602	0,3183749
380	0,7010171	0,3802944	0,3258839	0,5914506	0,6367301	0,2110381	0,2398978	0,1848918	0,5436207	0,9338620	0,7479085	0,4011695	0,7740218	0,1663416	0,9282567	0,3113598
400	0,6924487	0,3622824	0,3722144	0,6157496	0,7215226	0,1871336	0,2488500	0,1526908	0,5583724	0,9315663	0,7592534	0,3873126	0,7505450	0,1921104	0,9470163	0,2972860
420	0,6977713	0,3929708	0,3195975	0,5904073	0,7049621	0,2224981	0,2365694	0,1717786	0,5305626	0,9130796	0,7224549	0,3420984	0,7642247	0,1944048	0,9142595	0,3233541
440	0,7050160	0,3701244	0,3174617	0,5762630	0,6803902	0,1996174	0,2234580	0,1360276	0,5312132	0,8478531	0,7358397	0,3520054	0,7610499	0,1687040	0,9193831	0,3061262
460	0,6919422	0,3915537	0,3620024	0,5739169	0,6668723	0,2294400	0,2003179	0,1450881	0,5530794	0,8574566	0,6982058	0,3590860	0,7333402	0,1818086	0,9103671	0,2626921
480	0,6575280	0,3802439	0,3648477	0,5336701	0,6954457	0,2324055	0,2475175	0,1345839	0,5362997	0,8139331	0,6524758	0,3405719	0,8057841	0,1876938	0,8834857	0,2292513
500	0,6465527	0,3555072	0,2993082	0,5746033	0,6901896	0,2170017	0,2310881	0,1591745	0,5578694	0,8665937	0,7424463	0,3284860	0,7221750	0,1556975	0,8487657	0,2310959
520	0,6603799	0,3429758	0,3494942	0,5884553	0,6455533	0,2425266	0,2172233	0,1399315	0,5299892	0,9100158	0,6882681	0,3588323	0,7576230	0,1829983	0,8565501	0,2800492
540	0,6739937	0,3413166	0,4072382	0,6003769	0,7304999	0,2210762	0,2125442	0,1787471	0,5499167	0,9083729	0,7383836	0,3367766	0,7619368	0,1770112	0,8558744	0,2759347
560	0,6744949	0,3850776	0,3501855	0,5722315	0,7174334	0,2502109	0,2490297	0,1849361	0,5637793	0,9075722	0,7188672	0,3331528	0,7065113	0,1809471	0,8655808	0,2715082
580	0,7109060	0,3771560	0,3436055	0,6040154	0,6834358	0,2456332	0,2639292	0,1755642	0,5892565	0,9544064	0,6922475	0,3366666	0,6984337	0,1910928	0,8393535	0,2657958
600	0,6462451	0,4221654	0,4008203	0,6233844	0,6713363	0,1745592	0,2406685	0,2072476	0,5925218	0,9642166	0,6986640	0,3304454	0,7473634	0,2087305	0,8244508	0,2717063
620	0,6189779	0,4255293	0,3953732	0,6759835	0,6656358	0,1940014	0,2773210	0,2257040	0,6822803	0,9114437	0,7298155	0,3293015	0,8109242	0,2417622	0,8176489	0,2622314
640	0,5644076	0,3774773	0,3308610	0,6475506	0,6739032	0,1759869	0,2583535	0,2094670	0,5861637	0,9063398	0,7747646	0,3375547	0,8034045	0,2018881	0,8247690	0,2678031
660	0,6439692	0,3769946	0,3503964	0,6726105	0,6954798	0,1571552	0,2431728	0,1857093	0,6277297	0,9296736	0,7446085	0,3172719	0,8281442	0,2023302	0,8496603	0,2741802
680	0,5979876	0,3516108	0,3423124	0,6066904	0,7045279	0,1848334	0,2041044	0,1740219	0,7095307	0,9627227	0,7437767	0,3046048	0,7913329	0,2037377	0,8486549	0,2543646
700	0,6217911	0,3380102	0,2981970	0,6894999	0,7190691	0,2388162	0,2100851	0,1506085	0,6567966	0,9700390	0,7542630	0,3003550	0,7737510	0,1775651	0,7821363	0,2755673
720	0,6314931	0,3298839	0,3754837	0,7030428	0,7223625	0,2549365	0,1996895	0,1537654	0,6048372	0,9930949	0,7293523	0,3029810	0,7823735	0,1422529	0,7847523	0,2415393
740	0,7432568	0,3376065	0,4287667	0,6562695	0,7180378	0,2496455	0,2198769	0,1501359	0,5611446	0,9983446	0,7799673	0,3036711	0,8276893	0,1544752	0,8674992	0,2404846
760	0,6080001	0,3821838	0,3394922	0,6846983	0,6845637	0,2481447	0,2201090	0,1803152	0,6408102	0,9997756	0,8102318	0,3090978	0,7886304	0,1791069	0,8535182	0,2677288
780	0,6342475	0,3721976	0,2925439	0,6278009	0,6836248	0,2101373	0,2403291	0,2021191	0,5972977	1,0158755	0,8212305	0,3148885	0,7752418	0,1646369	0,8498937	0,3099168
800	0,6168262	0,3128437	0,3312154	0,6387759	0,7088648	0,1752522	0,2560775	0,1852846	0,6115903	1,0625643	0,7657484	0,3500620	0,7720942	0,1525001	0,8686966	0,2722620
820	0,6119971	0,3327390	0,3219078	0,6679902	0,6639485	0,1932655	0,2268316	0,1790878	0,5565676	0,9478046	0,7611553	0,4009428	0,7632401	0,1604697	0,8743211	0,3162553
840	0,6542229	0,3574168	0,4177536	0,6800672	0,6840697	0,1811469	0,2234224	0,1621562	0,5150877	0,9657496	0,7331433	0,4262791	0,7338215	0,1421624	0,9081539	0,2982209
860	0,7160709	0,3310712	0,3590829	0,7100767	0,7065982	0,1741541	0,2445258	0,2083257	0,5607137	0,9748867	0,7413337	0,4105676	0,7484689	0,1095562	0,9092968	0,2934335
880	0,7475582	0,3468449	0,3448636	0,7020133	0,7014882	0,1705426	0,2285451	0,1932810	0,5886237	0,9567994	0,6966666	0,3734569	0,7212620	0,1425339	0,8820517	0,2933202
900	0,6837118	0,3181845	0,3377292	0,6685371	0,6878507	0,2172646	0,2364653	0,2024990	0,5637781	0,9802781	0,7078099	0,4398243	0,7341583	0,1525526	0,9057800	0,2511503
920	0,7379439	0,3225371	0,3411986	0,5689456	0,6702304	0,1983697	0,2203073	0,1906197	0,5706263	0,9951131	0,7604522	0,4071951	0,7541700	0,1767711	0,7935906	0,2154009
940	0,7169528	0,3294294	0,2968802	0,5912470	0,7045016	0,2087363	0,2162078	0,1842555	0,5009616	0,9910521	0,7875195	0,3987966	0,7349860	0,1550052	0,7949058	0,2333870
960	0,7734220	0,3398555	0,3341588	0,5897492	0,6475558	0,1808415	0,2107056	0,1731488	0,5063805	1,0057449	0,7786851	0,4225679	0,7877756	0,1518474	0,8634028	0,2338837
980	0,7750405	0,3507526	0,3519679	0,6281993	0,6572519	0,1828271	0,2172041	0,1493247	0,5578691	0,9567243	0,7215125	0,3683332	0,8116058	0,1735104	0,8246417	0,2755154
1000	0,7865957	0,3655606	0,3380598	0,5529350	0,6566460	0,1948664	0,2472710	0,1276819	0,5936392	1,0327150	0,6939552	0,3536137	0,8254776	0,1470271	0,7910409	0,2757719
1020	0,7176740	0,3386259	0,3373385	0,5855242	0,6882082	0,1712904	0,2130325	0,1346765	0,6130730	0,9981741	0,7443304	0,3791069	0,7975699	0,1712282	0,8352637	0,2608800
1040	0,6519264	0,3161541	0,3306864	0,5489191	0,7074239	0,2375964	0,1914567	0,1675929	0,6037979	0,9730721	0,7727184	0,3576594	0,7678599	0,1822626	0,8338806	0,2801354
1060	0,6844510	0,3311676	0,3545157	0,5541655	0,7098808	0,2338154	0,2141251	0,1389902	0,5724373	1,0090007	0,7756092	0,3894912	0,7159630	0,1401011	0,7734878	0,3171922
1080	0,7123584	0,3179194	0,3093932	0,5775818	0,7245976	0,2002991	0,2339561	0,1449389	0,5634286	1,0473432	0,7405054	0,3841315	0,7318169	0,1646930	0,7594714	0,3058069
1100	0,8085067	0,3264130	0,3658971	0,6082364	0,7037214	0,2393701	0,2024869	0,1617782	0,6245944	1,0460020	0,7911570	0,3688779	0,7206790	0,1677711	0,8635635	0,2836408

0	0,7081478	0,3190892	0,3726016	0,5738924	0,6608471	0,1615315	0,1952059	0,2017575	0,5682986	0,8925857	0,7770426	0,3591222	0,7936145	0,2199795	0,9712504	0,2517356
20	0,7184484	0,3186212	0,3785996	0,5244730	0,7161512	0,2181045	0,2726737	0,2352557	0,5445784	1,0047308	0,7139963	0,3118355	0,7026704	0,1933007	0,8500789	0,2924774
40	0,6818243	0,3182716	0,3467497	0,5845985	0,7314750	0,2289857	0,3537879	0,3029385	0,6048251	0,9478822	0,7456543	0,3175667	0,7467698	0,2113785	0,7903920	0,2791295
60	0,7598557	0,3061818	0,3222301	0,5863048	0,6929453	0,2689828	0,4252539	0,3837921	0,6387669	0,9430313	0,7534268	0,2684635	0,7343711	0,2427893	0,8656549	0,2449963
80	0,6736057	0,3298557	0,3167205	0,5522797	0,6550991	0,2632816	0,5429106	0,4320930	0,6083087	0,9164260	0,7324399	0,2461956	0,7267691	0,2354917	0,8073059	0,2796578
100	0,6549006	0,3723357	0,3483426	0,5399764	0,6725907	0,2396267	0,6174600	0,4649612	0,6141922	0,9336660	0,7165638	0,2250842	0,7527446	0,2942561	0,7350867	0,2848030
120	0,6440292	0,3820574	0,3073642	0,5011872	0,6615376	0,1976440	0,7383820	0,4812060	0,5813258	0,9556749	0,7103064	0,2072942	0,7304974	0,2734436	0,7670795	0,2523810
140	0,7184692	0,3677411	0,3295081	0,5080888	0,6789724	0,2202198	0,6991933	0,4937868	0,5413885	0,9972386	0,6829097	0,1899197	0,7698499	0,2281761	0,7620410	0,2289898
160	0,6289505	0,3454467	0,3449789	0,4992305	0,6449449	0,2134362	0,7631932	0,4612925	0,5492801	0,9873497	0,7354621	0,1759952	0,7928654	0,2369518	0,8412468	0,2846523
180	0,7040699	0,3196912	0,3422716	0,5410450	0,6789564	0,2149746	0,8115667	0,4758660	0,6127111	0,9783528	0,7079394	0,1901129	0,7772415	0,2486216	0,8102850	0,2896207
200	0,6627860	0,3301145	0,3936545	0,5614735	0,7317136	0,2173583	0,8675969	0,5394504	0,5743851	0,9888823	0,7286850	0,1874929	0,8354180	0,2412484	0,8160167	0,2799679
220	0,7458826	0,3871762	0,4225603	0,6404398	0,7284623	0,2376566	0,8127454	0,5283196	0,5309879	0,9901282	0,7039585	0,1671422	0,8077990	0,1953665	0,7550838	0,2923233
240	0,6947290	0,3724707	0,3504890	0,7108546	0,7275352	0,2747142	0,7676021	0,5691711	0,6041619	0,9177519	0,7548798	0,1783825	0,7572348	0,2475565	0,7335054	0,3400382
260	0,7201433	0,3794407	0,3155973	0,7238990	0,7514629	0,2743609	0,7686002	0,5556225	0,6822738	0,9209596	0,7702683	0,1577582	0,7188935	0,2795773	0,7288744	0,3271063
280	0,7745411	0,3461274	0,3988322	0,6610449	0,7475766	0,2673772	0,7880488	0,5836942	0,6560328	0,9640850	0,7229912	0,1572362	0,6839518	0,2775468	0,7645194	0,3162642
300	0,7772580	0,3618716	0,4120472	0,6689518	0,7218949	0,2044041	0,7447648	0,6069025	0,6375510	1,0612829	0,6728433	0,1553152	0,6464943	0,2523368	0,7187179	0,3170888
320	0,6986766	0,3893113	0,4105989	0,6738454	0,7518265	0,2270294	0,7513755	0,6129736	0,5955297	0,9905590	0,7358134	0,1366826	0,6341739	0,2408897	0,7224870	0,2980821
340	0,7187608	0,3822621	0,3183378	0,6909304	0,6988433	0,2714187	0,7416349	0,6124342	0,6469635	1,0219242	0,7727012	0,1186884	0,6680794	0,2410180	0,6560769	0,3027059
360	0,7411360	0,3352269	0,3342692	0,6926951	0,7196702	0,2641590	0,8013573	0,6374795	0,6390895	0,9903321	0,7373680	0,1100304	0,6870888	0,2384789	0,7111540	0,2561441
380	0,7227518	0,3225591	0,3560935	0,6574711	0,7105916	0,2125121	0,8300137	0,6105362	0,6487513	1,0365968	0,7067961	0,1123413	0,7473273	0,2889298	0,7302395	0,2875530
400	0,6952565	0,2901657	0,3877012	0,6061868	0,7140551	0,2359372	0,7971874	0,5587448	0,6549111	0,9775324	0,7291069	0,1450325	0,8241133	0,2841938	0,7361714	0,3027590
420	0,7723906	0,3013197	0,3015863	0,5817170	0,6918832	0,2118787	0,8092577	0,5753988	0,6928550	0,9858801	0,6662670	0,1402408	0,7744100	0,2766463	0,7215645	0,3012750
440	0,6775434	0,2734872	0,3162845	0,5785888	0,7155644	0,1912250	0,7514505	0,5956793	0,6996855	0,9901254	0,7144821	0,1429253	0,7923131	0,3098175	0,6928965	0,2866294
460	0,6222051	0,2916640	0,3245602	0,5939294	0,7337799	0,1912317	0,7396767	0,5605957	0,6651571	1,0271656	0,7843560	0,1734224	0,7724534	0,2464198	0,7021868	0,2675301
480	0,6432084	0,2553542	0,3037672	0,5208396	0,7673365	0,2227140	0,7658828	0,5494970	0,6267279	0,9873639	0,7859679	0,1556866	0,7699788	0,1969546	0,7420717	0,2583819
500	0,6955764	0,2572870	0,3321903	0,5977464	0,7621616	0,2021691	0,8014279	0,5627264	0,5824604	1,0123799	0,8203977	0,1567379	0,7834928	0,2105765	0,7220535	0,2698190
520	0,6761827	0,2771306	0,3223474	0,6188144	0,7247124	0,2172507	0,7759895	0,5565911	0,5861137	1,0389107	0,8126630	0,1688200	0,7667162	0,1993374	0,7109169	0,2540090
540	0,6460053	0,2864574	0,3177497	0,6335232	0,7222066	0,1886947	0,7771515	0,5023323	0,5719781	0,9886344	0,7924743	0,1625225	0,7476112	0,2302530	0,7068654	0,2399044
560	0,7034118	0,2977490	0,3837972	0,5881859	0,7080284	0,1841374	0,7136559	0,4821052	0,5680780	1,0114598	0,7641623	0,1571920	0,7438871	0,2363249	0,6453009	0,2351156
580	0,7212373	0,3162227	0,3751991	0,4871548	0,6975320	0,2030814	0,6754605	0,4838838	0,5090387	0,9787006	0,7594136	0,1846908	0,7437640	0,2130251	0,6711380	0,2425515
600	0,7078045	0,2966046	0,3561927	0,4834302	0,7102806	0,2464874	0,6548717	0,4196773	0,4752156	1,0065602	0,7236784	0,2118668	0,7916568	0,2075311	0,7750996	0,2404859
620	0,6729025	0,3263377	0,3639362	0,5283559	0,6992151	0,2518741	0,5073188	0,3080065	0,5288546	1,0421116	0,7454539	0,2567443	0,7628166	0,1651971	0,8455217	0,2321159
640	0,6893362	0,3607995	0,3723637	0,5297613	0,7166890	0,2265711	0,4152430	0,2802443	0,5364105	1,0507479	0,7394959	0,2628611	0,7399970	0,1972272	0,8508057	0,2526408
660	0,7012693	0,4009164	0,3136532	0,5789094	0,7380951	0,2019496	0,3554630	0,2873456	0,5786399	1,0855216	0,7004636	0,2738132	0,7338103	0,2087351	0,8270377	0,2750165
680	0,6678607	0,4242637	0,3351626	0,6035228	0,7253470	0,2098414	0,3077677	0,2628210	0,5550033	1,0533807	0,7298784	0,2618333	0,7686159	0,2127974	0,8571246	0,2688539
700	0,6398657	0,4053278	0,3763162	0,6511761	0,6911279	0,1756358	0,2749424	0,2533570	0,6324469	1,0578108	0,7569411	0,3222323	0,7162563	0,2028368	0,8438406	0,2630485
720	0,7187035	0,3920084	0,3720647	0,6180476	0,6942823	0,1791170	0,2893027	0,2755766	0,6166185	1,0059792	0,7519233	0,3321187	0,7788703	0,2250222	0,8145537	0,2840166
740	0,7245034	0,3689500	0,3421898	0,6681160	0,6770961	0,2032700	0,3018548	0,2402147	0,6203019	0,9477330	0,7588160	0,3527813	0,7452165	0,2202937	0,8376429	0,2860910
760	0,6663278	0,3805011	0,3338602	0,6801244	0,6930120	0,1874406	0,2526775	0,2523116	0,6365474	0,9765282	0,7444665	0,3409554	0,6789770	0,1959439	0,8952614	0,2676677
780	0,6851673	0,3481650	0,3318156	0,6731893	0,6307117	0,1934880	0,2397215	0,2526315	0,5689557	0,9920119	0,7950816	0,3148148	0,7166453	0,1719192	0,8723883	0,2613128
800	0,7522541	0,3775094	0,3052547	0,6366260	0,6790135	0,1838490	0,2257977	0,1902172	0,5751220	0,9268462	0,7839468	0,3243607	0,7749229	0,1720170	0,9282580	0,2366666
820	0,7026160	0,3836958	0,3169126	0,6398634	0,7331962	0,1557783	0,1995956	0,1949633	0,5710083	0,9107776	0,8035398	0,2910665	0,7371072	0,1699313	0,9477971	0,2010798
840	0,6629639	0,3350325	0,3689324	0,6742615	0,7329550	0,1651499	0,1823608	0,2012499	0,5701335	0,9837769	0,7848689	0,3273642	0,6941976	0,1775323	0,9550002	0,1931028
860	0,7084160	0,3101620	0,4121531	0,6421482	0,6989175	0,2192587	0,2066678	0,2167244	0,6224409	0,9826149	0,7683418	0,3274825	0,7439582	0,1537754	0,9091631	0,1985249
880	0,7194524	0,3483207	0,3487479	0,6168863	0,6817868	0,1996536	0,2081431	0,1952379	0,6239621	0,9963556	0,7640310	0,2874550	0,7719568	0,1942713	0,8918345	0,2440340
900	0,6923843	0,3581956	0,3315139	0,5745683	0,6808312	0,2257524	0,2341319	0,2110375	0,6073851	1,0122039	0,7422640	0,3337082	0,7667717	0,1877498	0,8442077	0,2536345
920	0,7216420	0,3372166	0,3542860	0,6349672	0,6563645	0,2040498	0,2169832	0,1807925	0,5864153	0,9755471	0,6919943	0,3718295	0,7776393	0,2013072	0,8289277	0,2741487
940	0,7346473	0,3142172	0,3235955	0,6077039	0,6470396	0,1766727	0,2080403	0,1285199	0,5877080	0,9165261	0,7463269	0,4047638	0,8409872	0,2034325	0,8109879	0,2286599
960	0,7085144	0,3029639	0,2997744	0,6650820	0,6844968	0,1929100	0,2208647	0,1811155	0,5714810	0,9358747	0,7419896	0,3842448	0,8985412	0,2046034	0,7880419	0,2067061
980	0,7065290	0,2804905	0,3296382	0,6454937	0,6810154	0,2082449	0,2397537	0,1919175	0,5232092	0,8927072	0,8318106	0,3823149	0,8829543	0,1899306	0,8647725	0,2375005
1000	0,6574446	0,3170395	0,3653457	0,6718400	0,7055050	0,2169846	0,2473058	0,1613885	0,4998181	0,8843827	0,7377619	0,3623965	0,8701041	0,1613870	0,9027278	0,2591901
1020	0,6614267	0,3051954	0,3651768	0,6984487	0,7105166	0,2058919	0,2383001	0,1820908	0,5358269	0,9125580	0,7293964	0,3745328	0,8572268	0,2044043	0,8989677	0,2932313
1040	0,6627485	0,3187057	0,3786520	0,6540547	0,6892754	0,2439916	0,2757021	0,1644378	0,5207013	0,9325423	0,7454177	0,3478157	0,8618055	0,1714530	0,8652367	0,2902564
1060	0,6525096	0,3235064	0,3755793	0,6682288	0,6541222	0,2433326	0,2661146	0,1523356	0,5714966	0,9276587	0,8319494	0,3304903	0,9020669	0,1539798	0,7682179	0,2837926
1080	0,6938351	0,3339267	0,3623789	0,6699769	0,6689398	0,1934005	0,2479641	0,1759388	0,5553794	0,9662253	0,8113493	0,3354083	0,8059754	0,1567261	0,6947243	0,2743206
1100	0,7106330	0,3544974	0,3249506	0,6441867	0,6951447	0,2343615	0,2505336	0,1564901	0,5743753	1,0072858	0,8355593	0,3503685	0,8008331	0,1430379	0,7368272	0,2652031

0	0,7081478	0,3190892	0,3726016	0,5738924	0,6608471	0,1615315	0,1952059	0,2017575	0,5682986	0,8925857	0,7770426	0,3591222	0,7936145	0,2199795	0,9712504	0,2517356
20	0,6712926	0,3224286	0,3424179	0,6229646	0,6565206	0,3441038	0,2603790	0,1929545	0,5924518	0,8915537	0,7800086	0,3248216	0,8073297	0,1609059	0,8053481	0,2499071
40	0,6259290	0,3372567	0,3781306	0,6034378	0,7035509	0,4789785	0,3485892	0,3048471	0,6021678	0,8796256	0,7908092	0,2970841	0,7880405	0,1709383	0,8473189	0,2078417
60	0,6655971	0,3079712	0,3333802	0,6351028	0,6735353	0,6369670	0,5037658	0,3574863	0,6095133	0,8968148	0,7449882	0,3412763	0,7994298	0,1722625	0,8596078	0,2585226
80	0,6754639	0,2854095	0,3627962	0,6672102	0,6337086	0,7435991	0,5521070	0,4147341	0,6128333	0,9070458	0,6936821	0,3447466	0,7691571	0,1470926	0,8327591	0,2908901
100	0,7874443	0,3142303	0,3683763	0,7275739	0,6152726	0,7081733	0,6280663	0,4917069	0,6753317	0,9260101	0,6575667	0,3392148	0,7655380	0,1760216	0,8572932	0,2846501
120	0,7688567	0,3194517	0,3199081	0,8168165	0,6593704	0,7311902	0,6887385	0,5390109	0,6716641	0,8541211	0,7088159	0,3410894	0,7326940	0,1730459	0,8466459	0,2846846
140	0,7258658	0,3514992	0,3375469	0,7961697	0,6591132	0,8018620	0,7519039	0,6209812	0,6325374	0,8774689	0,7426580	0,3028897	0,7377278	0,1692210	0,8244569	0,2447387
160	0,6949848	0,3309427	0,4000744	0,8005249	0,6584926	0,8534817	0,7829748	0,5835549	0,6066750	0,7967389	0,7658088	0,3312829	0,7679866	0,1992661	0,8680509	0,2641434
180	0,6779192	0,3497935	0,3300652	0,7658391	0,6851241	0,8338694	0,7518549	0,5819672	0,6144687	0,8193674	0,7622077	0,2938153	0,7956066	0,1778919	0,8653692	0,2876741
200	0,6649051	0,3795558	0,3411722	0,8172357	0,6856738	0,7873153	0,7482257	0,5662897	0,6128507	0,8210636	0,7681388	0,3046688	0,8158174	0,1884959	0,8810945	0,2675206
220	0,7061166	0,3970727	0,3148380	0,7617587	0,6446569	0,8375371	0,8260565	0,5890262	0,6148241	0,7741576	0,7710439	0,3063135	0,8162348	0,1988818	0,8898691	0,2372293
240	0,7111314	0,4039177	0,2978844	0,7995476	0,7235743	0,7836508	0,7988248	0,5453730	0,6596881	0,7569996	0,7642612	0,3468280	0,8359238	0,1885617	0,8879675	0,2215573
260	0,6515615	0,3891183	0,3438647	0,7579260	0,6896116	0,7654985	0,8779293	0,5183990	0,6571457	0,7613705	0,7433482	0,3167227	0,8307490	0,1974845	0,8764982	0,2185911
280	0,6359090	0,3925835	0,3743395	0,7177042	0,6551944	0,7595131	0,9338485	0,5094909	0,6165554	0,7914207	0,7975271	0,3297050	0,8337937	0,1970002	0,9025750	0,2224710
300	0,6561900	0,3681574	0,3321640	0,7449445	0,6959558	0,7655038	0,9523971	0,4930024	0,5794085	0,7295904	0,8245816	0,2988605	0,8348550	0,1804871	0,8949831	0,2482388
320	0,6574382	0,3698242	0,3134819	0,8088351	0,6888278	0,8350461	0,9688978	0,4671418	0,6090070	0,7593221	0,8174729	0,3482038	0,7770356	0,1951024	0,8719699	0,2531730
340	0,7203702	0,3514637	0,3457338	0,7960950	0,7383570	0,8484303	0,9064437	0,4545955	0,5898847	0,7899562	0,8956727	0,3971605	0,7518558	0,1825186	0,8801766	0,2630190
360	0,6631556	0,3380769	0,3153182	0,8086657	0,7253494	0,8584416	0,8150231	0,4474878	0,5782139	0,8184499	0,8414030	0,3955518	0,7526650	0,1574295	0,9134127	0,2581613
380	0,7268825	0,3218040	0,3804441	0,8256217	0,7113166	0,8438622	0,7988411	0,5204789	0,5546999	0,8321032	0,8286233	0,3861582	0,7519885	0,1661439	0,9628676	0,2498864
400	0,6815617	0,3133842	0,3392209	0,8290023	0,6622064	0,8392165	0,7869975	0,4866253	0,5531985	0,8963445	0,8098420	0,3973760	0,7189745	0,2074372	0,9830281	0,2470457
420	0,6270024	0,2866300	0,3476458	0,8681405	0,6760027	0,8316522	0,7583010	0,4813860	0,5062306	0,9440288	0,8046022	0,3925077	0,6979495	0,1953405	0,9581033	0,2246818
440	0,5970603	0,2866421	0,2790414	0,8089876	0,7530043	0,7647059	0,7735983	0,5049746	0,4674868	0,9379190	0,7223083	0,3813051	0,6837696	0,1566256	0,9510626	0,2338124
460	0,7252739	0,2627716	0,3352008	0,7707817	0,7214749	0,7566484	0,8394048	0,5598567	0,4646891	0,9586286	0,7829380	0,3554625	0,6892766	0,1689423	0,8899245	0,2230371
480	0,7434451	0,2606522	0,4082048	0,7114482	0,7045764	0,8060800	0,8131301	0,5688735	0,5001005	0,9211349	0,7647388	0,3433235	0,7183687	0,1650080	0,8977004	0,2389076
500	0,6804996	0,2576668	0,4144688	0,7626144	0,7287990	0,8006282	0,8793802	0,5412938	0,5338289	0,8882121	0,7581516	0,3612439	0,7475977	0,2066799	0,8896008	0,2126450
520	0,6163330	0,2941636	0,3888453	0,8100802	0,6941876	0,8745876	0,8486319	0,5380548	0,5497032	0,8063992	0,7720358	0,3847144	0,7594298	0,1903670	0,8840373	0,2532735
540	0,6815649	0,2995787	0,3579522	0,7752303	0,6690428	0,8016762	0,8198368	0,5403034	0,5996987	0,8625558	0,6923360	0,3724363	0,7825111	0,1883658	0,9066427	0,2573798
560	0,6440306	0,2935043	0,3001670	0,8310805	0,6120652	0,7840089	0,8553434	0,5533872	0,5185402	0,8230190	0,7171692	0,3632110	0,7337960	0,1871519	0,8420579	0,2752341
580	0,6413263	0,2404568	0,4172469	0,7959268	0,6268649	0,7103348	0,8263814	0,4487897	0,5201005	0,8418750	0,6356778	0,3134929	0,6699297	0,1571860	0,8230225	0,2512725
600	0,6518292	0,2429603	0,3963094	0,7515294	0,6518939	0,5912560	0,7533479	0,4039389	0,5129628	0,8603518	0,6688916	0,3473646	0,7079436	0,1890178	0,8544668	0,2378974
620	0,6440601	0,2402796	0,3202755	0,7690297	0,6777369	0,4662089	0,6705989	0,3032072	0,4927553	0,8737379	0,6820166	0,3881659	0,6978576	0,1871788	0,8063427	0,2189657
640	0,7482578	0,2422370	0,3866346	0,7770967	0,6871480	0,3793175	0,5357759	0,2760276	0,5760869	0,8203503	0,7050446	0,3729689	0,7090759	0,1783897	0,7918534	0,2216642
660	0,7879309	0,2656027	0,3621046	0,6649965	0,6768652	0,3556747	0,4431152	0,2842708	0,5968873	0,8312824	0,7175332	0,3562162	0,7519357	0,1707415	0,8225389	0,2260954
680	0,7350833	0,2773360	0,3288246	0,6609624	0,6294972	0,2926397	0,3845051	0,2526721	0,6131514	0,8218076	0,7178529	0,3481870	0,7670783	0,2007841	0,8357021	0,2246467
700	0,6214303	0,3173372	0,3731227	0,6315106	0,6130376	0,2653823	0,3371617	0,2020316	0,6264601	0,7791865	0,7635393	0,3500810	0,7641906	0,2067858	0,8524246	0,2264053
720	0,6497356	0,2994330	0,3126593	0,6255770	0,6060838	0,1728002	0,3334223	0,2012023	0,6837891	0,8286013	0,8225341	0,3480498	0,7902205	0,1813905	0,9093880	0,2240230
740	0,6567025	0,2917710	0,3106764	0,5831300	0,6264036	0,1601505	0,3019742	0,1668058	0,6569405	0,8771700	0,8330544	0,3453352	0,7757274	0,1543304	0,9341905	0,2600028
760	0,6944376	0,2905301	0,3677381	0,5736393	0,6210187	0,1667172	0,2378544	0,1513599	0,6483593	0,8282803	0,8552937	0,3317557	0,7720426	0,1159705	0,8300264	0,2799958
780	0,7028359	0,3156199	0,4007355	0,5481232	0,6390920	0,1238761	0,2113559	0,1787552	0,6810918	0,8923086	0,8469655	0,3118788	0,7672630	0,1236176	0,8124471	0,2821672
800	0,6756907	0,3286959	0,3383046	0,5389102	0,7049872	0,1795620	0,2287177	0,2201352	0,7074961	0,8818852	0,8597006	0,3304131	0,7486233	0,1296494	0,8763291	0,2950604
820	0,7057697	0,3543223	0,3201352	0,5454971	0,7195543	0,2030235	0,2164616	0,1976966	0,7249246	0,8535335	0,8725916	0,3178160	0,7703083	0,1659155	0,8461684	0,3051072
840	0,6134851	0,3774822	0,3368867	0,5463552	0,7042100	0,2051484	0,2388693	0,1874715	0,7066616	0,8590984	0,8632809	0,3128870	0,8547766	0,1717420	0,8059508	0,2924483
860	0,6503350	0,3895601	0,3675423	0,5234809	0,7241457	0,2058727	0,2858433	0,1536062	0,6410652	0,9240308	0,7585798	0,3482280	0,7882725	0,1338131	0,8593700	0,2875385
880	0,6185065	0,3867664	0,3087965	0,5664158	0,6960691	0,2039900	0,2707924	0,2060194	0,6114177	0,9477156	0,7588572	0,3514367	0,7087804	0,1686009	0,8856538	0,2628819
900	0,6991520	0,3686111	0,3766644	0,5335276	0,6783718	0,2282801	0,2788813	0,2212603	0,5586082	0,9669501	0,6543070	0,3745527	0,7019715	0,1888642	0,8292608	0,2218421
920	0,7596639	0,3659233	0,3832998	0,5188587	0,7063294	0,2521068	0,2880568	0,2038395	0,5909651	0,9713700	0,7502850	0,3829132	0,7154460	0,1822357	0,8411466	0,2364702
940	0,6818965	0,3709764	0,3499728	0,4872273	0,7470958	0,2460751	0,2899447	0,2314238	0,5856783	0,9375401	0,7900422	0,3639305	0,6868109	0,2079912	0,9385590	0,2416535
960	0,5902176	0,3400310	0,3393019	0,4986918	0,7921119	0,2659417	0,2980605	0,2383121	0,5864355	0,9176488	0,7434538	0,3956846	0,7257439	0,2266159	0,8815316	0,2222916
980	0,6041735	0,3360143	0,3626439	0,5264429	0,7667962	0,2536367	0,3241277	0,2213734	0,5465756	0,9288806	0,7702785	0,4360312	0,7156509	0,1909525	0,8817903	0,2333070
1000	0,6519638	0,3192036	0,3163321	0,5704043	0,7450702	0,2306422	0,2754023	0,1624974	0,6279117	0,9411578	0,7727502	0,4335631	0,6929907	0,1638622	0,8883561	0,2365873
1020	0,6676373	0,3176771	0,3109504	0,5577177	0,6955691	0,1893134	0,2641873	0,1642423	0,5610724	0,9306853	0,7588888	0,4186665	0,7229836	0,1644852	0,8764261	0,2177110
1040	0,6589831	0,2789317	0,3772378	0,5092419	0,7141230	0,1735656	0,2477357	0,1695980	0,5366557	0,9877639	0,7384964	0,3873633	0,7056457	0,1564695	0,8808105	0,2349690
1060	0,7102257	0,2923617	0,3890117	0,4822073	0,6749636	0,2450002	0,2417810	0,1739703	0,5912308	0,9284006	0,7162625	0,3557014	0,7262332	0,1541745	0,8454365	0,2228596
1080	0,6570426	0,2549875	0,3547632	0,4812876	0,6426525	0,2670801	0,2836267	0,2005935	0,6129908	0,9309183	0,7119792	0,3769919	0,7096768	0,1457636	0,8273398	0,2317655
1100	0,6184396	0,2721528	0,3640249	0,4715647	0,6437653	0,1640238	0,2733068	0,2537297	0,5996273	0,8972087	0,7393447	0,3503118	0,7415748	0,1686874	0,8562347	0,2522351

0	0,7081478	0,3190892	0,3726016	0,5738924	0,6608471	0,1615315	0,1952059	0,2017575	0,5682986	0,8925857	0,7770426	0,3591222	0,7936145	0,2199795	0,9712504	0,2517356
20	0,6612273	0,3675087	0,3586488	0,6180656	0,7575229	0,2510649	0,2240177	0,1380487	0,5845273	1,0549226	0,7684006	0,3161580	0,8116064	0,1914027	0,9617529	0,2892734
40	0,6692677	0,3446276	0,2862625	0,6441102	0,7310204	0,2549501	0,2090957	0,1445047	0,5680787	1,0926319	0,7531128	0,3718197	0,7716680	0,1838553	0,9269957	0,2569798
60	0,6257196	0,3083030	0,3021694	0,6603079	0,7391706	0,2348336	0,2223250	0,1362381	0,6029817	1,0594071	0,7504893	0,3721528	0,7357047	0,1885567	0,9058757	0,2515891
80	0,6927755	0,3005250	0,2785309	0,5825013	0,6999715	0,2353556	0,2122768	0,1298140	0,7109778	1,0043412	0,7808090	0,3894099	0,7663727	0,1614492	0,8185698	0,2635197
100	0,7631341	0,2859895	0,2774825	0,5602117	0,6523673	0,2161391	0,1894357	0,1393904	0,7138734	1,0082623	0,7512913	0,3598148	0,7485186	0,1494964	0,8519812	0,2277411
120	0,7315707	0,2615687	0,3061316	0,5364526	0,6199279	0,2011668	0,1858796	0,1300242	0,7088400	1,0027184	0,7449933	0,3652261	0,7503881	0,1344497	0,8161731	0,2300062
140	0,7028342	0,2523336	0,2870147	0,5630534	0,6299756	0,1971413	0,1632616	0,1332029	0,7128062	0,9940124	0,6773145	0,3747776	0,7705248	0,1345011	0,8744517	0,2212951
160	0,6967104	0,2633635	0,2513731	0,5495215	0,6891587	0,1884243	0,1590735	0,1337780	0,6677051	0,9397917	0,6661156	0,3870564	0,7260328	0,1392945	0,9136870	0,2028646
180	0,6547345	0,2494188	0,2589749	0,5683615	0,6704463	0,1621977	0,1387088	0,1197125	0,7287135	0,9580843	0,6435154	0,4432455	0,6796717	0,1594504	0,9301340	0,2020732
200	0,7221846	0,2154674	0,2726238	0,5123182	0,6520137	0,1850951	0,1110783	0,1071886	0,7694692	0,9470898	0,6384620	0,4607333	0,6859584	0,1553988	0,9490117	0,2081539
220	0,7777534	0,2099288	0,3398848	0,4810984	0,6881545	0,1841842	0,1062240	0,0882778	0,7471820	0,8385155	0,6241930	0,4720103	0,7057996	0,1341740	0,9569162	0,1770576
240	0,7459359	0,2211898	0,3414899	0,5211470	0,6701451	0,1839901	0,1173377	0,1193286	0,7630111	0,7914354	0,6344363	0,4359618	0,7493343	0,1612270	0,9175940	0,1853708
260	0,6604920	0,2256797	0,2821841	0,4839226	0,6545716	0,1903042	0,1513517	0,0922267	0,7034223	0,8072001	0,6340050	0,3759974	0,7507561	0,1951773	0,8865881	0,1929527
280	0,7122036	0,2055449	0,3127885	0,5227593	0,6940654	0,1896348	0,1471290	0,1157536	0,7081906	0,8467207	0,6724406	0,3447095	0,7675849	0,1792839	0,9350498	0,2033843
300	0,7264964	0,1887317	0,2924080	0,5195201	0,6617301	0,2021603	0,1572550	0,1216923	0,7386958	0,8942272	0,6570057	0,3370625	0,7207254	0,1504634	0,9064799	0,1825055
320	0,7255078	0,2172676	0,3654747	0,4630890	0,6356666	0,1870742	0,1445622	0,1375011	0,7651100	0,9336372	0,6705484	0,3583060	0,7457299	0,1515716	0,9717921	0,1853117
340	0,7352677	0,2072264	0,3160682	0,4810880	0,6363582	0,2274381	0,1530127	0,1547967	0,7992879	0,8965238	0,6599669	0,3323292	0,7385828	0,1647945	0,9969152	0,1692271
360	0,6656023	0,2225056	0,2734783	0,4489043	0,6738147	0,2190349	0,1543139	0,1289510	0,8332120	0,8938969	0,7119451	0,3299230	0,7294517	0,1667734	0,9832321	0,1655244
380	0,6397349	0,2115192	0,3141571	0,4461488	0,7127858	0,2102495	0,1443686	0,1534064	0,7626341	0,9465787	0,7705999	0,3151851	0,7674432	0,1379823	1,0773597	0,1861419
400	0,6200879	0,2154856	0,2788176	0,4162048	0,6702796	0,1812841	0,1417197	0,1372909	0,7374990	0,9189641	0,7942248	0,3536071	0,7812730	0,1469982	1,0049559	0,1859886
420	0,6315864	0,2341243	0,2934537	0,4058001	0,6203906	0,1585108	0,1551382	0,1434913	0,7114964	0,9731589	0,7389588	0,4074558	0,7979273	0,1356869	0,9416455	0,1749491
440	0,7033579	0,2197132	0,2894047	0,4046854	0,6579049	0,1250649	0,1495663	0,1460004	0,7550444	0,9538891	0,7986485	0,4184359	0,8018018	0,1343870	0,9415550	0,1622352
460	0,6623503	0,2303366	0,2890835	0,4273333	0,6799981	0,1706356	0,1455788	0,1624405	0,8083981	0,8881567	0,7935155	0,4127756	0,7974560	0,1208891	0,9125657	0,1735369
480	0,6715587	0,2348498	0,3293086	0,4400721	0,7375082	0,1687179	0,1384852	0,1900755	0,7886599	0,8889941	0,7788518	0,4773784	0,7961759	0,1227621	0,9861536	0,1923959
500	0,6899667	0,2419189	0,3249696	0,4595808	0,7340485	0,1598668	0,1437569	0,1417506	0,8349535	0,9099954	0,7508950	0,4063817	0,7341305	0,1354194	1,0161909	0,2022401
520	0,6382100	0,2024417	0,2703762	0,4903871	0,7000851	0,1479357	0,1380386	0,1289448	0,8355612	0,8499534	0,7180198	0,4087210	0,7469630	0,1274895	1,0397804	0,2309661
540	0,6019479	0,2426212	0,2638109	0,4358411	0,6494619	0,1699830	0,1375567	0,1561160	0,7626447	0,8418749	0,6984790	0,4227681	0,7623253	0,1250733	0,9323937	0,2270264
560	0,5907390	0,2287764	0,3095923	0,3965190	0,6084637	0,1595506	0,1414585	0,1670031	0,7480958	0,9008398	0,7010743	0,4003001	0,7467954	0,1103813	0,9199926	0,2232259
580	0,6199873	0,2092043	0,3494882	0,4165297	0,6433878	0,1703658	0,1304603	0,1436282	0,7135739	0,8916491	0,7344002	0,3943463	0,7406517	0,0953331	0,8113433	0,2158188
600	0,6764984	0,2415991	0,3609004	0,4881603	0,6881926	0,1699273	0,1529414	0,1589273	0,6762628	0,8829348	0,7764732	0,3547578	0,8087743	0,0901152	0,8517265	0,2236566
620	0,6767487	0,2537692	0,4029064	0,4622570	0,6819816	0,1530234	0,1775250	0,1918070	0,5908246	0,9251751	0,7141364	0,3602795	0,8341995	0,1098488	0,9512140	0,2397445
640	0,6736039	0,2964446	0,3786071	0,4945141	0,6972104	0,1588201	0,2100520	0,1901062	0,5636925	0,9056277	0,7095313	0,3462970	0,8073593	0,1216763	0,9541099	0,2466157
660	0,7118925	0,2801392	0,3548131	0,5149730	0,6989322	0,1686257	0,2067315	0,1657471	0,5802075	0,9110015	0,7158063	0,3381149	0,8475679	0,0964195	0,7881301	0,2665902
680	0,7495797	0,3206053	0,3685195	0,5354782	0,7487593	0,2142876	0,1840589	0,1643623	0,5924034	0,9013156	0,6784132	0,3485160	0,8073594	0,1004108	0,8515329	0,3011283
700	0,7539038	0,3007245	0,3173792	0,5218875	0,7974908	0,2279893	0,2213205	0,1691140	0,5449338	0,9017510	0,6429335	0,3696898	0,7816504	0,1526304	0,8005714	0,2897750
720	0,7258461	0,2892422	0,3718936	0,5818091	0,7199030	0,2070368	0,2638384	0,1652105	0,5774596	0,9381361	0,6285500	0,3218482	0,7742122	0,1727765	0,8512691	0,2720724
740	0,7414253	0,2854538	0,3898919	0,6367919	0,6296166	0,2275699	0,2756323	0,1873706	0,5992049	0,9929386	0,6555681	0,3381899	0,7575874	0,1815749	0,8893976	0,2984976
760	0,7316959	0,2837569	0,3560072	0,6237865	0,6599532	0,1837095	0,2783163	0,1780296	0,5616715	0,9662315	0,7585230	0,3436103	0,7364225	0,1630152	0,8195049	0,2864845
780	0,6687945	0,2594454	0,3383518	0,5425071	0,6815094	0,1656787	0,2758820	0,2082172	0,5474794	1,0167202	0,7119108	0,3321256	0,6988673	0,2122801	0,8270277	0,2845634
800	0,6884635	0,2980056	0,2871937	0,5874014	0,6792274	0,1878548	0,2416179	0,1662505	0,5860738	1,0478742	0,7342970	0,3915631	0,6766820	0,1938348	0,7957682	0,2832800
820	0,6750763	0,2830841	0,3074977	0,5748591	0,6303473	0,2003096	0,2393690	0,1553064	0,5905875	0,9933859	0,7133309	0,3868541	0,6663637	0,2092448	0,8327452	0,2916708
840	0,7004624	0,3034019	0,3870492	0,5385367	0,6558521	0,1869305	0,2335950	0,1330019	0,5234508	0,9623681	0,7328581	0,3865001	0,7038719	0,2219852	0,9444521	0,2668741
860	0,7032282	0,2984497	0,3869544	0,5824686	0,6885275	0,2217860	0,2199899	0,1149316	0,5443035	0,9481454	0,7415522	0,3884546	0,7397326	0,1791100	1,0052195	0,2354383
880	0,6847739	0,3379334	0,3403033	0,5537563	0,6352845	0,2223392	0,2311212	0,1303256	0,5414532	1,0102271	0,7510929	0,3810420	0,7385206	0,1669563	0,9683788	0,2660901
900	0,6892139	0,3528563	0,3435809	0,5480641	0,6500193	0,2090887	0,2469660	0,1437612	0,5551303	0,9105209	0,7953401	0,3982813	0,7666732	0,2168248	0,8256260	0,2869211
920	0,6815893	0,3744851	0,3523190	0,6052928	0,6822063	0,1943971	0,2283622	0,1526296	0,5549719	0,8784463	0,7844052	0,3713844	0,7477596	0,2122159	0,7634945	0,2633506
940	0,6722866	0,3479826	0,3708655	0,6021734	0,6654696	0,1804806	0,1988617	0,1925390	0,5626216	0,9081528	0,7243718	0,3883022	0,6873206	0,2083174	0,8355910	0,2582478
960	0,7308306	0,3008116	0,3516854	0,5886528	0,6197290	0,1671820	0,2292351	0,2312357	0,6051621	0,9411444	0,7373505	0,3703797	0,6654156	0,2230710	0,8881973	0,2809560
980	0,6488566	0,3177870	0,3719019	0,5998519	0,6912994	0,1766956	0,2511329	0,2199079	0,6013514	0,9389758	0,7289902	0,3556702	0,7095082	0,2149019	0,8984260	0,2737137
1000	0,6908708	0,3060979	0,3300588	0,6153578	0,6898455	0,1745676	0,2586611	0,2360388	0,6033854	0,9494514	0,7314443	0,3529423	0,7250902	0,1882239	0,8899921	0,2469833
1020	0,6964603	0,3232649	0,3076045	0,5753053	0,6948857	0,1982924	0,2590306	0,2135785	0,6373261	0,9506871	0,7583053	0,3248386	0,7503238	0,1488999	0,8966372	0,2347874
1040	0,6833439	0,3038843	0,3723998	0,5717065	0,6739202	0,1912915	0,2563759	0,1945220	0,6101281	0,8958959	0,7719358	0,3206839	0,7478842	0,1491396	0,8279121	0,2427505
1060	0,7265911	0,2649346	0,3753389	0,5677940	0,6950763	0,1873192	0,2404025	0,1906132	0,5623335	0,8532215	0,8115484	0,3187217	0,8107678	0,1910933	0,7503377	0,2338551
1080	0,7028996	0,2899767	0,3711744	0,6100913	0,6971600	0,1849041	0,2585232	0,1722433	0,5981221	0,8959581	0,7803023	0,3012329	0,7934868	0,1942518	0,7971289	0,2587716
1100	0,6944314	0,3249309	0,3488780	0,5281249	0,7323435	0,2176405	0,2264996	0,1736516	0,6077167	0,9539888	0,7392027	0,3151617	0,7489885	0,1799144	0,7953931	0,2740771

0	0,7081478	0,3190892	0,3726016	0,5738924	0,6608471	0,1615315	0,1952059	0,2017575	0,5682986	0,8925857	0,7770426	0,3591222	0,7936145	0,2199795	0,9712504	0,2517356
20	0,7758518	0,3292753	0,3645426	0,5462490	0,7019137	0,2984204	0,2245942	0,1966442	0,6418214	0,8967445	0,7610614	0,3841553	0,8072816	0,2105452	0,7957017	0,2288556
40	0,8087992	0,3198942	0,3697758	0,5275870	0,7347788	0,4735059	0,2771778	0,3510138	0,6765945	0,8217868	0,6996313	0,3027595	0,8361106	0,2534926	0,7468057	0,2193951
60	0,8598935	0,3227335	0,3359026	0,5438183	0,6995802	0,6833577	0,3494865	0,4332102	0,7494813	0,8115061	0,7969885	0,2461850	0,8645944	0,2577232	0,7133062	0,2460104
80	0,8049231	0,2894855	0,3559805	0,6123273	0,6719144	0,7313701	0,4024344	0,5478712	0,7981781	0,8396422	0,7674848	0,2095953	0,8442871	0,2632841	0,6846899	0,2376705
100	0,7766038	0,3066653	0,3547769	0,5716792	0,6787437	0,7719416	0,4839082	0,6135193	0,7639892	0,8503178	0,7670162	0,1743838	0,8470038	0,2925007	0,6978148	0,2564514
120	0,7756462	0,2965612	0,3516158	0,5370550	0,6197775	0,9067339	0,4958371	0,5961315	0,7920033	0,8775915	0,7551404	0,1626563	0,8290828	0,3104292	0,8543317	0,2704090
140	0,7497561	0,3036593	0,3347579	0,5185052	0,6444892	0,8932345	0,5063693	0,6704783	0,8121065	0,8999551	0,7741375	0,1435767	0,8277982	0,3243924	0,8496561	0,2851325
160	0,7978619	0,3071923	0,3761785	0,4939833	0,6068725	0,8816612	0,5204898	0,8146818	0,7927173	0,8721682	0,7607199	0,1159279	0,8313797	0,3222711	0,8899605	0,2717877
180	0,8813144	0,2918167	0,3767710	0,5774248	0,6459055	1,0014956	0,5459951	0,8040010	0,7417864	0,8551165	0,7224994	0,1103418	0,8699090	0,3435201	0,9033200	0,2557368
200	0,8122959	0,2767876	0,3326292	0,5559602	0,6342742	1,0279454	0,5177787	0,8106358	0,7949722	0,9085638	0,7564575	0,1050321	0,8311649	0,3580601	0,8843067	0,2345014
220	0,8421063	0,2912318	0,3681199	0,5656357	0,6186039	0,9815193	0,4895501	0,7948701	0,8750994	0,9272498	0,7327231	0,0741762	0,7764917	0,3520335	0,7955085	0,2419342
240	0,8434364	0,2967897	0,3884311	0,5365159	0,5978549	0,9636763	0,5095291	0,7694900	0,8535260	0,9152238	0,7670434	0,0580311	0,7017009	0,3298259	0,8212876	0,2363120
260	0,8089623	0,3084403	0,3014168	0,5257148	0,6520113	0,9769042	0,5194228	0,7580617	0,8429492	0,9360489	0,8408590	0,0581174	0,7301875	0,3077494	0,8122693	0,2291629
280	0,8220584	0,2980938	0,2964135	0,5329801	0,6862334	0,8696848	0,5364185	0,7644450	0,7387251	0,9456850	0,7994418	0,0532933	0,6895995	0,3173506	0,7676355	0,2306102
300	0,7487721	0,2516119	0,3628846	0,5191835	0,7332046	0,9325602	0,5229922	0,8464605	0,7518896	0,9164374	0,7972855	0,0802165	0,6864786	0,3204827	0,8092165	0,2328102
320	0,7824811	0,2708940	0,3663002	0,5244955	0,6443562	0,9206621	0,5837866	0,8913416	0,7606993	0,9827065	0,7832461	0,0960454	0,7438450	0,3383525	0,8183589	0,2408003
340	0,8356833	0,2892996	0,3592314	0,4977643	0,6898749	0,9756332	0,6052550	0,9311276	0,7813237	0,9746108	0,6698523	0,0864451	0,7165518	0,3300691	0,8480974	0,2579273
360	0,8986955	0,2846959	0,3065850	0,4407925	0,6986885	0,9711466	0,6622692	0,9454109	0,7878126	0,9757002	0,7079155	0,0816189	0,6850044	0,4022714	0,9032504	0,2469696
380	0,8863585	0,2897614	0,3608993	0,4889555	0,6962073	0,9420595	0,6087714	0,9146800	0,7839343	0,9644610	0,7338153	0,0856331	0,7218898	0,3657405	0,8644636	0,2429722
400	0,8644763	0,2791566	0,3599902	0,5003455	0,6827896	1,0486101	0,6040856	0,8729787	0,7693953	0,9454371	0,7557759	0,0814492	0,7081559	0,3339081	0,7603279	0,2690251
420	0,8189817	0,2571007	0,3304396	0,4671128	0,6546058	1,0451337	0,5925594	0,8769609	0,7820758	0,9115456	0,7575022	0,0716846	0,7250240	0,3446311	0,7752672	0,2412379
440	0,8099156	0,2660326	0,3246204	0,5219352	0,7324994	1,0401951	0,5542164	0,8391328	0,7930508	0,9672227	0,7817555	0,0690931	0,7473493	0,3632411	0,8505201	0,2893637
460	0,8114499	0,2481511	0,2770313	0,5256514	0,7247179	0,9548999	0,5690123	0,8492832	0,7590007	0,9620905	0,7752867	0,0777633	0,7322852	0,3714028	0,8779301	0,2814612
480	0,7690248	0,2387262	0,3221252	0,4738265	0,7332155	0,9815669	0,5735749	0,9510957	0,7707028	0,9015066	0,7052626	0,0750025	0,6944249	0,3898915	0,8646682	0,2956513
500	0,7482628	0,2753520	0,3705364	0,4574469	0,6841739	0,9217347	0,5350225	0,9317711	0,8095788	0,9272490	0,6713566	0,1028465	0,7123599	0,3954957	0,8867783	0,2738722
520	0,7311616	0,2558986	0,3172329	0,4867659	0,6808834	0,9228530	0,5784139	0,9474767	0,7837603	0,9466811	0,6649899	0,1158075	0,7106841	0,4320538	0,8721634	0,2571960
540	0,7209190	0,2624531	0,3563106	0,4818443	0,6926319	0,8836963	0,5671313	0,9361935	0,7786155	0,9919123	0,6776570	0,0849973	0,7555826	0,3855115	0,7815712	0,2702865
560	0,8137725	0,2715238	0,3315370	0,4701424	0,6589162	0,8999446	0,5906085	0,8895987	0,8302838	0,9476326	0,7086961	0,0891785	0,7841008	0,3781706	0,7925049	0,2664851
580	0,7346002	0,2604067	0,3906301	0,4671307	0,6369887	0,8262849	0,5337753	0,7834196	0,7864530	1,0113231	0,6738810	0,1079168	0,7232088	0,3897323	0,7910620	0,2624986
600	0,7105831	0,2748468	0,3430477	0,4760299	0,6655637	0,6381764	0,5018743	0,6222843	0,6881624	1,0132039	0,7719463	0,1396750	0,6999180	0,3391996	0,7951378	0,2451862
620	0,6823850	0,2989326	0,3580422	0,5320250	0,6998888	0,4483653	0,4452206	0,4997120	0,6915229	0,9704678	0,7207948	0,1972958	0,7242640	0,2510982	0,7864844	0,2701109
640	0,7581681	0,3367560	0,3235733	0,5102444	0,7276945	0,3720139	0,3828305	0,3713948	0,6155157	0,9297639	0,7423010	0,2378535	0,7016550	0,2343260	0,8052442	0,2502028
660	0,7014634	0,3360268	0,3119650	0,5135030	0,7632780	0,2571947	0,3291784	0,3107112	0,5708031	0,9141459	0,8069355	0,2838616	0,6930445	0,2468911	0,8575358	0,2527069
680	0,8035052	0,3508075	0,3335836	0,5167011	0,6895068	0,2383434	0,3107867	0,1840807	0,5932909	0,8953047	0,7905884	0,2948161	0,7280252	0,1995586	0,8181765	0,2474245
700	0,7346054	0,3730448	0,3694525	0,4795451	0,6652868	0,2507463	0,2709368	0,1790445	0,5516362	0,8989454	0,7226712	0,3468361	0,7755175	0,1979599	0,7950953	0,2797816
720	0,6847894	0,3750457	0,3579790	0,4670260	0,6570311	0,2511607	0,2208347	0,1458290	0,5850942	0,9176025	0,6876390	0,2969100	0,7932455	0,1856762	0,7320763	0,2824492
740	0,6383134	0,3573642	0,3667611	0,4285349	0,6976285	0,2146899	0,1937576	0,1512022	0,5772557	0,9092762	0,6916624	0,3219408	0,7643613	0,1762711	0,7933593	0,2701107
760	0,6948815	0,3549802	0,4000587	0,4561356	0,6903547	0,2041187	0,2019642	0,1840823	0,5745700	0,9745534	0,6982952	0,3286287	0,8046390	0,1762448	0,7973228	0,2666050
780	0,7542020	0,3253978	0,3391360	0,4465065	0,6992217	0,2192974	0,2186422	0,2119576	0,5394508	0,9494145	0,7839248	0,3386396	0,7959838	0,1889225	0,9000113	0,2493000
800	0,7146335	0,3255660	0,3611833	0,4568572	0,7361734	0,2431729	0,2373352	0,1895714	0,5340075	0,9501842	0,8383265	0,3351919	0,8233566	0,1774428	0,8847472	0,2989117
820	0,7612661	0,3372450	0,4012324	0,4772117	0,7453463	0,2531277	0,2328463	0,1870890	0,6074030	0,8776246	0,8635883	0,3148790	0,8010435	0,2174000	0,8817138	0,2951635
840	0,7582514	0,3728864	0,3547800	0,5251601	0,7289082	0,2570580	0,2686139	0,1623756	0,6191368	0,8863782	0,8631930	0,2849572	0,7382463	0,1958651	0,8072482	0,2685964
860	0,7318949	0,3812153	0,3532175	0,5119066	0,7265961	0,2886919	0,3242539	0,2093251	0,6390450	0,9147785	0,7908471	0,2958995	0,6784484	0,1902294	0,7871398	0,2552276
880	0,6917845	0,3657196	0,3552044	0,5754018	0,7200795	0,2312617	0,3370388	0,2125936	0,6270327	0,9359832	0,7845745	0,3234306	0,6751645	0,2075668	0,7891519	0,3064264
900	0,6568306	0,4233819	0,3540161	0,5846903	0,7722096	0,2203847	0,3339917	0,2110759	0,6116107	0,8989884	0,7630893	0,3130549	0,6201015	0,2351075	0,7975437	0,3352477
920	0,6120891	0,4021664	0,3515640	0,5871428	0,8075487	0,2534827	0,3164749	0,2219064	0,6231344	0,9099858	0,7072050	0,3271000	0,6303759	0,1954351	0,8636533	0,3349976
940	0,6247836	0,4502437	0,3888743	0,5867694	0,7215400	0,2552430	0,2702815	0,2220097	0,5767912	0,9450460	0,7222388	0,3275013	0,6466148	0,2251697	0,8051338	0,3365609
960	0,5973902	0,4454573	0,3438495	0,5780238	0,6939973	0,2331837	0,2482988	0,2336648	0,5879663	0,9521654	0,7593439	0,3098901	0,6838415	0,2286519	0,8032293	0,2887399
980	0,6654136	0,4061433	0,3574175	0,6404783	0,7049964	0,2279492	0,2585527	0,2244577	0,6047030	0,9187817	0,8420422	0,2643437	0,7440623	0,2237892	0,8989125	0,2722170
1000	0,6932223	0,4032817	0,3082587	0,6788040	0,6723345	0,2554431	0,2433398	0,2034515	0,5950575	0,8880221	0,8149479	0,2540182	0,6873551	0,2221868	0,9106150	0,2769825
1020	0,7375097	0,3897319	0,2850299	0,6953551	0,6985957	0,2196815	0,1951364	0,1884929	0,5610675	0,8755245	0,8370884	0,3346990	0,7065265	0,1964868	0,8618384	0,2831760
1040	0,7425983	0,3642430	0,3646455	0,6798907	0,6783109	0,2267590	0,2044886	0,1341582	0,5861960	0,8826667	0,8232880	0,3640804	0,7545256	0,1748064	0,8610595	0,2753607
1060	0,6910715	0,3393130	0,3363678	0,5878258	0,6199555	0,1862949	0,1801543	0,1890128	0,5827629	0,9066822	0,7593248	0,4026196	0,7858858	0,1931435	0,7974337	0,2559039
1080	0,7639882	0,3549436	0,3434372	0,5716433	0,6634446	0,1592498	0,2054292	0,1796653	0,6055521	0,9774221	0,7611094	0,4054076	0,7934124	0,2043536	0,8196670	0,2539495
1100	0,7603750	0,3316628	0,3913272	0,5877345	0,6338294	0,1591572	0,2052817	0,1792772	0,5904531	0,9567688	0,7639866	0,4131000	0,8315522	0,2006698	0,8046652	0,2817608

0	0,7081478	0,3190892	0,3726016	0,5738924	0,6608471	0,1615315	0,1952059	0,2017575	0,5682986	0,8925857	0,7770426	0,3591222	0,7936145	0,2199795	0,9712504	0,2517356
20	0,7773402	0,3770672	0,3384483	0,5452577	0,6880381	0,1846387	0,2022423	0,2209263	0,5428158	0,8787953	0,7442847	0,4282503	0,7435417	0,1988772	0,7991593	0,2750919
40	0,7543151	0,3295529	0,2913451	0,5112990	0,7041357	0,2027318	0,2537537	0,1688637	0,5758978	0,9420153	0,7116566	0,4022611	0,7516460	0,3029629	0,6684356	0,2561983
60	0,7941891	0,2776626	0,2586101	0,4635518	0,6868313	0,2226405	0,2958575	0,1281127	0,5957578	0,8887870	0,7333414	0,4308537	0,7022945	0,4697119	0,5436144	0,2670723
80	0,7530071	0,2365059	0,2248149	0,4634603	0,6492775	0,2151993	0,3315603	0,1172453	0,6023346	0,8874534	0,7193062	0,4443074	0,7453340	0,5747665	0,4666664	0,2786259
100	0,7781488	0,1820900	0,2237235	0,4680639	0,6464465	0,1908288	0,3796182	0,1129362	0,4799676	0,9053292	0,7580366	0,5000243	0,8223566	0,6104201	0,4391578	0,2409610
120	0,7662728	0,1429053	0,2252690	0,4180225	0,6222026	0,1752430	0,4329865	0,0931471	0,4765719	0,8262381	0,7535242	0,5391929	0,8280554	0,6546865	0,3385333	0,2101219
140	0,7545632	0,1458764	0,2033102	0,3840078	0,6304326	0,1415083	0,4435563	0,1005080	0,4567939	0,8017268	0,7435185	0,5627042	0,8335152	0,6639279	0,3037933	0,1794047
160	0,8352910	0,1296002	0,2218297	0,3563854	0,6358065	0,1312378	0,4436584	0,0767407	0,4313400	0,7725406	0,7503312	0,5840956	0,8106452	0,6931999	0,3020187	0,1839685
180	0,8835023	0,1163588	0,2621981	0,2982984	0,6038340	0,1353922	0,5173716	0,0601577	0,4208683	0,7269552	0,7633734	0,5859338	0,8361843	0,7189347	0,2955062	0,2037611
200	0,8613024	0,0943252	0,2132705	0,3199545	0,6512462	0,1219145	0,5006729	0,0688888	0,4043342	0,7229196	0,8131897	0,5946812	0,8424589	0,7875758	0,3271326	0,1859521
220	0,8288915	0,0825850	0,2147275	0,2657731	0,6290152	0,1322502	0,4410762	0,0712680	0,4287167	0,7976274	0,7407031	0,5346838	0,8259146	0,7700029	0,3392242	0,1760444
240	0,8702884	0,0790064	0,2510434	0,2580270	0,6418195	0,0982869	0,4405601	0,0634172	0,3916814	0,7914399	0,7800805	0,5989034	0,7895803	0,8224768	0,3613557	0,1496065
260	0,8344038	0,0545042	0,2651933	0,3262890	0,6809582	0,1188597	0,4304568	0,0758200	0,3674879	0,8398439	0,8880594	0,5510337	0,8179180	0,8472882	0,3614769	0,1634841
280	0,9000697	0,0621259	0,2490170	0,3259703	0,6832979	0,1055139	0,4281432	0,1002913	0,3888970	0,8503802	0,8554443	0,5285017	0,8231193	0,8274746	0,3443403	0,1768154
300	0,8513146	0,0634824	0,2503916	0,3089954	0,7157628	0,1215382	0,4519563	0,0984023	0,3824269	0,8710742	0,7645172	0,5703575	0,8152908	0,8901891	0,3050698	0,1824162
320	0,8376544	0,0639487	0,2661919	0,3694299	0,6854230	0,1291171	0,4437740	0,1016128	0,3910886	0,8448264	0,7029508	0,5100056	0,8158499	0,8610702	0,2884711	0,1982465
340	0,8131534	0,0535331	0,2508641	0,3704105	0,6818478	0,1315563	0,4518090	0,0884931	0,4260820	0,8098915	0,7043766	0,5149116	0,8116869	0,7557569	0,2798154	0,1845707
360	0,8054913	0,0520740	0,2519173	0,3344080	0,6587124	0,1153959	0,4614806	0,1060459	0,3964871	0,7998809	0,7650523	0,5262824	0,8045625	0,6962024	0,2762929	0,1612219
380	0,8520739	0,0453584	0,2802632	0,3343115	0,6596481	0,1163270	0,4931085	0,0790276	0,4077986	0,8166236	0,6281874	0,5437467	0,8336640	0,7586126	0,2837680	0,1503675
400	0,8226331	0,0397296	0,2304611	0,3710868	0,6402382	0,1453799	0,4885255	0,0773259	0,3967555	0,8344380	0,6031581	0,5634390	0,8798302	0,7748157	0,2602321	0,1633870
420	0,8265269	0,0452579	0,2839885	0,3587760	0,6569746	0,1111746	0,4152161	0,0963079	0,4077567	0,8838566	0,6425974	0,5291148	0,8424141	0,8370781	0,2780246	0,1551126
440	0,8152946	0,0606053	0,2722615	0,3741600	0,6281676	0,1306149	0,4423852	0,1226329	0,4707876	0,9309746	0,6755829	0,5397205	0,8290322	0,8241289	0,2870590	0,1648177
460	0,8807425	0,0635913	0,2358695	0,3659759	0,6574232	0,1248906	0,4367488	0,1129868	0,4464236	0,9510778	0,6606599	0,5691371	0,7666136	0,7789814	0,2729689	0,1742709
480	0,8871487	0,0606828	0,2032515	0,3428469	0,6510945	0,1258969	0,4364765	0,1016147	0,4432839	0,9391754	0,6907773	0,5796582	0,7565476	0,8430006	0,2964039	0,1810878
500	0,9454746	0,0493647	0,2600132	0,3460713	0,6590007	0,1199711	0,4775892	0,1119529	0,4238366	0,9527492	0,7531655	0,5547367	0,8021842	0,8428052	0,2650465	0,1786260
520	0,8863950	0,0482751	0,2644650	0,3187566	0,6685339	0,1034279	0,4734698	0,1138670	0,4036025	0,8806602	0,7841742	0,5365159	0,8369480	0,8316819	0,2711245	0,1815709
540	0,8707096	0,0473981	0,2191692	0,3061927	0,6677478	0,1543546	0,5000229	0,1056318	0,3887423	0,8378631	0,7587993	0,4634188	0,7957162	0,8296785	0,2115498	0,1527792
560	0,8671792	0,0454769	0,2644257	0,2952862	0,7196680	0,1558520	0,5361848	0,1040881	0,4341343	0,8813782	0,7818851	0,4416531	0,8722704	0,7988951	0,2491150	0,1496154
580	0,8657524	0,0641671	0,3649002	0,3508851	0,6753864	0,1452996	0,4481527	0,1105062	0,4298923	0,8373580	0,7654398	0,4711007	0,9040781	0,7614496	0,3830797	0,1873129
600	0,9296978	0,0945901	0,4542274	0,3551890	0,6498181	0,1399098	0,4365926	0,1500949	0,5079282	0,8455261	0,7782631	0,4015911	0,8622203	0,6600391	0,5398812	0,2207365
620	0,8798392	0,1387080	0,3866929	0,3751923	0,6632065	0,1516590	0,4134131	0,1506919	0,5350242	0,8589030	0,8145355	0,3645340	0,8394339	0,5712675	0,6475757	0,2280975
640	0,7778528	0,1510536	0,3471396	0,4015112	0,7097574	0,1493271	0,3928476	0,1591013	0,5357660	0,9082910	0,8297782	0,3483343	0,8171488	0,4647649	0,7771540	0,2438010
660	0,8591822	0,1708610	0,3408716	0,4101932	0,6936933	0,1498694	0,3979690	0,1919828	0,6039970	0,9360520	0,7692383	0,3110436	0,8450910	0,3803976	0,7898531	0,2311978
680	0,8026277	0,2127840	0,4068269	0,4352802	0,7268185	0,2210670	0,3577187	0,1808572	0,5659284	0,9703161	0,8259272	0,3380942	0,7991318	0,3249546	0,8345563	0,2566554
700	0,7828821	0,2588103	0,3536376	0,4059705	0,7038663	0,2026311	0,3708415	0,1834390	0,5479449	0,9802525	0,7919933	0,3398620	0,8031599	0,3018752	0,8546639	0,2772559
720	0,7880549	0,2515825	0,3393173	0,4632954	0,7937697	0,2125535	0,3666567	0,1988249	0,5805274	0,9565410	0,7858486	0,3348002	0,8055462	0,2856833	0,8290335	0,2732088
740	0,7423609	0,2618958	0,2787272	0,4563163	0,6999371	0,2208652	0,3215120	0,1413307	0,6098582	0,9810554	0,7494912	0,3211946	0,7923875	0,2369518	0,8724305	0,2878261
760	0,7395004	0,2512432	0,3580328	0,4699277	0,6949535	0,2394327	0,3097743	0,1732617	0,6149426	1,0304763	0,7050891	0,3218183	0,8054820	0,2309422	0,9241990	0,2979793
780	0,6880302	0,2519952	0,3622907	0,4863580	0,7403626	0,2414185	0,2720824	0,1739429	0,5700375	1,0506975	0,7323357	0,3137824	0,7828701	0,1861423	0,8938949	0,2905072
800	0,6182273	0,3129320	0,3656091	0,5033492	0,7057100	0,2598242	0,3073392	0,1981447	0,5892769	1,0101532	0,6793640	0,3022759	0,7732524	0,1729154	0,9022704	0,3020573
820	0,6054202	0,3347083	0,3286902	0,5674846	0,6871827	0,2324609	0,2682223	0,1503313	0,5728718	1,0197191	0,7173633	0,3000421	0,7863163	0,1811451	0,7716883	0,3167627
840	0,6190769	0,3172171	0,3608358	0,6007929	0,6610424	0,2081328	0,2633065	0,1513373	0,6548360	1,0143133	0,7225666	0,2936092	0,8275596	0,1683789	0,7958741	0,3013090
860	0,6274630	0,2935720	0,3658167	0,6039551	0,7095095	0,2200186	0,2809114	0,1560204	0,6472579	0,9765014	0,8006256	0,2906136	0,8455652	0,2038969	0,8852386	0,2820566
880	0,7111431	0,2853732	0,2973554	0,6271187	0,7215968	0,2109314	0,2695327	0,1799907	0,5812434	0,9408777	0,8023744	0,2862445	0,8057468	0,1861785	0,8478928	0,2861965
900	0,6727842	0,2705390	0,3244159	0,6254745	0,6663112	0,2030444	0,2990864	0,1583975	0,6221924	0,9314797	0,7956984	0,2903735	0,7974235	0,2118005	0,8176844	0,2674442
920	0,6857206	0,2752407	0,4188580	0,6057385	0,7052605	0,2121606	0,3068833	0,1668048	0,5883496	0,9468514	0,7911536	0,3129896	0,7926452	0,1953605	0,8239833	0,2538224
940	0,7152459	0,2844345	0,3571247	0,6142544	0,7169946	0,2076381	0,3276944	0,1966697	0,6020572	1,0555742	0,7773923	0,2874532	0,7103999	0,1697979	0,8035532	0,2654340
960	0,6874317	0,2769734	0,3657769	0,6687289	0,7042371	0,2601520	0,2911738	0,2266944	0,5888121	0,9823572	0,7366855	0,2868196	0,6840584	0,1821296	0,7722631	0,2604894
980	0,7396484	0,2974973	0,3473700	0,6523332	0,6672048	0,2594482	0,2837573	0,2098484	0,5625785	0,9790858	0,7237760	0,2945780	0,6260436	0,1717918	0,7999514	0,2430054
1000	0,7666239	0,3153991	0,3184091	0,6911205	0,6755062	0,2441189	0,2475073	0,2079564	0,5696706	0,9765448	0,7135550	0,2659327	0,6586340	0,2086010	0,8993588	0,2614843
1020	0,7065231	0,3174231	0,2904651	0,7020235	0,7246903	0,2325145	0,2507361	0,2165315	0,5504534	0,9766031	0,7380091	0,2623379	0,6563398	0,2019878	0,7594897	0,2747497
1040	0,7236718	0,3055146	0,3702827	0,7741630	0,6804977	0,1740534	0,2554680	0,1837879	0,5853742	0,9617473	0,7857308	0,3009889	0,6673247	0,1792452	0,7807115	0,2866425
1060	0,7289674	0,2964229	0,3678167	0,7680704	0,6725931	0,1847604	0,2288991	0,2178064	0,5855643	0,9107807	0,7568747	0,3103643	0,6852117	0,1766762	0,8387261	0,2843825
1080	0,7348444	0,2943356	0,3214039	0,7500752	0,6792653	0,1918411	0,2350570	0,2325287	0,6014311	0,9374321	0,7064590	0,2986540	0,7108199	0,2145219	0,8217683	0,2646044
1100	0,7600151	0,3093016	0,3252023	0,7208696	0,6880708	0,1824183	0,2257154	0,2016044	0,6328159	0,9259288	0,7673390	0,3053897	0,7255643	0,1971680	0,9136409	0,2681113

0	0,7081478	0,3190892	0,3726016	0,5738924	0,6608471	0,1615315	0,1952059	0,2017575	0,5682986	0,8925857	0,7770426	0,3591222	0,7936145	0,2199795	0,9712504	0,2517356
20	0,6310380	0,3602920	0,2955460	0,5615110	0,7509327	0,2336987	0,2116212	0,1801933	0,5646799	0,9151672	0,7688850	0,2835325	0,8894592	0,2576661	0,9356479	0,2797527
40	0,5733898	0,3575343	0,2588390	0,5692414	0,7175301	0,1943671	0,2590514	0,1538882	0,5860058	0,9698917	0,7790178	0,2139845	0,8101928	0,2600652	0,9240843	0,2726576
60	0,6171395	0,3191756	0,3270404	0,5429478	0,7322803	0,2293823	0,2673631	0,1284386	0,5852246	0,9381825	0,7689507	0,1640137	0,8563518	0,2008009	0,8556966	0,3088365
80	0,6835938	0,2823243	0,2907895	0,5191051	0,7092740	0,2480628	0,3798297	0,1423498	0,5827267	0,9693344	0,7872052	0,1349019	0,8670113	0,1628375	0,9156329	0,3307220
100	0,6636583	0,3073467	0,2784093	0,4715308	0,7364159	0,2104214	0,4373912	0,1370711	0,6242046	0,9176448	0,8111560	0,1229596	0,8189198	0,1689348	0,9180189	0,4142415
120	0,5654820	0,2741717	0,3063587	0,4985414	0,7518551	0,2222355	0,4547622	0,1324842	0,6127497	0,9880238	0,8022052	0,1038201	0,8077671	0,1555628	0,9572808	0,3982729
140	0,5503037	0,2939180	0,4059122	0,4581128	0,7610650	0,2068162	0,4851935	0,1450218	0,6410982	0,9226026	0,7617856	0,0910083	0,7994166	0,1735163	0,8942158	0,4738311
160	0,5998986	0,3132278	0,3215660	0,4982006	0,7628720	0,2115992	0,5213110	0,1756211	0,6923512	0,9245508	0,7815122	0,0730545	0,8083870	0,1698706	0,8676885	0,4859576
180	0,5683528	0,3371846	0,3041428	0,4989549	0,7866792	0,2279730	0,5217851	0,1679511	0,7607912	0,9821413	0,8174591	0,0587054	0,8142093	0,1703813	0,9291088	0,4069370
200	0,5810440	0,3065149	0,2764843	0,4812527	0,7494002	0,2286716	0,5781954	0,1655049	0,7325708	0,9345436	0,7874908	0,0414559	0,7887856	0,1726167	0,9368743	0,3923560
220	0,5949194	0,2854738	0,3023504	0,4746214	0,7405816	0,2217732	0,5373893	0,1680636	0,7033078	0,9129824	0,8407086	0,0392022	0,7811506	0,1741408	0,9445177	0,4068094
240	0,6500985	0,2732645	0,3054825	0,5022214	0,7449895	0,2178110	0,5279417	0,1681503	0,7752128	1,0052969	0,8259439	0,0480820	0,8006330	0,1896553	0,9432505	0,4025911
260	0,6783456	0,2706768	0,2921436	0,4971401	0,6995982	0,1925512	0,5389867	0,1775894	0,7487742	1,0032042	0,7810218	0,0307427	0,8546002	0,1658636	0,9190915	0,3926788
280	0,7198277	0,2584771	0,3276075	0,4496807	0,6780159	0,2028808	0,5237304	0,1519874	0,7514160	0,9820890	0,7778190	0,0244094	0,8730577	0,1480248	0,9140626	0,4041734
300	0,6924842	0,2567327	0,3060537	0,5025835	0,7075638	0,1980523	0,4959664	0,1445388	0,7213404	1,0525590	0,7719742	0,0305520	0,8232945	0,1517242	0,9218859	0,3517717
320	0,6714542	0,2573635	0,3032493	0,4738889	0,7115353	0,2166094	0,5364921	0,1562629	0,7293411	1,0397909	0,7943537	0,0332225	0,7866924	0,1704144	0,8700727	0,3866619
340	0,6889651	0,2735198	0,2815291	0,4201038	0,6967451	0,2172021	0,4802648	0,1427009	0,7096113	0,9448351	0,7820130	0,0335217	0,8171507	0,1468059	0,8276325	0,4603869
360	0,6579171	0,2449991	0,2988229	0,4187397	0,6614048	0,2037812	0,5110482	0,1471206	0,7946985	0,9158658	0,7866895	0,0430785	0,7699040	0,1264281	0,8307713	0,4447667
380	0,6604891	0,2190514	0,2794973	0,4034067	0,6638197	0,2094725	0,5261641	0,1241472	0,7622053	0,9107136	0,7582063	0,0411024	0,8112678	0,1330884	0,8776611	0,4471690
400	0,6882647	0,2532615	0,2948094	0,4140185	0,6731698	0,1779065	0,5947039	0,1279976	0,7064317	0,9693469	0,7722407	0,0360757	0,7995870	0,1463646	0,8070968	0,4363808
420	0,6785969	0,2423918	0,2723365	0,4058269	0,6781024	0,1482930	0,5904640	0,1510597	0,6839164	1,0465033	0,7477501	0,0367612	0,7788584	0,1447115	0,8090539	0,4289640
440	0,7046316	0,2463622	0,3288141	0,4480084	0,6420178	0,1395171	0,6190731	0,1568124	0,6431907	1,0063791	0,7278595	0,0443728	0,8001557	0,1437803	0,8224709	0,4559986
460	0,7077390	0,2178740	0,2633246	0,4651439	0,6564058	0,1276075	0,6028042	0,1697091	0,6267776	1,0558215	0,6997804	0,0367229	0,8135390	0,1360554	0,7964859	0,4781610
480	0,6541407	0,2194523	0,2487564	0,4535480	0,5576961	0,1266582	0,5843766	0,1653409	0,6288697	1,0575513	0,6681627	0,0320457	0,8413128	0,1288646	0,8591351	0,5143931
500	0,6810809	0,2111172	0,3157366	0,4700827	0,5791934	0,1368949	0,5571296	0,1401117	0,6419783	1,0075936	0,7249383	0,0300943	0,8120945	0,1381639	0,8492081	0,5157997
520	0,7636764	0,2559676	0,2892563	0,4677943	0,6054791	0,1313485	0,4710935	0,1446499	0,6834968	0,9456856	0,7010308	0,0335956	0,7787428	0,1523669	0,9443627	0,5303083
540	0,7045014	0,2454964	0,3071745	0,4334149	0,6176023	0,1408354	0,4646136	0,1395271	0,6713521	0,9448255	0,6766535	0,0313892	0,8397329	0,1493835	0,8689373	0,5255428
560	0,6871073	0,2697429	0,2744063	0,4612673	0,6660518	0,1151505	0,4398140	0,1460458	0,6665389	0,8667414	0,6367193	0,0310634	0,7722633	0,1423496	0,7972954	0,5143422
580	0,7461389	0,2581493	0,3075427	0,4513839	0,6727397	0,1140975	0,3556124	0,1502140	0,6709351	0,8493576	0,6486404	0,0685324	0,8178032	0,1596362	0,8246789	0,4689724
600	0,6254988	0,2559766	0,3456848	0,4568849	0,6402431	0,1304162	0,3544366	0,1666455	0,6719801	0,8621612	0,6655946	0,1061725	0,7678145	0,1439190	0,8487787	0,4269100
620	0,6123515	0,2514861	0,3486473	0,4625815	0,6561842	0,1606623	0,3093791	0,1647942	0,6037739	0,8559198	0,6679279	0,1812811	0,7183193	0,1782297	0,8768350	0,3381084
640	0,6736133	0,2546369	0,3624209	0,4770242	0,6772434	0,1511771	0,3215670	0,1576161	0,5630798	0,8702233	0,6715740	0,2313544	0,7401499	0,1368524	0,8675651	0,3091798
660	0,7168571	0,2649804	0,4008260	0,4989043	0,6582577	0,2154237	0,3254381	0,1554335	0,6315248	0,9276232	0,7589340	0,2709004	0,7353887	0,1658947	0,8572543	0,3417062
680	0,7678634	0,2842541	0,3637992	0,5168391	0,6790909	0,2065551	0,3262744	0,2205411	0,5690453	0,9132035	0,8125347	0,3024564	0,7199725	0,1453625	0,8439061	0,3325665
700	0,7498309	0,3351268	0,3471256	0,5398977	0,7173073	0,2096640	0,2686705	0,2036260	0,5854939	0,9248875	0,8070754	0,3123721	0,7139071	0,1298234	0,8356392	0,3295886
720	0,7853320	0,3578599	0,3531542	0,5731294	0,7248874	0,2271757	0,2594456	0,2016657	0,5778138	0,8782241	0,7577767	0,3252266	0,7467754	0,1351130	0,8905861	0,3208714
740	0,8346459	0,3405704	0,3103765	0,6128475	0,6657083	0,2268959	0,2671877	0,1864195	0,5211401	0,9222593	0,8426893	0,3299707	0,7957129	0,1129394	0,9028246	0,2820067
760	0,7965196	0,3355361	0,3477718	0,5955357	0,6465872	0,2142591	0,2668088	0,1734671	0,5378589	0,9086772	0,8291996	0,2935435	0,7580961	0,1234910	0,8747299	0,2955815
780	0,7790084	0,3565464	0,3674151	0,5568075	0,6409712	0,2112386	0,2628152	0,2147367	0,5273710	0,8975504	0,8428800	0,2959889	0,7337462	0,1421800	0,8526074	0,2849724
800	0,7831299	0,3609621	0,3645267	0,5447896	0,6688343	0,1756839	0,2781174	0,1757054	0,5576404	0,8820599	0,7450542	0,2401572	0,7703409	0,1457120	0,8222687	0,2960688
820	0,7255693	0,3882313	0,3566437	0,6022432	0,6625113	0,1723686	0,2438551	0,1785753	0,5492321	0,9350419	0,7751811	0,2254749	0,7071109	0,1265497	0,8641914	0,2628161
840	0,7404873	0,3710102	0,3699140	0,6793875	0,7159531	0,1695216	0,2553324	0,2042710	0,5654496	1,0114545	0,7526763	0,2457860	0,7132329	0,1883960	0,8149628	0,2656536
860	0,7184537	0,3655660	0,3798079	0,6367059	0,7202349	0,1931175	0,2257670	0,2179448	0,5599017	1,0019618	0,7260488	0,3101358	0,7206597	0,1624118	0,8205962	0,2629264
880	0,6531809	0,4059996	0,3738746	0,6229509	0,7325398	0,1728644	0,2193749	0,2193883	0,5112411	0,9570665	0,7167124	0,3346171	0,7170448	0,2086120	0,7750479	0,2626059
900	0,6864218	0,4070850	0,3215146	0,6523471	0,7266969	0,2037586	0,2152303	0,1733946	0,4965149	0,9803055	0,7374847	0,3391187	0,6767784	0,2251296	0,8228050	0,2640812
920	0,6734347	0,3715880	0,3445360	0,6555868	0,7289585	0,2104773	0,2417976	0,1375397	0,5069007	0,9638847	0,7082828	0,3726777	0,7284596	0,2181929	0,8498721	0,2662455
940	0,6646946	0,3746111	0,3752186	0,5970760	0,6846733	0,2375616	0,2632576	0,1428841	0,5766496	0,9736556	0,7116849	0,3449525	0,8266747	0,2324796	0,9029269	0,2767157
960	0,6143065	0,3424521	0,3245552	0,5692267	0,6905416	0,2415529	0,2789095	0,1367822	0,6036730	0,9477719	0,6762694	0,3117826	0,8484401	0,2086443	0,9299841	0,2813646
980	0,5738398	0,3280136	0,2975336	0,6170494	0,6975338	0,2232447	0,2608625	0,1162082	0,5984750	0,9008715	0,6729503	0,3439533	0,7896257	0,1836486	0,9558208	0,2450557
1000	0,6039985	0,3482147	0,3363465	0,5979713	0,7293706	0,2085935	0,2526948	0,1158609	0,5691137	0,9109336	0,7103956	0,3423980	0,7367310	0,1754635	0,8728043	0,2488794
1020	0,6322196	0,3135209	0,3328171	0,6109633	0,7242478	0,2074189	0,2295925	0,1342110	0,5953470	0,8586580	0,6752502	0,3388013	0,7958130	0,1608630	0,8463555	0,2389114
1040	0,6743265	0,3520518	0,3063841	0,6315143	0,7237669	0,2135591	0,2220853	0,1669415	0,5968314	0,8997208	0,7099305	0,3709789	0,7813342	0,1310755	0,8891887	0,2094633
1060	0,6911709	0,2882147	0,3211069	0,5660937	0,6971843	0,1877567	0,1801609	0,1491420	0,5550646	0,9014529	0,6772260	0,3657480	0,7506232	0,1316116	0,8262254	0,2268539
1080	0,7511500	0,2674487	0,3904976	0,5896281	0,7186911	0,1893833	0,2013224	0,1484129	0,5493678	0,9175914	0,6059766	0,3628043	0,7536683	0,1543363	0,8552840	0,2186080
1100	0,7103936	0,2819858	0,3761320	0,6229360	0,7029813	0,1979578	0,1964225	0,1363166	0,5194571	0,8379968	0,6515488	0,3660411	0,7242073	0,1864779	0,7823804	0,2281309

0	0,7081478	0,3190892	0,3726016	0,5738924	0,6608471	0,1615315	0,1952059	0,2017575	0,5682986	0,8925857	0,7770426	0,3591222	0,7936145	0,2199795	0,9712504	0,2517356
20	0,7501083	0,3809193	0,3771086	0,5550086	0,6457450	0,2828189	0,2163418	0,1613813	0,5264660	0,9362271	0,6962915	0,3051997	0,8146455	0,2135574	0,7984153	0,2654028
40	0,7524302	0,3447475	0,3668311	0,5778152	0,6407457	0,5203916	0,2630510	0,1513538	0,5520761	0,9282173	0,7206535	0,3222672	0,7666858	0,2225366	0,8219644	0,3681317
60	0,7087535	0,3591454	0,3392746	0,6268672	0,6532985	0,5935879	0,3652023	0,1489624	0,5791053	0,9373683	0,7767184	0,3477128	0,6567255	0,2103768	0,8147685	0,4209521
80	0,7145060	0,4001331	0,3664408	0,6102684	0,6903486	0,7419681	0,4330107	0,1759976	0,5904332	0,9563888	0,7210445	0,3597839	0,6540013	0,2367514	0,8398335	0,4504188
100	0,7182183	0,3793211	0,3177320	0,6843542	0,6479684	0,8765982	0,4704509	0,1967675	0,5963630	0,9251642	0,7029914	0,3396346	0,6290329	0,2175631	0,8147746	0,5123697
120	0,7022422	0,3826457	0,3061159	0,6636364	0,6711382	0,8498015	0,5067396	0,1887772	0,5872937	0,9227117	0,7271421	0,3753665	0,6145570	0,2178789	0,8061467	0,5998962
140	0,7283998	0,3273850	0,3269565	0,6791975	0,7103898	0,8366259	0,5324109	0,1476113	0,5444565	0,9553137	0,7023817	0,4105260	0,5598488	0,1839454	0,8591582	0,6342294
160	0,6957638	0,3207449	0,2953778	0,6379396	0,7450250	1,0519792	0,5859804	0,1490454	0,5802726	0,9773595	0,6428122	0,4465146	0,5513179	0,1929587	0,8247595	0,6065196
180	0,7377826	0,3255591	0,3639175	0,6539349	0,6880810	1,0597519	0,6732417	0,1205968	0,5835514	0,9612023	0,7398975	0,4508946	0,5105443	0,1854409	0,8566834	0,5886260
200	0,6919562	0,2878578	0,3878079	0,6641342	0,6683140	1,0570487	0,7157833	0,1512067	0,6147065	0,9309564	0,7260677	0,3903778	0,5429525	0,1770532	0,8961845	0,6578547
220	0,7034736	0,2886734	0,3852250	0,6943585	0,6119982	1,0028077	0,7231489	0,1463585	0,5827963	0,9181366	0,7069303	0,3855059	0,5291922	0,1837945	0,8662775	0,6502283
240	0,6769241	0,3249302	0,4061209	0,7046458	0,6346995	0,9828886	0,7736397	0,1962787	0,5603710	0,9096320	0,7574745	0,3616447	0,5229945	0,2115954	0,7472507	0,6693273
260	0,7300330	0,3717275	0,3727076	0,7216967	0,6621701	0,9459752	0,7143049	0,1826974	0,6461586	0,9042694	0,8330135	0,3112227	0,5443033	0,2385917	0,8010543	0,6999126
280	0,6697709	0,3142422	0,3448933	0,7095481	0,7217324	0,9055730	0,7422938	0,1534956	0,6541838	0,9347934	0,8541422	0,3019818	0,5184856	0,2277043	0,8507189	0,7399183
300	0,6866857	0,3382681	0,3153030	0,7031074	0,6470081	0,9223835	0,7363615	0,1703457	0,6130264	0,9178292	0,7847880	0,3324618	0,5334040	0,2154215	0,8291379	0,7358909
320	0,7048865	0,3423715	0,3588593	0,6892468	0,6862128	0,8972265	0,7354028	0,1749065	0,6239063	0,9101972	0,7675152	0,3366634	0,5103320	0,1984376	0,8781212	0,7637864
340	0,7432485	0,2969568	0,3497420	0,6741380	0,6868680	0,9214563	0,8356747	0,1807928	0,6471471	0,9111517	0,7736875	0,3859011	0,4874320	0,1750258	0,8545232	0,7510442
360	0,7563393	0,2782524	0,3714187	0,6268968	0,6798370	0,8964487	0,8041192	0,1829711	0,5923563	0,8959325	0,7635334	0,4306559	0,4763503	0,1756411	0,9314787	0,7485294
380	0,6865045	0,2799699	0,3252757	0,6899191	0,7009891	0,9145227	0,7939892	0,1908963	0,5619864	0,9228227	0,7765289	0,3997039	0,4805776	0,1609051	0,8844363	0,7243657
400	0,7213035	0,2696062	0,3831989	0,7323464	0,7141867	0,8991671	0,8135939	0,2150131	0,5659178	0,8739353	0,7641485	0,3854415	0,4439345	0,1326294	0,9147413	0,7097860
420	0,6779936	0,2905698	0,3506428	0,6964642	0,7448712	0,8317258	0,8085848	0,2125696	0,5439138	0,9219239	0,7606939	0,3741669	0,4792304	0,1696887	0,9120320	0,8016744
440	0,7742896	0,2939580	0,4114418	0,6368685	0,6814754	0,8378826	0,7972310	0,1760983	0,5242916	0,9277151	0,7710464	0,3420686	0,4733869	0,1449205	0,8642731	0,7840875
460	0,6974330	0,2477275	0,3298834	0,6800744	0,6851387	0,8803082	0,7317800	0,1733944	0,5264221	1,0011691	0,8229991	0,3383966	0,4615377	0,1655100	0,8445621	0,8041698
480	0,7078206	0,2860387	0,3111781	0,6223534	0,6250637	0,8202035	0,7155282	0,1491074	0,5539634	0,9884297	0,8098226	0,3632267	0,4757345	0,1821696	0,8170187	0,8274297
500	0,7035656	0,3161476	0,3574332	0,6752690	0,6268581	0,8552695	0,6865786	0,1656579	0,5961133	0,8951499	0,7219354	0,3396344	0,4669538	0,2038012	0,8451409	0,8330691
520	0,6641518	0,3433196	0,3098743	0,6636555	0,6601980	0,8702908	0,6554863	0,1941620	0,5610847	0,9037224	0,7153555	0,3240926	0,5150559	0,1872622	0,8875987	0,8814824
540	0,7115824	0,3634615	0,2858696	0,6757343	0,6527221	0,7836158	0,6316350	0,1648839	0,4864923	0,9538607	0,8014840	0,3111287	0,5274627	0,1726248	0,9717086	0,8514064
560	0,7151177	0,3208830	0,3434053	0,6495928	0,6546517	0,8211717	0,6232937	0,1789945	0,5105430	0,9178263	0,7219970	0,3395479	0,5436288	0,1579509	0,9829664	0,8561319
580	0,7235484	0,3071939	0,3714992	0,6364484	0,7264462	0,7298055	0,6374278	0,1606610	0,5727561	0,9474417	0,7319135	0,3187642	0,5800415	0,1629317	0,8533345	0,7927050
600	0,6564037	0,3049743	0,3396786	0,6525637	0,6955712	0,5902021	0,5656770	0,1681180	0,6094465	0,9637554	0,7823068	0,3155088	0,5881627	0,1818063	0,7860244	0,6758195
620	0,6484958	0,3287084	0,3396477	0,6556580	0,6943298	0,4972477	0,5281453	0,2090038	0,5898494	0,9675062	0,7792759	0,3080837	0,6644511	0,1954304	0,8584811	0,5745631
640	0,6206141	0,3536917	0,3700755	0,6534466	0,7224856	0,3524666	0,4348875	0,1881686	0,5746920	0,8994731	0,7457537	0,2978321	0,6315084	0,2342843	0,8429831	0,5110251
660	0,6902355	0,3941717	0,3278783	0,6382564	0,7008902	0,3159517	0,3561771	0,1796151	0,5844173	0,8582737	0,7493446	0,2951530	0,6263154	0,2085757	0,8941434	0,4661881
680	0,6528499	0,3920631	0,3505927	0,6553565	0,6443989	0,2939224	0,3404105	0,1749387	0,6836340	0,9074468	0,7804600	0,2763050	0,6246023	0,1991162	0,9432658	0,4516069
700	0,6879711	0,3833833	0,3912062	0,6592612	0,6447305	0,2489498	0,3055110	0,1596364	0,6242462	0,9209321	0,8065058	0,2895593	0,7139660	0,2125199	0,9551012	0,3933071
720	0,6642569	0,4030620	0,3096720	0,7214940	0,6110953	0,2451270	0,2671464	0,1736632	0,6046235	0,8804237	0,8579326	0,3073282	0,7457847	0,1929577	0,9725816	0,3492838
740	0,7415482	0,3600309	0,3221735	0,7136945	0,6302752	0,1776454	0,2411115	0,1661731	0,6009158	0,8509017	0,7873281	0,3042045	0,7724144	0,1930364	0,9114447	0,2999396
760	0,6912757	0,3492554	0,3217786	0,7073249	0,5999360	0,1684656	0,2072482	0,1781784	0,5976858	0,9025873	0,7891456	0,3130904	0,8154326	0,2159848	0,8457685	0,2539433
780	0,7081841	0,3349985	0,3544493	0,6092932	0,5879079	0,1857326	0,1701496	0,1627714	0,5903598	0,9130413	0,7620937	0,3305555	0,7754453	0,1954868	0,8955685	0,2458506
800	0,6654976	0,3633862	0,3574604	0,6010397	0,6157237	0,1728812	0,1522470	0,1759226	0,5363960	0,8851550	0,7775455	0,3285931	0,7254429	0,1905058	0,9134655	0,2558043
820	0,7057714	0,3592901	0,3688328	0,6500917	0,6602975	0,1665023	0,1446491	0,1801908	0,5221395	0,8887439	0,7588943	0,3502800	0,7077449	0,2134225	0,8089291	0,2572272
840	0,6942137	0,3553598	0,3219406	0,6298735	0,7032197	0,1492977	0,1762308	0,2106044	0,4927983	0,9268572	0,8024220	0,3333232	0,7092437	0,2260870	0,7916154	0,2313134
860	0,7529935	0,3198804	0,3150277	0,5916349	0,6470813	0,1590701	0,1940765	0,2093805	0,5166060	0,9198644	0,7553681	0,3158860	0,7406032	0,2180626	0,8274437	0,2457166
880	0,7153963	0,3176106	0,3785264	0,5390398	0,6335071	0,1604565	0,1742606	0,1819113	0,5097605	0,9421080	0,7454353	0,3152990	0,7792064	0,2269114	0,8089815	0,2769915
900	0,6575656	0,3196378	0,3916210	0,5795788	0,6064245	0,1497367	0,1780504	0,1531676	0,5229672	0,8828570	0,7822014	0,3143997	0,7695215	0,1921439	0,7444841	0,2567459
920	0,6667300	0,3130137	0,3349846	0,5743206	0,6869459	0,1625055	0,1637545	0,1556107	0,5581976	0,8522713	0,7664552	0,2632210	0,7858626	0,2149907	0,8038842	0,2616133
940	0,6906917	0,3047461	0,3180115	0,5910873	0,7456009	0,1644970	0,1900225	0,1305220	0,5722999	0,8612733	0,7796462	0,2810401	0,7712656	0,2236607	0,7952114	0,2676497
960	0,7234914	0,3226878	0,3518676	0,6196274	0,6850246	0,1956704	0,1977470	0,1710989	0,5544476	0,7842533	0,7585800	0,3359114	0,7618051	0,1924955	0,7588148	0,2819428
980	0,6800545	0,3246346	0,3459859	0,6083830	0,7587310	0,2406544	0,1915957	0,1678907	0,5526768	0,7909608	0,7804644	0,3145066	0,7109763	0,1962302	0,7108641	0,2722103
1000	0,6351637	0,3281018	0,3498411	0,6192727	0,7171976	0,2714889	0,1962658	0,1628817	0,5947190	0,8215027	0,7326436	0,2874391	0,7077286	0,1316112	0,8173493	0,2916132
1020	0,6108022	0,3224074	0,3259534	0,6671125	0,6972546	0,2401376	0,2217182	0,1623555	0,5924066	0,7918771	0,7476475	0,2881481	0,7406394	0,1215208	0,8199638	0,2820830
1040	0,5880245	0,2824508	0,3639082	0,7251168	0,6875307	0,2188585	0,2084806	0,1829120	0,6086342	0,7676227	0,7487235	0,2947017	0,7193548	0,1362365	0,8205536	0,2717666
1060	0,6878910	0,2981407	0,3463019	0,7041018	0,7111028	0,2115149	0,2043946	0,1524837	0,6141378	0,7984859	0,7904908	0,2826580	0,7429009	0,1371549	0,8332457	0,2594088
1080	0,6445798	0,3003851	0,3317220	0,7420102	0,7089705	0,2381397	0,2306915	0,1837421	0,6730934	0,9311326	0,8876703	0,3313567	0,8259387	0,1769546	0,8471038	0,2935682
1100	0,6826575	0,3112761	0,3286870	0,7006749	0,6346420	0,2270279	0,2298486	0,2062323	0,6386882	0,9692877	0,8158612	0,3065026	0,8412680	0,1579686	0,8199103	0,3027435

0	0,7081478	0,3190892	0,3726016	0,5738924	0,6608471	0,1615315	0,1952059	0,2017575	0,5682986	0,8925857	0,7770426	0,3591222	0,7936145	0,2199795	0,9712504	0,2517356
20	0,6475896	0,3477483	0,3130926	0,7004781	0,6981941	0,3137004	0,2627245	0,2003613	0,6133106	0,9550328	0,6874426	0,3147140	0,7354425	0,2928704	0,8603079	0,2415959
40	0,5873730	0,3082377	0,3492580	0,7006513	0,7557774	0,3753709	0,2367840	0,1738859	0,5600697	0,9634095	0,6756704	0,3029064	0,7967522	0,3734473	0,9123437	0,2794532
60	0,5375687	0,2539695	0,3185624	0,7769029	0,8378240	0,4884189	0,2769070	0,1803844	0,5479002	0,9792010	0,6260708	0,3150814	0,7991287	0,4530643	0,8905268	0,3792264
80	0,4970234	0,2397168	0,3492278	0,7219528	0,9166966	0,5041117	0,2525859	0,1619663	0,5980930	1,0039009	0,6329011	0,3215114	0,8156393	0,6216207	0,9126082	0,3893190
100	0,5076544	0,2026022	0,3697717	0,6874579	0,9588965	0,5596196	0,2411545	0,1307298	0,6339266	0,9582439	0,6544575	0,3252530	0,7109290	0,6779831	0,8759301	0,4564242
120	0,5145286	0,1705384	0,3453773	0,6439628	0,9273281	0,5389946	0,2738519	0,1694245	0,6540244	0,8849560	0,7212569	0,3150002	0,6599772	0,6440724	0,7940028	0,4954767
140	0,4541851	0,1788392	0,3076814	0,6282714	0,9591832	0,5909338	0,2987540	0,1955716	0,6353897	0,9130043	0,7805675	0,3302739	0,6907861	0,7082748	0,8334890	0,5097662
160	0,4482525	0,1570227	0,3472779	0,6500924	0,9840884	0,6349209	0,3314251	0,2055594	0,6294840	0,9116287	0,8489303	0,3121726	0,6886630	0,7272462	0,9290040	0,5067291
180	0,4494648	0,1385578	0,3729269	0,6184145	0,9662635	0,7568808	0,3529933	0,1883878	0,5800774	0,9492145	0,8137394	0,3165721	0,6541289	0,7491098	0,9823842	0,5484706
200	0,4903611	0,1132802	0,3505632	0,5723751	0,9388613	0,7177550	0,3259758	0,1596291	0,6203140	0,9599201	0,8214428	0,3061719	0,6579571	0,7508442	0,8972444	0,5548832
220	0,4339882	0,1252917	0,3656404	0,5807588	0,9939637	0,7846591	0,3374533	0,1884108	0,6246677	0,9632423	0,7656348	0,3217861	0,7304024	0,8227354	0,8451545	0,5198841
240	0,4692481	0,1299520	0,3084032	0,6293907	1,0182971	0,8249492	0,3421761	0,2108258	0,6855361	1,0077964	0,7695355	0,3132059	0,7491216	0,8053588	0,8016930	0,5602009
260	0,5193598	0,1187463	0,3056377	0,6462010	0,9987770	0,7594277	0,2915154	0,1940523	0,6648716	0,9294696	0,8048269	0,3539050	0,7544661	0,7779570	0,7907432	0,5429911
280	0,5305606	0,1164383	0,3093549	0,6068102	1,0617788	0,6826668	0,2959177	0,2099228	0,6880464	0,9181440	0,7363321	0,3693461	0,7776511	0,7710259	0,7697322	0,5597961
300	0,4780501	0,1102175	0,3388128	0,5851055	0,9732891	0,7160858	0,3476087	0,1726870	0,6793887	0,9677733	0,7179540	0,3986856	0,7567842	0,6865559	0,7999663	0,5223664
320	0,5050397	0,0917818	0,3752684	0,6148753	1,0216534	0,7747136	0,3679214	0,1635720	0,6647958	1,0339688	0,6966196	0,4138372	0,8028677	0,6538520	0,8209305	0,5052015
340	0,5013736	0,0827702	0,3704358	0,5829010	0,9631434	0,7164204	0,3383631	0,2186131	0,6615948	1,0019153	0,7156204	0,3940219	0,7723096	0,7435288	0,8797647	0,4793012
360	0,5463758	0,0971209	0,3330607	0,6168604	0,9905196	0,7415634	0,3808657	0,2458313	0,6871056	0,9828694	0,7072266	0,3619568	0,7033373	0,7559267	0,7664784	0,5043926
380	0,4997143	0,1159244	0,3890794	0,6383093	1,0167234	0,7245238	0,3820346	0,2570538	0,7462846	0,9677036	0,7037570	0,3755047	0,6990508	0,8656431	0,8537184	0,5304100
400	0,5537385	0,1053339	0,3444955	0,7011940	1,0417059	0,7568797	0,4486321	0,2571524	0,7784844	0,9678101	0,7038496	0,3463685	0,7059169	0,7740195	0,8809485	0,5032895
420	0,4884760	0,0977395	0,3444209	0,6532950	0,9945853	0,7782782	0,4469705	0,2794004	0,7456684	0,9557004	0,7039331	0,3141396	0,7436240	0,7508278	0,8425431	0,4812700
440	0,5235262	0,1087364	0,3765166	0,5641629	1,0151331	0,7452415	0,3790922	0,2216312	0,7694485	0,9645687	0,7255659	0,3243078	0,7594365	0,6780673	0,8740377	0,4893899
460	0,5110918	0,1051568	0,3552983	0,5610314	0,9734293	0,7064683	0,4089693	0,2062867	0,8161900	0,9488233	0,6738385	0,3325471	0,7892246	0,7332394	0,8907233	0,5013296
480	0,5365032	0,1102999	0,3069042	0,6503082	0,9557044	0,7034102	0,3969991	0,2084614	0,8018467	0,9539229	0,6123070	0,2836787	0,7015662	0,8082810	0,9168868	0,5150748
500	0,5055606	0,1011463	0,3140797	0,6601130	0,9870934	0,6414880	0,3807482	0,1941624	0,7847151	0,9583397	0,6883674	0,2921534	0,7199779	0,7695848	0,9414834	0,5081695
520	0,4489629	0,1113257	0,3267215	0,6365737	1,0338771	0,6318626	0,3669494	0,2122038	0,7766671	0,9477427	0,7165773	0,3234308	0,7331301	0,7769097	1,0145343	0,4554342
540	0,4643222	0,1076955	0,3519822	0,6318731	1,0079459	0,7406285	0,3584160	0,1941168	0,7274610	0,8990190	0,7049218	0,3462982	0,7096683	0,8222579	0,9784554	0,4376816
560	0,4219106	0,1052202	0,3433212	0,6743601	1,0184653	0,6879419	0,3385327	0,1769600	0,7669284	0,9422291	0,7467559	0,4073161	0,7060594	0,8516062	0,9773353	0,4441700
580	0,4790105	0,1249859	0,3511327	0,6915211	0,9990742	0,7701239	0,3240459	0,2411856	0,7997736	0,9745994	0,7551042	0,3926618	0,7011246	0,8338294	0,9938534	0,4452417
600	0,5105208	0,1790096	0,3511847	0,6517099	0,9400101	0,6199347	0,3565962	0,2263139	0,8148939	1,0205201	0,7195274	0,3831349	0,6859317	0,7272945	0,9486437	0,4294247
620	0,6174614	0,2088306	0,3511082	0,6692451	0,8563249	0,4756501	0,3750192	0,2221061	0,7489831	1,0241714	0,7176756	0,3154851	0,7019251	0,5761104	0,8443229	0,4016530
640	0,6943915	0,2539440	0,4235242	0,6935742	0,7672184	0,4048167	0,3474710	0,1950966	0,7436966	1,0116102	0,7304685	0,3546806	0,7028347	0,5012147	0,9280941	0,3691156
660	0,6891182	0,2651974	0,4089491	0,6947989	0,7393522	0,3649927	0,3901686	0,1572766	0,7572970	1,0135190	0,7400236	0,3620584	0,6529031	0,4936661	0,9573784	0,3827318
680	0,7299981	0,2655258	0,3707478	0,6869895	0,7338701	0,2393041	0,3382163	0,1882593	0,8106064	1,0345494	0,7520832	0,3723305	0,7238418	0,3981392	0,8226141	0,3797361
700	0,6729839	0,3245179	0,3496170	0,7580172	0,7652029	0,2168957	0,3569687	0,2251238	0,7751589	1,0235262	0,7392927	0,3184021	0,7471142	0,3556880	0,8757213	0,3655998
720	0,7378053	0,3409475	0,2839894	0,7270178	0,7094031	0,2391969	0,3449589	0,2257365	0,7070516	0,9652396	0,6869391	0,3428493	0,7781827	0,2661736	0,9212675	0,3541781
740	0,7552624	0,3502282	0,3402273	0,7513489	0,6662370	0,2554685	0,3411843	0,1739937	0,6661065	0,9067870	0,7248418	0,3413086	0,7576012	0,2512874	0,9121635	0,3263428
760	0,6926751	0,3601861	0,3222137	0,6938064	0,6797949	0,2251389	0,3229573	0,1781661	0,6516691	0,9668846	0,7428243	0,3013058	0,7208485	0,2248873	0,8648615	0,3079789
780	0,7280399	0,3547518	0,3562564	0,6413821	0,7082630	0,1814833	0,2642754	0,1699834	0,6010434	0,9094704	0,7426549	0,3766372	0,7330957	0,2178604	0,8582512	0,3032650
800	0,6868662	0,3913648	0,3679146	0,6359800	0,7303625	0,2239302	0,2298172	0,1456891	0,6662759	0,8978328	0,7326882	0,3351612	0,7085697	0,1991538	0,8202076	0,2850703
820	0,7180370	0,4155124	0,3839497	0,6309892	0,7849911	0,2335812	0,2441225	0,1437675	0,6416207	0,9555763	0,7283178	0,3280303	0,7421208	0,1521896	0,8186564	0,2712086
840	0,7500541	0,4446525	0,3922376	0,6548711	0,7995606	0,2346874	0,1948662	0,2063156	0,6506925	0,9886757	0,7103118	0,2890510	0,7569662	0,1396712	0,7946720	0,2690225
860	0,7206402	0,4630684	0,3576756	0,6461829	0,8247621	0,2921223	0,2331707	0,1828027	0,6477601	1,0609278	0,7785101	0,2828033	0,7253671	0,1759281	0,7397655	0,2816406
880	0,7150038	0,4408805	0,3195857	0,7026586	0,8331843	0,3089169	0,2550283	0,2072742	0,6713273	0,9812415	0,7331486	0,2889773	0,7365393	0,2056309	0,8112237	0,2946817
900	0,6957595	0,4430470	0,3390397	0,6501739	0,8532376	0,2524578	0,2528361	0,1929174	0,6444364	0,9759991	0,6852947	0,3029467	0,7643771	0,2025506	0,8738517	0,2886980
920	0,6430032	0,3920575	0,3404654	0,6245602	0,7989778	0,2584669	0,2591672	0,1991100	0,6054566	0,9805799	0,7419676	0,3713963	0,7909170	0,2019248	0,8869633	0,2713129
940	0,6482017	0,3569190	0,3607017	0,5780236	0,7762359	0,2823643	0,2773840	0,1592673	0,6356050	1,0138331	0,7650076	0,3623216	0,7587036	0,1685662	0,9232281	0,2886709
960	0,6498156	0,3241817	0,3093304	0,6008049	0,7219711	0,2601318	0,2442567	0,1203802	0,6794768	0,9875625	0,7755361	0,3596910	0,7791233	0,1633650	0,9554657	0,3040834
980	0,6444024	0,3085816	0,3078830	0,6335701	0,7220134	0,2385263	0,2497050	0,1148587	0,6435322	0,9632122	0,7484826	0,3593545	0,8402799	0,1579003	0,9742066	0,2695056
1000	0,6371097	0,2514290	0,3787489	0,6568525	0,6930123	0,1856709	0,2917094	0,1516949	0,6007237	0,9393912	0,8093243	0,3665813	0,7896551	0,1772794	0,9639088	0,2661615
1020	0,6544092	0,2932542	0,4252979	0,6064135	0,6725576	0,2113266	0,2619344	0,1739800	0,5723301	0,9486557	0,8784690	0,3489526	0,7666879	0,1900332	0,9409849	0,2342543
1040	0,6981377	0,3471916	0,3850328	0,6456071	0,6858953	0,1945674	0,2803897	0,1681872	0,5957192	0,9716657	0,8731142	0,3258860	0,7407391	0,1838133	0,9426998	0,2294828
1060	0,6936759	0,3663265	0,3305563	0,6251560	0,6656479	0,1781473	0,2687026	0,1529685	0,5917819	0,9233732	0,9405548	0,2888972	0,7040013	0,1869194	0,8448295	0,2436236
1080	0,6813511	0,3922809	0,3374031	0,6533408	0,6667613	0,2217689	0,2407603	0,1369615	0,6348138	0,9331911	0,8996673	0,3319029	0,7419438	0,1609380	0,8476019	0,2029573
1100	0,7593858	0,3907854	0,3069046	0,6399776	0,6236453	0,1892226	0,2360362	0,1580336	0,6369399	0,9326299	0,8102012	0,3508065	0,7833275	0,1408618	0,8008738	0,2121639

0	0,7081478	0,3190892	0,3726016	0,5738924	0,6608471	0,1615315	0,1952059	0,2017575	0,5682986	0,8925857	0,7770426	0,3591222	0,7936145	0,2199795	0,9712504	0,2517356
20	0,7013364	0,2941744	0,2797425	0,5680520	0,6947922	0,1965298	0,3133569	0,1581209	0,6286535	0,8964453	0,7785523	0,3116604	0,7853318	0,2077856	0,8115356	0,2362816
40	0,6528601	0,3012916	0,3232145	0,5594702	0,5808779	0,1751194	0,3760072	0,1728013	0,6884662	0,9419174	0,8495477	0,3180591	0,7611129	0,1470249	0,8450437	0,2778140
60	0,6652836	0,2875502	0,3821303	0,5488955	0,5716149	0,1227744	0,5001461	0,1607803	0,7822624	0,9176811	0,8389318	0,3654167	0,7482384	0,1449804	0,8280097	0,3256135
80	0,7015760	0,3279777	0,3718879	0,5704302	0,5869560	0,1169255	0,5723910	0,2042930	0,8209525	0,9622438	0,8824406	0,3708970	0,7729650	0,1518867	0,8845457	0,3749565
100	0,7421252	0,3669541	0,3666291	0,5690734	0,7001765	0,1530096	0,6643885	0,1673449	0,8153839	0,9501777	0,8845306	0,3517330	0,7770811	0,1754662	0,9242579	0,4185297
120	0,6490371	0,3721208	0,3308663	0,6251804	0,7135270	0,1749546	0,7755950	0,1918402	0,8346258	0,9323210	0,9464667	0,3555633	0,7783764	0,1769359	0,9372316	0,4890515
140	0,6541073	0,3919893	0,3935696	0,6243290	0,7260367	0,1905277	0,7739424	0,1931770	0,8099675	0,9767460	0,9787102	0,3601254	0,7953505	0,1718112	0,9206206	0,5052475
160	0,6645793	0,3820755	0,3536329	0,6064462	0,6915834	0,1895658	0,7829146	0,1988635	0,8018535	0,9727223	0,9798554	0,3418802	0,8243336	0,1898025	0,8601613	0,5436326
180	0,6839231	0,3482867	0,3214572	0,5984858	0,6515112	0,1726794	0,8779983	0,2154632	0,8594379	0,9361848	0,9797536	0,2772982	0,7679616	0,2219337	0,9133138	0,5480501
200	0,6842771	0,3669666	0,3063308	0,6075021	0,6257401	0,2174765	0,7978207	0,2051696	0,7849141	0,9578912	0,9693381	0,2949633	0,7846138	0,1821491	0,9495287	0,6348033
220	0,7511589	0,3631748	0,3429846	0,6098753	0,6504813	0,1912941	0,8062915	0,2164687	0,7520880	0,9455629	0,9752010	0,3174287	0,7956504	0,1586512	0,9072257	0,6901816
240	0,7561234	0,3358249	0,3280816	0,6530787	0,6308219	0,2061609	0,7857314	0,1918526	0,7379128	0,8764873	1,0036324	0,3029981	0,8028779	0,1499344	0,8901184	0,7291283
260	0,7917833	0,3385141	0,3176468	0,6365149	0,6754136	0,1873408	0,8176482	0,1618065	0,7714709	0,9046920	1,0815793	0,2683390	0,7456519	0,1321738	0,9187409	0,7179746
280	0,8039192	0,2922000	0,3269291	0,6021435	0,6716163	0,1380010	0,8057158	0,2135653	0,6581728	0,8924329	1,0135969	0,2996605	0,7191952	0,1427647	0,9603294	0,6920549
300	0,7779821	0,2872390	0,3620484	0,5930886	0,6516822	0,1388044	0,8075111	0,1820300	0,7428549	0,9088729	0,9195599	0,3288738	0,7614219	0,1330415	0,9517417	0,7060958
320	0,7550406	0,3388158	0,3419546	0,5880305	0,6356628	0,1193678	0,8678251	0,1933337	0,7924719	0,8965511	0,9152719	0,3658421	0,7683080	0,1316140	0,9443593	0,6570857
340	0,7483678	0,3356421	0,3381960	0,5654615	0,6608550	0,1840033	0,9142401	0,1921019	0,7818380	0,9563476	0,9428145	0,3471505	0,7549322	0,1570430	0,9501428	0,6306888
360	0,7818639	0,3075153	0,3643196	0,5903550	0,6327761	0,1619383	0,9072163	0,1699656	0,8080731	0,9768193	0,9489760	0,3742787	0,7628896	0,1702851	1,0014179	0,6558179
380	0,7745674	0,2910711	0,3436570	0,6005818	0,6278285	0,1868180	0,8905951	0,1789635	0,8300498	0,9619016	0,9025739	0,3581095	0,7404654	0,1647275	0,9361421	0,6331308
400	0,7410570	0,2952106	0,3695653	0,5843081	0,6169680	0,2162619	0,8885267	0,1632714	0,8653037	0,9296495	0,8806570	0,3356873	0,7509528	0,1922361	0,9411951	0,6315231
420	0,6925628	0,3268210	0,3961550	0,6377979	0,6040304	0,1835935	0,8577592	0,1639458	0,8216554	0,8967506	0,9241438	0,3372906	0,7304428	0,1596446	0,8313866	0,5965471
440	0,7159312	0,3394910	0,3587031	0,6505125	0,6344764	0,2126511	0,8908479	0,1560273	0,7881141	0,8853101	0,9656048	0,2910757	0,6694049	0,1428090	0,8544443	0,6334944
460	0,6882735	0,3602093	0,3402093	0,6605553	0,6699047	0,1860922	0,9400877	0,1489531	0,7602993	0,8726261	0,9371670	0,2756663	0,7075265	0,1582651	0,8111890	0,6457690
480	0,6450500	0,3520747	0,3323132	0,6554146	0,6915464	0,1611155	0,9772370	0,1612925	0,7485580	0,8972157	0,9758617	0,2848972	0,7327686	0,1404045	0,7498459	0,6333700
500	0,5801371	0,3965021	0,3477389	0,6446385	0,7223367	0,1589850	0,9302571	0,1574122	0,7596626	0,8697349	0,9237572	0,3060917	0,7869978	0,1526942	0,7897997	0,5882162
520	0,5966654	0,3637031	0,3781581	0,6213680	0,7703203	0,1861213	0,9139386	0,1492651	0,7819598	0,8365086	0,9249971	0,3208996	0,8057602	0,1801518	0,8487910	0,6056967
540	0,6803472	0,3330284	0,3592108	0,5962602	0,7278203	0,2221887	0,9940710	0,1828644	0,8149619	0,8513064	0,9296741	0,3520686	0,7605740	0,2042821	0,8589288	0,6299730
560	0,6750330	0,3273184	0,3721578	0,5917746	0,7277833	0,2861989	1,0208263	0,2005187	0,8663192	0,8111227	0,9720190	0,3339147	0,8127092	0,2140580	0,8947888	0,6322294
580	0,6790721	0,3489063	0,3261401	0,5726939	0,7354313	0,2311504	0,9306820	0,1988133	0,8271924	0,8706288	0,9107466	0,3074634	0,8282463	0,2023275	0,8193671	0,5811943
600	0,6619536	0,3644684	0,3245867	0,5786719	0,7335803	0,2041890	0,7661329	0,2106548	0,7258721	0,8727685	0,8448960	0,3161774	0,8075126	0,1558591	0,7763235	0,5099352
620	0,6678429	0,3509960	0,3484028	0,5720355	0,7350494	0,2099124	0,6283100	0,2016990	0,6683568	0,8579048	0,7777820	0,3363125	0,7591653	0,1964340	0,7905066	0,4264821
640	0,6140871	0,3462849	0,3490781	0,5304192	0,7110256	0,2164791	0,5017993	0,2151522	0,5818804	0,8920255	0,7399121	0,3444008	0,7267072	0,1814252	0,8472712	0,3929104
660	0,6689666	0,3480915	0,3737883	0,5724324	0,6997865	0,2424658	0,4304044	0,2076818	0,5559679	0,9022472	0,7464964	0,3860998	0,7445436	0,1798978	0,8170118	0,3377533
680	0,6518136	0,3375966	0,3393003	0,5741269	0,7302552	0,2417179	0,3596979	0,2141864	0,5695763	0,9155333	0,7106006	0,3976934	0,7664145	0,1692052	0,8095540	0,3309625
700	0,6183132	0,3351339	0,3798820	0,5824630	0,7710255	0,2526810	0,3599278	0,2236013	0,5958868	0,9935672	0,7938129	0,3844219	0,8147148	0,1703059	0,7034395	0,3208641
720	0,6411148	0,3563862	0,3468199	0,5829253	0,7539715	0,2882619	0,3153488	0,2239193	0,6015645	0,9833626	0,8065508	0,3748370	0,7733996	0,1962403	0,7494422	0,3234746
740	0,6368499	0,3855949	0,3399147	0,5859760	0,6830386	0,2443452	0,2961968	0,1967085	0,6188215	0,9611661	0,8383303	0,3662470	0,7902591	0,2128673	0,8416318	0,3205466
760	0,6635862	0,3573835	0,3551835	0,6237984	0,6672460	0,2194657	0,3044201	0,1713724	0,5663396	0,9008586	0,8482311	0,3269648	0,7893230	0,2171232	0,8095104	0,3198073
780	0,7401556	0,3719046	0,3431659	0,6021087	0,6696601	0,2645578	0,3011072	0,1754328	0,5673846	0,8528179	0,9001382	0,3456790	0,7569904	0,2019300	0,8450395	0,2678439
800	0,7571366	0,3541092	0,3225324	0,6177227	0,7612433	0,2701495	0,2763727	0,1598428	0,5782527	0,8898693	0,8199796	0,3204794	0,7332505	0,2169323	0,8876931	0,2745161
820	0,7357592	0,3529615	0,3550859	0,5658388	0,7036014	0,2139023	0,2956624	0,1771443	0,5891196	0,8665355	0,8290501	0,3172113	0,7024336	0,2185016	0,9101725	0,2542177
840	0,6911506	0,3719048	0,3979531	0,5474448	0,6512397	0,2348292	0,2735465	0,1980546	0,5755045	0,8805753	0,7966467	0,3366575	0,6853193	0,1954900	0,9126164	0,2602585
860	0,6748061	0,3806462	0,3436527	0,5429386	0,6622921	0,2220128	0,2926016	0,2160834	0,5997448	0,9045108	0,7112602	0,3450879	0,6836284	0,1917874	0,9186679	0,2676402
880	0,6246061	0,4060081	0,3134117	0,5766523	0,7342714	0,2559065	0,3105253	0,2256316	0,5617485	0,8318608	0,7289627	0,3481381	0,7223980	0,1942902	0,9135686	0,2514522
900	0,6077960	0,3643970	0,3107178	0,5139496	0,7639392	0,2264184	0,2992407	0,2051715	0,5748146	0,8560039	0,6934586	0,3406288	0,7012763	0,2078962	0,8768171	0,2414857
920	0,6623406	0,3939483	0,3421102	0,4806702	0,7217540	0,2212531	0,2971459	0,1646755	0,5897880	0,8367613	0,6956272	0,3479492	0,6848154	0,1820434	0,8903722	0,1973625
940	0,7302456	0,3498424	0,3448807	0,4944292	0,6900176	0,1932676	0,2716382	0,1920601	0,5944595	0,8838426	0,7029015	0,3485918	0,7173008	0,1766298	0,8807253	0,2308665
960	0,7271622	0,3114754	0,3313766	0,4635814	0,6871421	0,2170917	0,2614967	0,1891390	0,5559282	0,9004974	0,6727541	0,3562868	0,7529473	0,1723375	0,8909281	0,2332474
980	0,7137891	0,2777829	0,3675792	0,5035448	0,6573768	0,2222018	0,2507255	0,1654607	0,5488962	0,9265683	0,6902901	0,3920004	0,7272122	0,1923213	0,9086746	0,2106057
1000	0,6791263	0,2699167	0,3470948	0,5108131	0,6692787	0,1790570	0,2463530	0,1483111	0,5627429	0,9176575	0,7272577	0,3568135	0,7529866	0,1976734	0,9238343	0,1991022
1020	0,7495871	0,3087199	0,3813684	0,5117934	0,6526575	0,2162290	0,2444533	0,1511969	0,5398461	0,8523412	0,7182285	0,3053657	0,7357965	0,1824285	0,8386246	0,2370732
1040	0,7884823	0,3559073	0,3804050	0,5369589	0,6718400	0,2109426	0,2408151	0,1490759	0,4940393	0,8456726	0,7591260	0,2748182	0,7935076	0,1823188	0,8386210	0,2519676
1060	0,6581561	0,3717852	0,3147014	0,5237427	0,7084576	0,2050462	0,2556233	0,1396966	0,5194653	0,8942068	0,7218772	0,2718514	0,8015453	0,2052420	0,7783269	0,2690399
1080	0,6802384	0,3780488	0,3360631	0,4560433	0,7110809	0,1965155	0,2551886	0,1360820	0,5535068	0,9048331	0,6983782	0,2982536	0,7709621	0,2501303	0,7483080	0,2224951
1100	0,6708059	0,3673491	0,3383858	0,5073764	0,7150777	0,1965796	0,2408271	0,1812021	0,5433858	0,9046557	0,7082996	0,2563202	0,7525552	0,2107309	0,7447679	0,2432374
