"Time"	hns	cspA	bolA	stpA	bglJ	bglB	bglG	bglF	cspD	proW	gspB	yjjP	proV	gspO	mukE	yciE

0	0,7242162	1,0000000	0,0707800	0,2751226	0,6818358	0,1804332	0,8111890	0,6306389	0,8437538	0,5284770	0,1169379	0,5543549	0,3786652	0,4628384	0,6566494	0,4951037
20	0,5629782	1,0000000	0,0559501	0,2751274	0,4612956	0,0971054	0,8120679	0,7409701	0,8410400	0,5338175	0,0919811	0,5594277	0,3832038	0,3819421	0,6540838	0,4018274
40	0,4752592	1,0000000	0,0475020	0,2751765	0,4244742	0,0553366	0,8160516	0,7610558	0,8268451	0,5592394	0,0846419	0,5822983	0,4053205	0,3642932	0,6419928	0,3566893
60	0,4313937	1,0000000	0,0442372	0,2752952	0,4446129	0,0351342	0,8229480	0,7590359	0,7984813	0,6030291	0,0899017	0,6198295	0,4452536	0,3868904	0,6207970	0,3428703
80	0,4121961	1,0000000	0,0448844	0,2754981	0,4713130	0,0260995	0,8322231	0,7565905	0,7587197	0,6549508	0,1032955	0,6625954	0,4953312	0,4267880	0,5946637	0,3466846
100	0,4057781	1,0000000	0,0481093	0,2757777	0,4907237	0,0227036	0,8429743	0,7580265	0,7134492	0,7055271	0,1206270	0,7026723	0,5466730	0,4678275	0,5680651	0,3583681
120	0,4052524	1,0000000	0,0526270	0,2760985	0,5024917	0,0219714	0,8539124	0,7616160	0,6688966	0,7493028	0,1382791	0,7358198	0,5928533	0,5021612	0,5442570	0,3718886
140	0,4069526	1,0000000	0,0573969	0,2764114	0,5091067	0,0223241	0,8639767	0,7653388	0,6295135	0,7844132	0,1537782	0,7609341	0,6307686	0,5277906	0,5248817	0,3841383
160	0,4091192	1,0000000	0,0617432	0,2766752	0,5126968	0,0229752	0,8725967	0,7682551	0,5973965	0,8111342	0,1659800	0,7787399	0,6598830	0,5455626	0,5102478	0,3939310
180	0,4110293	1,0000000	0,0653427	0,2768704	0,5146009	0,0235829	0,8796134	0,7702160	0,5727750	0,8306988	0,1747919	0,7906988	0,6811152	0,5572337	0,4998494	0,4011477
200	0,4124734	1,0000000	0,0681281	0,2769973	0,5155831	0,0240380	0,8851180	0,7714034	0,5547956	0,8445959	0,1807143	0,7983580	0,6959665	0,5645568	0,4928351	0,4061535
220	0,4134674	1,0000000	0,0701768	0,2770687	0,5160675	0,0243373	0,8893191	0,7720627	0,5421725	0,8542252	0,1844493	0,8030483	0,7059952	0,5689599	0,4883181	0,4094578
240	0,4141048	1,0000000	0,0716256	0,2771010	0,5162883	0,0245149	0,8924591	0,7723988	0,5335940	0,8607596	0,1866659	0,8057931	0,7125620	0,5714931	0,4855331	0,4115457
260	0,4144890	1,0000000	0,0726190	0,2771093	0,5163746	0,0246100	0,8947688	0,7725536	0,5279225	0,8651157	0,1879000	0,8073217	0,7167447	0,5728803	0,4838886	0,4128118
280	0,4147066	1,0000000	0,0732834	0,2771049	0,5163967	0,0246549	0,8964470	0,7726152	0,5242604	0,8679765	0,1885372	0,8081244	0,7193421	0,5735951	0,4829610	0,4135484
300	0,4148214	1,0000000	0,0737191	0,2770955	0,5163917	0,0246720	0,8976554	0,7726335	0,5219432	0,8698321	0,1888336	0,8085142	0,7209172	0,5739338	0,4824643	0,4139585
320	0,4148766	1,0000000	0,0740003	0,2770854	0,5163779	0,0246752	0,8985197	0,7726347	0,5205020	0,8710239	0,1889485	0,8086819	0,7218515	0,5740738	0,4822151	0,4141756
340	0,4148994	1,0000000	0,0741799	0,2770766	0,5163637	0,0246727	0,8991351	0,7726310	0,5196184	0,8717837	0,1889751	0,8087384	0,7223943	0,5741163	0,4821011	0,4142834
360	0,4149061	1,0000000	0,0742936	0,2770699	0,5163520	0,0246685	0,8995720	0,7726273	0,5190824	0,8722658	0,1889644	0,8087444	0,7227037	0,5741162	0,4820565	0,4143324
380	0,4149056	1,0000000	0,0743654	0,2770653	0,5163436	0,0246645	0,8998817	0,7726251	0,5187597	0,8725711	0,1889423	0,8087316	0,7228770	0,5741011	0,4820448	0,4143516
400	0,4149025	1,0000000	0,0744108	0,2770623	0,5163380	0,0246615	0,9001012	0,7726244	0,5185661	0,8727645	0,1889203	0,8087146	0,7229729	0,5740838	0,4820467	0,4143569
420	0,4148992	1,0000000	0,0744396	0,2770606	0,5163344	0,0246593	0,9002568	0,7726245	0,5184496	0,8728874	0,1889025	0,8086997	0,7230254	0,5740692	0,4820528	0,4143564
440	0,4148964	1,0000000	0,0744580	0,2770596	0,5163324	0,0246580	0,9003672	0,7726252	0,5183792	0,8729658	0,1888898	0,8086884	0,7230542	0,5740584	0,4820591	0,4143541
460	0,4148943	1,0000000	0,0744699	0,2770592	0,5163312	0,0246571	0,9004457	0,7726259	0,5183360	0,8730163	0,1888814	0,8086807	0,7230701	0,5740513	0,4820641	0,4143518
480	0,4148929	1,0000000	0,0744777	0,2770591	0,5163306	0,0246567	0,9005015	0,7726266	0,5183092	0,8730489	0,1888762	0,8086758	0,7230791	0,5740468	0,4820677	0,4143500
500	0,4148920	1,0000000	0,0744828	0,2770591	0,5163304	0,0246565	0,9005412	0,7726272	0,5182923	0,8730702	0,1888731	0,8086729	0,7230843	0,5740441	0,4820699	0,4143488
520	0,4148915	1,0000000	0,0744863	0,2770592	0,5163303	0,0246564	0,9005696	0,7726275	0,5182813	0,8730842	0,1888714	0,8086713	0,7230876	0,5740427	0,4820713	0,4143480
540	0,4148912	1,0000000	0,0744886	0,2770593	0,5163303	0,0246563	0,9005898	0,7726278	0,5182742	0,8730934	0,1888706	0,8086705	0,7230896	0,5740420	0,4820720	0,4143476
560	0,4148910	1,0000000	0,0744902	0,2770594	0,5163303	0,0246563	0,9006043	0,7726279	0,5182694	0,8730996	0,1888702	0,8086701	0,7230910	0,5740417	0,4820724	0,4143473
580	0,5869631	1,0000000	0,0945566	0,2769148	0,8278328	0,1117167	0,9022033	0,6711812	0,5270518	0,8684747	0,2109985	0,8026057	0,7158670	0,7052722	0,4869983	0,5434175
600	0,6775206	1,0000000	0,1008643	0,2764447	0,9065306	0,1578047	0,9044372	0,6653193	0,5639233	0,8453051	0,2039987	0,7758567	0,6832473	0,7397723	0,5074548	0,5976763
620	0,7194987	1,0000000	0,0990882	0,2759392	0,8953957	0,1841616	0,9019372	0,6655657	0,6175791	0,8032776	0,1844888	0,7338296	0,6311349	0,7125263	0,5373914	0,6052348
640	0,7353020	1,0000000	0,0942448	0,2755551	0,8489969	0,1982092	0,8941130	0,6614629	0,6719860	0,7516278	0,1644901	0,6884695	0,5739444	0,6587498	0,5680294	0,5904648
660	0,7385770	1,0000000	0,0889183	0,2753084	0,7965014	0,2033770	0,8829269	0,6556894	0,7188106	0,7001293	0,1484038	0,6481821	0,5218966	0,6027977	0,5944015	0,5687318
680	0,7367770	1,0000000	0,0841801	0,2751687	0,7525995	0,2027269	0,8705809	0,6499969	0,7557193	0,6548997	0,1368182	0,6164387	0,4794121	0,5560747	0,6149018	0,5478046
700	0,7335634	1,0000000	0,0803581	0,2751003	0,7214683	0,1990859	0,8586548	0,6449288	0,7832741	0,6183589	0,1290017	0,5934184	0,4471128	0,5214394	0,6297697	0,5307191
720	0,7305085	1,0000000	0,0774498	0,2750741	0,7017769	0,1945629	0,8480381	0,6406383	0,8030764	0,5905368	0,1239719	0,5777594	0,4237898	0,4977265	0,6399944	0,5180369
740	0,7281331	1,0000000	0,0753243	0,2750705	0,6904554	0,1903744	0,8391084	0,6372070	0,8168925	0,5702836	0,1208644	0,5676734	0,4076207	0,4824701	0,6467169	0,5092331
760	0,7264837	1,0000000	0,0738179	0,2750770	0,6845531	0,1870209	0,8319159	0,6346539	0,8262979	0,5560587	0,1190194	0,5614993	0,3967901	0,4731852	0,6509590	0,5034409
780	0,7254295	1,0000000	0,0727761	0,2750866	0,6818435	0,1845737	0,8263217	0,6329019	0,8325664	0,5463581	0,1179700	0,5579102	0,3897526	0,4678411	0,6535312	0,4998063
800	0,7248031	1,0000000	0,0720699	0,2750959	0,6808511	0,1829061	0,8220934	0,6317966	0,8366676	0,5399041	0,1174020	0,5559399	0,3853044	0,4649513	0,6550279	0,4976262
820	0,7244578	1,0000000	0,0715988	0,2751035	0,6806862	0,1818328	0,8189713	0,6311578	0,8393081	0,5356981	0,1171133	0,5549312	0,3825638	0,4635067	0,6558609	0,4963773
840	0,7242840	1,0000000	0,0712885	0,2751091	0,6808563	0,1811778	0,8167080	0,6308235	0,8409853	0,5330035	0,1169789	0,5544626	0,3809149	0,4628632	0,6563011	0,4956970
860	0,7242073	1,0000000	0,0710860	0,2751129	0,6811145	0,1807992	0,8150905	0,6306705	0,8420392	0,5313001	0,1169248	0,5542781	0,3799444	0,4626326	0,6565192	0,4953477
880	0,7241813	1,0000000	0,0709547	0,2751153	0,6813528	0,1805934	0,8139461	0,6306153	0,8426962	0,5302338	0,1169094	0,5542304	0,3793844	0,4625945	0,6566178	0,4951817
900	0,7241789	1,0000000	0,0708696	0,2751167	0,6815362	0,1804899	0,8131419	0,6306074	0,8431037	0,5295701	0,1169103	0,5542402	0,3790667	0,4626320	0,6566563	0,4951115
920	0,7241856	1,0000000	0,0708146	0,2751175	0,6816629	0,1804435	0,8125788	0,6306183	0,8433563	0,5291577	0,1169167	0,5542680	0,3788888	0,4626884	0,6566667	0,4950877
940	0,7241943	1,0000000	0,0707788	0,2751179	0,6817435	0,1804266	0,8121850	0,6306338	0,8435130	0,5289006	0,1169234	0,5542962	0,3787898	0,4627398	0,6566659	0,4950841
960	0,7242019	1,0000000	0,0707555	0,2751180	0,6817912	0,1804236	0,8119093	0,6306480	0,8436108	0,5287394	0,1169289	0,5543187	0,3787347	0,4627787	0,6566617	0,4950877
980	0,7242076	1,0000000	0,0707401	0,2751180	0,6818173	0,1804262	0,8117158	0,6306588	0,8436724	0,5286372	0,1169328	0,5543344	0,3787036	0,4628052	0,6566574	0,4950927
1000	0,7242115	1,0000000	0,0707299	0,2751180	0,6818304	0,1804302	0,8115796	0,6306662	0,8437115	0,5285716	0,1169352	0,5543444	0,3786857	0,4628217	0,6566541	0,4950969
1020	0,7242139	1,0000000	0,0707231	0,2751179	0,6818362	0,1804340	0,8114833	0,6306709	0,8437366	0,5285290	0,1169367	0,5543503	0,3786750	0,4628313	0,6566519	0,4950998
1040	0,7242154	1,0000000	0,0707186	0,2751179	0,6818381	0,1804368	0,8114151	0,6306737	0,8437528	0,5285010	0,1169374	0,5543535	0,3786684	0,4628364	0,6566507	0,4951015
1060	0,7242161	1,0000000	0,0707155	0,2751178	0,6818382	0,1804388	0,8113665	0,6306752	0,8437635	0,5284823	0,1169378	0,5543551	0,3786641	0,4628388	0,6566501	0,4951024
1080	0,7242165	1,0000000	0,0707134	0,2751178	0,6818376	0,1804400	0,8113318	0,6306760	0,8437705	0,5284698	0,1169379	0,5543557	0,3786612	0,4628398	0,6566498	0,4951028
1100	0,7242167	1,0000000	0,0707119	0,2751178	0,6818369	0,1804407	0,8113071	0,6306763	0,8437752	0,5284614	0,1169380	0,5543559	0,3786593	0,4628400	0,6566497	0,4951029

0	0,7242162	1,0000000	0,0707800	0,2751226	0,6818358	0,1804332	0,8111890	0,6306389	0,8437538	0,5284770	0,1169379	0,5543549	0,3786652	0,4628384	0,6566494	0,4951037
20	0,7223151	0,5794293	0,0707585	0,2751185	0,6819039	0,1804341	0,8112116	0,6328530	0,8839397	0,5284856	0,1169428	0,5543743	0,3786781	0,4628700	0,6566401	0,4951176
40	0,7128491	0,3404984	0,0707793	0,2751174	0,6832076	0,1804765	0,8113829	0,6335319	0,9099947	0,5288994	0,1170443	0,5547666	0,3790272	0,4635110	0,6564424	0,4954178
60	0,6944363	0,2047591	0,0709412	0,2751199	0,6886468	0,1806968	0,8121644	0,6342633	0,9266989	0,5308658	0,1175058	0,5565378	0,3806595	0,4664046	0,6555376	0,4967978
80	0,6683512	0,1276441	0,0713862	0,2751279	0,7010894	0,1813419	0,8142143	0,6358200	0,9370445	0,5359229	0,1186693	0,5609290	0,3848424	0,4736044	0,6532600	0,5002816
100	0,6373243	0,0838342	0,0722621	0,2751438	0,7218771	0,1827260	0,8181495	0,6387013	0,9428979	0,5454430	0,1208553	0,5689267	0,3927398	0,4868153	0,6490364	0,5067492
120	0,6049516	0,0589453	0,0736947	0,2751700	0,7502018	0,1851606	0,8243248	0,6431282	0,9454346	0,5602057	0,1243033	0,5809580	0,4051048	0,5068932	0,6425412	0,5166835
140	0,5748496	0,0448056	0,0757639	0,2752092	0,7832358	0,1888719	0,8326877	0,6489569	0,9454338	0,5801232	0,1291230	0,5967450	0,4220581	0,5335146	0,6337878	0,5300219
160	0,5497149	0,0367727	0,0784775	0,2752630	0,8170579	0,1939123	0,8427677	0,6556941	0,9434827	0,6041772	0,1352434	0,6153231	0,4429730	0,5650818	0,6231576	0,5461208
180	0,5307778	0,0322091	0,0817525	0,2753313	0,8480376	0,2000938	0,8538106	0,6626558	0,9401088	0,6306320	0,1423818	0,6352476	0,4665387	0,5990208	0,6113452	0,5638669
200	0,5178745	0,0296165	0,0854146	0,2754115	0,8738955	0,2069915	0,8649908	0,6691900	0,9358383	0,6574720	0,1500658	0,6549396	0,4910333	0,6324500	0,5992180	0,5819237
220	0,5099465	0,0281436	0,0892268	0,2754980	0,8939272	0,2140436	0,8755996	0,6748389	0,9311839	0,6828748	0,1577240	0,6730395	0,5147186	0,6629183	0,5876298	0,5990292
240	0,5056155	0,0273068	0,0929386	0,2755836	0,9085686	0,2207038	0,8851472	0,6793898	0,9265944	0,7055311	0,1648165	0,6886383	0,5361951	0,6888693	0,5772555	0,6142318
260	0,5035978	0,0268315	0,0963384	0,2756610	0,9187948	0,2265680	0,8933763	0,6828389	0,9224036	0,7247423	0,1709503	0,7013353	0,5545959	0,7097149	0,5684990	0,6269988
280	0,5029010	0,0265614	0,0992870	0,2757255	0,9256776	0,2314264	0,9002217	0,6853159	0,9188086	0,7403470	0,1759328	0,7111593	0,5695985	0,7256298	0,5614886	0,6371954
300	0,5028570	0,0264080	0,1017249	0,2757749	0,9301621	0,2352465	0,9057514	0,6870109	0,9158805	0,7525650	0,1797580	0,7184238	0,5813123	0,7372508	0,5561351	0,6449850
320	0,5030680	0,0263208	0,1036596	0,2758097	0,9329957	0,2381184	0,9101104	0,6881211	0,9135971	0,7618344	0,1825506	0,7235816	0,5901198	0,7454062	0,5522152	0,6507062
340	0,5033276	0,0262713	0,1051425	0,2758322	0,9347321	0,2401955	0,9134772	0,6888194	0,9118803	0,7686788	0,1845002	0,7271115	0,5965283	0,7509282	0,5494506	0,6547643
360	0,5035476	0,0262432	0,1062467	0,2758454	0,9357638	0,2416479	0,9160343	0,6892424	0,9106282	0,7736169	0,1858086	0,7294480	0,6010609	0,7545474	0,5475643	0,6575555
380	0,5037041	0,0262272	0,1070497	0,2758522	0,9363579	0,2426338	0,9179495	0,6894900	0,9097380	0,7771106	0,1866564	0,7309489	0,6041894	0,7568502	0,5463143	0,6594241
400	0,5038025	0,0262181	0,1076226	0,2758549	0,9366900	0,2432858	0,9193681	0,6896304	0,9091180	0,7795427	0,1871894	0,7318876	0,6063051	0,7582770	0,5455068	0,6606462
420	0,5038579	0,0262129	0,1080252	0,2758555	0,9368707	0,2437069	0,9204097	0,6897082	0,9086932	0,7812140	0,1875159	0,7324612	0,6077120	0,7591409	0,5449962	0,6614300
440	0,5038853	0,0262100	0,1083052	0,2758549	0,9369672	0,2439736	0,9211693	0,6897505	0,9084058	0,7823510	0,1877117	0,7328052	0,6086353	0,7596540	0,5446788	0,6619248
460	0,5038967	0,0262083	0,1084982	0,2758540	0,9370183	0,2441394	0,9217206	0,6897735	0,9082131	0,7831191	0,1878275	0,7330087	0,6092355	0,7599548	0,5444840	0,6622337
480	0,5039000	0,0262074	0,1086307	0,2758531	0,9370457	0,2442411	0,9221193	0,6897863	0,9080847	0,7836355	0,1878953	0,7331282	0,6096233	0,7601298	0,5443653	0,6624251
500	0,5038997	0,0262069	0,1087214	0,2758524	0,9370611	0,2443028	0,9224070	0,6897938	0,9079993	0,7839819	0,1879351	0,7331984	0,6098732	0,7602318	0,5442931	0,6625434
520	0,5038984	0,0262066	0,1087833	0,2758519	0,9370702	0,2443399	0,9226142	0,6897984	0,9079426	0,7842141	0,1879587	0,7332399	0,6100340	0,7602917	0,5442492	0,6626167
540	0,5038971	0,0262064	0,1088257	0,2758515	0,9370759	0,2443622	0,9227634	0,6898014	0,9079050	0,7843696	0,1879728	0,7332648	0,6101377	0,7603274	0,5442222	0,6626622
560	0,5038962	0,0262063	0,1088546	0,2758513	0,9370797	0,2443756	0,9228707	0,6898035	0,9078799	0,7844739	0,1879814	0,7332800	0,6102048	0,7603492	0,5442055	0,6626907
580	0,5190941	0,4467769	0,1088320	0,2758494	0,9368405	0,2443438	0,9229067	0,6878729	0,8188890	0,7843744	0,1878667	0,7330975	0,6100344	0,7600543	0,5443234	0,6625418
600	0,5679096	0,6857078	0,1081283	0,2758199	0,9330114	0,2436794	0,9222260	0,6861584	0,7644449	0,7814724	0,1859276	0,7299132	0,6064232	0,7549161	0,5464541	0,6597444
620	0,6209971	0,8214471	0,1057740	0,2757308	0,9201172	0,2414238	0,9195136	0,6823382	0,7384862	0,7709949	0,1798585	0,7192600	0,5940133	0,7374786	0,5535132	0,6502755
640	0,6624163	0,8985621	0,1017680	0,2755980	0,8959438	0,2373171	0,9139381	0,6765206	0,7341821	0,7510112	0,1701806	0,7004871	0,5717326	0,7061730	0,5656957	0,6334746
660	0,6901456	0,9423720	0,0968658	0,2754593	0,8625814	0,2316603	0,9055677	0,6698178	0,7432362	0,7233993	0,1591646	0,6765825	0,5429020	0,6657655	0,5808577	0,6119461
680	0,7070041	0,9672609	0,0918628	0,2753411	0,8251404	0,2249132	0,8951525	0,6631704	0,7584988	0,6919845	0,1487775	0,6514788	0,5121066	0,6231412	0,5964844	0,5891488
700	0,7164869	0,9814006	0,0872817	0,2752525	0,7891243	0,2176063	0,8837136	0,6570559	0,7751944	0,6605508	0,1400321	0,6282316	0,4830027	0,5838084	0,6107781	0,5677935
720	0,7214178	0,9894334	0,0833693	0,2751921	0,7582813	0,2103229	0,8722045	0,6516285	0,7907065	0,6317915	0,1331851	0,6085088	0,4576892	0,5507244	0,6228335	0,5494056
740	0,7237391	0,9939970	0,0801842	0,2751541	0,7340783	0,2035953	0,8613421	0,6469117	0,8039006	0,6071345	0,1280852	0,5928173	0,4369414	0,5246901	0,6324220	0,5345126
760	0,7246674	0,9965896	0,0776804	0,2751320	0,7163017	0,1977882	0,8515762	0,6429053	0,8145088	0,5870037	0,1244236	0,5809344	0,4206767	0,5052015	0,6397147	0,5230002
780	0,7249138	0,9980625	0,0757646	0,2751203	0,7038975	0,1930560	0,8431276	0,6396073	0,8227060	0,5711820	0,1218695	0,5722843	0,4083638	0,4911730	0,6450666	0,5144251
800	0,7248668	0,9988993	0,0743301	0,2751150	0,6955896	0,1893784	0,8360463	0,6369954	0,8288525	0,5591200	0,1201306	0,5661911	0,3993036	0,4813936	0,6488791	0,5082304
820	0,7247235	0,9993747	0,0732753	0,2751133	0,6902114	0,1866292	0,8302671	0,6350122	0,8333522	0,5501508	0,1189716	0,5620179	0,3927932	0,4747595	0,6515268	0,5038698
840	0,7245733	0,9996448	0,0725111	0,2751133	0,6868302	0,1846392	0,8256567	0,6335674	0,8365820	0,5436182	0,1182139	0,5592293	0,3882092	0,4703654	0,6533250	0,5008687
860	0,7244501	0,9997982	0,0719648	0,2751141	0,6847586	0,1832371	0,8220493	0,6325548	0,8388622	0,5389426	0,1177273	0,5574064	0,3850377	0,4675164	0,6545223	0,4988434
880	0,7243605	0,9998853	0,0715783	0,2751150	0,6835185	0,1822723	0,8192729	0,6318692	0,8404494	0,5356448	0,1174200	0,5562381	0,3828767	0,4657048	0,6553056	0,4975004
900	0,7243005	0,9999349	0,0713076	0,2751158	0,6827916	0,1816221	0,8171657	0,6314187	0,8415411	0,5333475	0,1172290	0,5555026	0,3814237	0,4645729	0,6558098	0,4966235
920	0,7242628	0,9999630	0,0711193	0,2751165	0,6823734	0,1811921	0,8155848	0,6311304	0,8422843	0,5317635	0,1171119	0,5550469	0,3804579	0,4638768	0,6561299	0,4960587
940	0,7242405	0,9999790	0,0709893	0,2751170	0,6821367	0,1809125	0,8144100	0,6309500	0,8427861	0,5306808	0,1170411	0,5547687	0,3798223	0,4634549	0,6563305	0,4956993
960	0,7242280	0,9999881	0,0709000	0,2751173	0,6820043	0,1807337	0,8135440	0,6308394	0,8431225	0,5299458	0,1169987	0,5546008	0,3794074	0,4632024	0,6564549	0,4954728
980	0,7242214	0,9999932	0,0708389	0,2751175	0,6819310	0,1806208	0,8129096	0,6307726	0,8433467	0,5294497	0,1169736	0,5545006	0,3791383	0,4630527	0,6565313	0,4953314
1000	0,7242183	0,9999961	0,0707972	0,2751177	0,6818903	0,1805506	0,8124471	0,6307328	0,8434955	0,5291161	0,1169589	0,5544413	0,3789648	0,4629647	0,6565780	0,4952436
1020	0,7242169	0,9999978	0,0707688	0,2751177	0,6818677	0,1805074	0,8121115	0,6307094	0,8435940	0,5288927	0,1169502	0,5544063	0,3788534	0,4629132	0,6566063	0,4951894
1040	0,7242164	0,9999988	0,0707495	0,2751178	0,6818549	0,1804811	0,8118685	0,6306957	0,8436590	0,5287432	0,1169452	0,5543857	0,3787820	0,4628831	0,6566234	0,4951561
1060	0,7242163	0,9999993	0,0707364	0,2751178	0,6818475	0,1804652	0,8116932	0,6306877	0,8437018	0,5286435	0,1169422	0,5543736	0,3787363	0,4628655	0,6566338	0,4951356
1080	0,7242164	0,9999996	0,0707275	0,2751178	0,6818430	0,1804556	0,8115668	0,6306831	0,8437300	0,5285770	0,1169405	0,5543664	0,3787071	0,4628551	0,6566401	0,4951230
1100	0,7242164	0,9999998	0,0707215	0,2751178	0,6818402	0,1804499	0,8114758	0,6306804	0,8437486	0,5285326	0,1169395	0,5543622	0,3786885	0,4628489	0,6566439	0,4951152

0	0,7242162	1,0000000	0,0707800	0,2751226	0,6818358	0,1804332	0,8111890	0,6306389	0,8437538	0,5284770	0,1169379	0,5543549	0,3786652	0,4628384	0,6566494	0,4951037
20	0,6441813	0,9469736	0,0709879	0,1734013	0,6903704	0,1833113	0,8027004	0,6976991	0,8424444	0,5311050	0,0751984	0,5568559	0,3333123	0,4669512	0,6553904	0,3170496
40	0,6004126	0,9168487	0,0721175	0,1093044	0,7225332	0,1976708	0,8017107	0,7479481	0,8359832	0,5435195	0,0543164	0,5679749	0,3113586	0,4854101	0,6496231	0,2133109
60	0,5781834	0,8997344	0,0742350	0,0689203	0,7651356	0,2242814	0,8076437	0,7933688	0,8241387	0,5649182	0,0448905	0,5859740	0,3058596	0,5156374	0,6399193	0,1536097
80	0,5680972	0,8900115	0,0770200	0,0434803	0,8042741	0,2573669	0,8184130	0,8257628	0,8088612	0,5907541	0,0415179	0,6063840	0,3100720	0,5501645	0,6284462	0,1197154
100	0,5643923	0,8844879	0,0800518	0,0274568	0,8342562	0,2892876	0,8319601	0,8450038	0,7925644	0,6167089	0,0411006	0,6256064	0,3187830	0,5827384	0,6171795	0,1007431
120	0,5637200	0,8813498	0,0829673	0,0173658	0,8549414	0,3149781	0,8467323	0,8554442	0,7772192	0,6399838	0,0419090	0,6416976	0,3285753	0,6099353	0,6073619	0,0902696
140	0,5642644	0,8795671	0,0855313	0,0110114	0,8682868	0,3331484	0,8616326	0,8609956	0,7640116	0,6592991	0,0430419	0,6540843	0,3375675	0,6307617	0,5995120	0,0845607
160	0,5651275	0,8785543	0,0876391	0,0070102	0,8764844	0,3448906	0,8758419	0,8640028	0,7533894	0,6744480	0,0440878	0,6630239	0,3449634	0,6456928	0,5936374	0,0814812
180	0,5659236	0,8779789	0,0892840	0,0044905	0,8813124	0,3520172	0,8887410	0,8656778	0,7452850	0,6858277	0,0449051	0,6691452	0,3506206	0,6558411	0,5894698	0,0798319
200	0,5665298	0,8776520	0,0905165	0,0029037	0,8840400	0,3561553	0,8999324	0,8666280	0,7393544	0,6940903	0,0454835	0,6731524	0,3547249	0,6624311	0,5866426	0,0789507
220	0,5669417	0,8774663	0,0914111	0,0019043	0,8855125	0,3584818	0,9092615	0,8671688	0,7351572	0,6999281	0,0458650	0,6756724	0,3575833	0,6665395	0,5847970	0,0784781
240	0,5671984	0,8773608	0,0920443	0,0012748	0,8862661	0,3597579	0,9167820	0,8674734	0,7322659	0,7039629	0,0461029	0,6771997	0,3595098	0,6690054	0,5836326	0,0782218
260	0,5673462	0,8773009	0,0924838	0,0008781	0,8866268	0,3604439	0,9226833	0,8676416	0,7303167	0,7067028	0,0462442	0,6780935	0,3607743	0,6704327	0,5829200	0,0780804
280	0,5674242	0,8772668	0,0927844	0,0006282	0,8867843	0,3608065	0,9272172	0,8677319	0,7290248	0,7085380	0,0463245	0,6785992	0,3615865	0,6712300	0,5824956	0,0780006
300	0,5674611	0,8772475	0,0929879	0,0004708	0,8868438	0,3609952	0,9306443	0,8677789	0,7281794	0,7097547	0,0463682	0,6788762	0,3620994	0,6716599	0,5822490	0,0779544
320	0,5674756	0,8772365	0,0931246	0,0003715	0,8868604	0,3610920	0,9332026	0,8678026	0,7276311	0,7105557	0,0463912	0,6790232	0,3624193	0,6718838	0,5821087	0,0779270
340	0,5674790	0,8772302	0,0932162	0,0003090	0,8868611	0,3611411	0,9350941	0,8678141	0,7272774	0,7110810	0,0464027	0,6790991	0,3626172	0,6719968	0,5820302	0,0779106
360	0,5674779	0,8772267	0,0932775	0,0002696	0,8868577	0,3611658	0,9364825	0,8678194	0,7270496	0,7114250	0,0464084	0,6791375	0,3627392	0,6720523	0,5819866	0,0779006
380	0,5674753	0,8772247	0,0933185	0,0002447	0,8868546	0,3611782	0,9374961	0,8678219	0,7269028	0,7116505	0,0464111	0,6791568	0,3628145	0,6720794	0,5819624	0,0778946
400	0,5674727	0,8772235	0,0933460	0,0002291	0,8868530	0,3611844	0,9382329	0,8678231	0,7268077	0,7117988	0,0464125	0,6791667	0,3628613	0,6720930	0,5819488	0,0778910
420	0,5674707	0,8772229	0,0933645	0,0002192	0,8868527	0,3611876	0,9387669	0,8678237	0,7267459	0,7118967	0,0464133	0,6791721	0,3628907	0,6721003	0,5819410	0,0778889
440	0,5674694	0,8772225	0,0933771	0,0002130	0,8868532	0,3611893	0,9391530	0,8678241	0,7267054	0,7119615	0,0464137	0,6791754	0,3629093	0,6721047	0,5819363	0,0778877
460	0,5674685	0,8772223	0,0933856	0,0002091	0,8868541	0,3611903	0,9394317	0,8678244	0,7266787	0,7120047	0,0464141	0,6791775	0,3629212	0,6721077	0,5819334	0,0778871
480	0,5674680	0,8772222	0,0933914	0,0002066	0,8868550	0,3611908	0,9396326	0,8678246	0,7266611	0,7120335	0,0464143	0,6791790	0,3629290	0,6721100	0,5819315	0,0778868
500	0,5674678	0,8772221	0,0933953	0,0002051	0,8868557	0,3611912	0,9397772	0,8678248	0,7266493	0,7120529	0,0464145	0,6791801	0,3629341	0,6721117	0,5819302	0,0778866
520	0,5674676	0,8772221	0,0933980	0,0002041	0,8868564	0,3611914	0,9398813	0,8678249	0,7266415	0,7120659	0,0464147	0,6791810	0,3629374	0,6721130	0,5819294	0,0778865
540	0,5674676	0,8772221	0,0933999	0,0002035	0,8868568	0,3611915	0,9399561	0,8678250	0,7266362	0,7120746	0,0464148	0,6791816	0,3629397	0,6721139	0,5819288	0,0778865
560	0,5674676	0,8772220	0,0934011	0,0002031	0,8868571	0,3611916	0,9400099	0,8678251	0,7266327	0,7120805	0,0464148	0,6791820	0,3629411	0,6721146	0,5819284	0,0778865
580	0,6487442	0,9302485	0,0929439	0,1135958	0,8813572	0,3605138	0,9482858	0,8296040	0,7290880	0,7092498	0,0983426	0,6763031	0,4241466	0,6671417	0,5836362	0,2940758
600	0,6925121	0,9603734	0,0909536	0,1849597	0,8584413	0,3548992	0,9448729	0,8156273	0,7397799	0,6960674	0,1212489	0,6638437	0,4508209	0,6456024	0,5910047	0,4122699
620	0,7141630	0,9774877	0,0878623	0,2295139	0,8232659	0,3380678	0,9319017	0,8028388	0,7563756	0,6737725	0,1286619	0,6444720	0,4543508	0,6122117	0,6023886	0,4714313
640	0,7236837	0,9872105	0,0844686	0,2564478	0,7856446	0,3112492	0,9147358	0,7824848	0,7744950	0,6474009	0,1290639	0,6234259	0,4458633	0,5762533	0,6147178	0,4976424
660	0,7270590	0,9927341	0,0813060	0,2715357	0,7526871	0,2815422	0,8967986	0,7537226	0,7912129	0,6213914	0,1269239	0,6043596	0,4329600	0,5440873	0,6259143	0,5068555
680	0,7276239	0,9958722	0,0786208	0,2788372	0,7273383	0,2543593	0,8799683	0,7217335	0,8052187	0,5984098	0,1243023	0,5889040	0,4198848	0,5183754	0,6350621	0,5081302
700	0,7271052	0,9976549	0,0764734	0,2813930	0,7095594	0,2320221	0,8651657	0,6924860	0,8162413	0,5795455	0,1220064	0,5772988	0,4085745	0,4993327	0,6420184	0,5062605
720	0,7263208	0,9986677	0,0748273	0,2813994	0,6979350	0,2149293	0,8527220	0,6693448	0,8245392	0,5648601	0,1202552	0,5690718	0,3996227	0,4860057	0,6470337	0,5035799
740	0,7256076	0,9992431	0,0736048	0,2802974	0,6907600	0,2025559	0,8426179	0,6529301	0,8305788	0,5538770	0,1190231	0,5635036	0,3929439	0,4770921	0,6504994	0,5010897
760	0,7250678	0,9995700	0,0727192	0,2789201	0,6865520	0,1940226	0,8346406	0,6422875	0,8348581	0,5459168	0,1182038	0,5598802	0,3881722	0,4713561	0,6528107	0,4991203
780	0,7247009	0,9997557	0,0720902	0,2776748	0,6842022	0,1884001	0,8284870	0,6359408	0,8378245	0,5402906	0,1176828	0,5576031	0,3848759	0,4677902	0,6543054	0,4976964
800	0,7244709	0,9998612	0,0716507	0,2767086	0,6829547	0,1848605	0,8238312	0,6324832	0,8398439	0,5363937	0,1173639	0,5562172	0,3826599	0,4656432	0,6552458	0,4967270
820	0,7243368	0,9999212	0,0713473	0,2760311	0,6823286	0,1827365	0,8203642	0,6308085	0,8411983	0,5337379	0,1171753	0,5553984	0,3812028	0,4643891	0,6558230	0,4960959
840	0,7242645	0,9999552	0,0711400	0,2755935	0,6820347	0,1815284	0,8178154	0,6301438	0,8420960	0,5319509	0,1170673	0,5549282	0,3802620	0,4636778	0,6561695	0,4956990
860	0,7242290	0,9999746	0,0709994	0,2753320	0,6819083	0,1808841	0,8159604	0,6299952	0,8426855	0,5307600	0,1170072	0,5546653	0,3796631	0,4632855	0,6563735	0,4954565
880	0,7242138	0,9999855	0,0709045	0,2751887	0,6818603	0,1805686	0,8146205	0,6300731	0,8430700	0,5299717	0,1169747	0,5545219	0,3792861	0,4630748	0,6564915	0,4953114
900	0,7242091	0,9999918	0,0708406	0,2751188	0,6818456	0,1804335	0,8136581	0,6302224	0,8433198	0,5294520	0,1169575	0,5544452	0,3790504	0,4629643	0,6565590	0,4952261
920	0,7242090	0,9999953	0,0707977	0,2750909	0,6818430	0,1803896	0,8129691	0,6303698	0,8434818	0,5291101	0,1169486	0,5544049	0,3789036	0,4629072	0,6565972	0,4951764
940	0,7242106	0,9999973	0,0707688	0,2750848	0,6818434	0,1803868	0,8124770	0,6304874	0,8435868	0,5288852	0,1169440	0,5543837	0,3788122	0,4628779	0,6566189	0,4951474
960	0,7242124	0,9999985	0,0707494	0,2750885	0,6818437	0,1803988	0,8121257	0,6305705	0,8436549	0,5287370	0,1169416	0,5543725	0,3787551	0,4628626	0,6566312	0,4951304
980	0,7242139	0,9999991	0,0707363	0,2750954	0,6818432	0,1804133	0,8118750	0,6306239	0,8436993	0,5286391	0,1169403	0,5543663	0,3787193	0,4628543	0,6566384	0,4951203
1000	0,7242151	0,9999995	0,0707275	0,2751023	0,6818421	0,1804253	0,8116959	0,6306553	0,8437283	0,5285742	0,1169395	0,5543626	0,3786966	0,4628494	0,6566426	0,4951140
1020	0,7242158	0,9999997	0,0707215	0,2751078	0,6818407	0,1804337	0,8115679	0,6306719	0,8437474	0,5285311	0,1169390	0,5543604	0,3786821	0,4628463	0,6566452	0,4951101
1040	0,7242162	0,9999998	0,0707175	0,2751119	0,6818393	0,1804389	0,8114763	0,6306795	0,8437599	0,5285023	0,1169386	0,5543588	0,3786728	0,4628442	0,6566469	0,4951076
1060	0,7242165	0,9999999	0,0707147	0,2751146	0,6818382	0,1804416	0,8114107	0,6306820	0,8437681	0,5284831	0,1169384	0,5543578	0,3786667	0,4628427	0,6566479	0,4951059
1080	0,7242166	0,9999999	0,0707129	0,2751162	0,6818372	0,1804428	0,8113637	0,6306820	0,8437736	0,5284702	0,1169382	0,5543570	0,3786627	0,4628416	0,6566486	0,4951048
1100	0,7242166	1,0000000	0,0707116	0,2751172	0,6818366	0,1804431	0,8113300	0,6306810	0,8437772	0,5284615	0,1169381	0,5543565	0,3786601	0,4628408	0,6566491	0,4951040

0	0,7242162	1,0000000	0,0707800	0,2751226	0,6818358	0,1804332	0,8111890	0,6306389	0,8437538	0,5284770	0,1169379	0,5543549	0,3786652	0,4628384	0,6566494	0,4951037
20	0,7235855	0,8557476	0,0707573	0,1734547	0,6818589	0,1830621	0,8122995	0,6413982	0,8437611	0,5284726	0,1169396	0,5543617	0,3786672	0,4628495	0,6566464	0,4407152
40	0,7207244	0,7737962	0,0707534	0,1093888	0,6822787	0,1960755	0,8143710	0,6784923	0,8437012	0,5286012	0,1169722	0,5544883	0,3787782	0,4630562	0,6565827	0,4087716
60	0,7159549	0,7272386	0,0707944	0,0690191	0,6839027	0,2202424	0,8182672	0,7198634	0,8434150	0,5291881	0,1171093	0,5550182	0,3792654	0,4639195	0,6563123	0,3902660
80	0,7103754	0,7007888	0,0709081	0,0435818	0,6872654	0,2505754	0,8246646	0,7489955	0,8427396	0,5305635	0,1174169	0,5562047	0,3803928	0,4658497	0,6556986	0,3799638
100	0,7049758	0,6857624	0,0711084	0,0275543	0,6922884	0,2800058	0,8339821	0,7649378	0,8415997	0,5328735	0,1179153	0,5581162	0,3822690	0,4689579	0,6546963	0,3747401
120	0,7003692	0,6772257	0,0713895	0,0174568	0,6984216	0,3036474	0,8461946	0,7727033	0,8400298	0,5360372	0,1185750	0,5606273	0,3848169	0,4730420	0,6533607	0,3726496
140	0,6967956	0,6723759	0,0717307	0,0110961	0,7049420	0,3202645	0,8606993	0,7765717	0,8381487	0,5398047	0,1193344	0,5634939	0,3878260	0,4777062	0,6518136	0,3724296
160	0,6942324	0,6696206	0,0721038	0,0070901	0,7112015	0,3309401	0,8763941	0,7788245	0,8361149	0,5438533	0,1201227	0,5664429	0,3910315	0,4825062	0,6501982	0,3732420
180	0,6925172	0,6680554	0,0724800	0,0045677	0,7167530	0,3374113	0,8919968	0,7804125	0,8340852	0,5478721	0,1208766	0,5692403	0,3941828	0,4870598	0,6486427	0,3745340
200	0,6914430	0,6671661	0,0728358	0,0029799	0,7213727	0,3411963	0,9064208	0,7816646	0,8321864	0,5516163	0,1215511	0,5717254	0,3970870	0,4911035	0,6472395	0,3759554
220	0,6908151	0,6666609	0,0731549	0,0019807	0,7250184	0,3433665	0,9189930	0,7826795	0,8305024	0,5549276	0,1221219	0,5738157	0,3996241	0,4945015	0,6460409	0,3773017
240	0,6904760	0,6663739	0,0734288	0,0013520	0,7277684	0,3446004	0,9294610	0,7834899	0,8290747	0,5577314	0,1225822	0,5754941	0,4017430	0,4972258	0,6450633	0,3784698
260	0,6903113	0,6662109	0,0736550	0,0009566	0,7297623	0,3453016	0,9378799	0,7841184	0,8279099	0,5600196	0,1229383	0,5767884	0,4034455	0,4993225	0,6442972	0,3794236
280	0,6902442	0,6661182	0,0738361	0,0007079	0,7311579	0,3457018	0,9444770	0,7845908	0,8269903	0,5618286	0,1232039	0,5777516	0,4047685	0,5008791	0,6437174	0,3801671
300	0,6902270	0,6660656	0,0739771	0,0005515	0,7321038	0,3459318	0,9495466	0,7849353	0,8262850	0,5632202	0,1233955	0,5784462	0,4057670	0,5019982	0,6432921	0,3807252
320	0,6902319	0,6660357	0,0740843	0,0004531	0,7327261	0,3460649	0,9533853	0,7851797	0,8257572	0,5642655	0,1235298	0,5789329	0,4065013	0,5027797	0,6429886	0,3811313
340	0,6902441	0,6660187	0,0741642	0,0003913	0,7331244	0,3461424	0,9562595	0,7853485	0,8253709	0,5650345	0,1236214	0,5792652	0,4070293	0,5033112	0,6427774	0,3814187
360	0,6902569	0,6660091	0,0742226	0,0003524	0,7333725	0,3461876	0,9583931	0,7854624	0,8250936	0,5655900	0,1236823	0,5794866	0,4074012	0,5036639	0,6426337	0,3816173
380	0,6902673	0,6660036	0,0742647	0,0003279	0,7335233	0,3462141	0,9599662	0,7855375	0,8248977	0,5659851	0,1237220	0,5796309	0,4076586	0,5038928	0,6425380	0,3817517
400	0,6902749	0,6660005	0,0742946	0,0003125	0,7336128	0,3462295	0,9611200	0,7855860	0,8247613	0,5662622	0,1237473	0,5797231	0,4078339	0,5040382	0,6424754	0,3818409
420	0,6902800	0,6659987	0,0743157	0,0003029	0,7336646	0,3462384	0,9619627	0,7856166	0,8246676	0,5664542	0,1237631	0,5797809	0,4079516	0,5041288	0,6424352	0,3818991
440	0,6902832	0,6659977	0,0743303	0,0002968	0,7336940	0,3462436	0,9625761	0,7856356	0,8246039	0,5665861	0,1237727	0,5798165	0,4080296	0,5041843	0,6424097	0,3819365
460	0,6902850	0,6659972	0,0743405	0,0002929	0,7337104	0,3462465	0,9630215	0,7856472	0,8245610	0,5666758	0,1237786	0,5798381	0,4080809	0,5042177	0,6423939	0,3819602
480	0,6902861	0,6659968	0,0743475	0,0002905	0,7337193	0,3462482	0,9633440	0,7856542	0,8245323	0,5667365	0,1237821	0,5798509	0,4081142	0,5042376	0,6423841	0,3819751
500	0,6902866	0,6659966	0,0743522	0,0002890	0,7337242	0,3462491	0,9635773	0,7856583	0,8245132	0,5667773	0,1237841	0,5798586	0,4081358	0,5042492	0,6423781	0,3819844
520	0,6902868	0,6659965	0,0743555	0,0002881	0,7337268	0,3462497	0,9637456	0,7856607	0,8245006	0,5668047	0,1237853	0,5798630	0,4081496	0,5042560	0,6423745	0,3819901
540	0,6902869	0,6659965	0,0743577	0,0002874	0,7337282	0,3462500	0,9638670	0,7856621	0,8244922	0,5668229	0,1237860	0,5798656	0,4081585	0,5042599	0,6423723	0,3819936
560	0,6902870	0,6659964	0,0743592	0,0002871	0,7337290	0,3462501	0,9639544	0,7856629	0,8244867	0,5668351	0,1237864	0,5798672	0,4081641	0,5042622	0,6423710	0,3819958
580	0,6913264	0,8102489	0,0743591	0,1134969	0,7336927	0,3461275	0,9611745	0,7856531	0,8244894	0,5668317	0,1237834	0,5798569	0,4081576	0,5042447	0,6423759	0,4377730
600	0,6956028	0,8922003	0,0743382	0,1847962	0,7330526	0,3427454	0,9463498	0,7850396	0,8246099	0,5666116	0,1237234	0,5796475	0,4079641	0,5038917	0,6424842	0,4704559
620	0,7018117	0,9387578	0,0742506	0,2293561	0,7307452	0,3286323	0,9248905	0,7802359	0,8251045	0,5656990	0,1234900	0,5788287	0,4071794	0,5025173	0,6429133	0,4891463
640	0,7080917	0,9652076	0,0740620	0,2563249	0,7263382	0,3034180	0,9037466	0,7661157	0,8261602	0,5637305	0,1230136	0,5771424	0,4055134	0,4997017	0,6438073	0,4991725
660	0,7133880	0,9802341	0,0737717	0,2714537	0,7202720	0,2744600	0,8852843	0,7423960	0,8277711	0,5606888	0,1223192	0,5746549	0,4029813	0,4955735	0,6451405	0,5038327
680	0,7173779	0,9887707	0,0734066	0,2787906	0,7134203	0,2481548	0,8698683	0,7143753	0,8297779	0,5568465	0,1214940	0,5716595	0,3998385	0,4906352	0,6467634	0,5052728
700	0,7201484	0,9936205	0,0730054	0,2813722	0,7066419	0,2271265	0,8572503	0,6881237	0,8319623	0,5526043	0,1206385	0,5685115	0,3964314	0,4854808	0,6484879	0,5049117
720	0,7219483	0,9963758	0,0726044	0,2813947	0,7005465	0,2115264	0,8470439	0,6671215	0,8341229	0,5483503	0,1198338	0,5655116	0,3930782	0,4806023	0,6501502	0,5036712
740	0,7230485	0,9979410	0,0722310	0,2803011	0,6954495	0,2005074	0,8388677	0,6521200	0,8361127	0,5443819	0,1191301	0,5628569	0,3900091	0,4763134	0,6516389	0,5021216
760	0,7236804	0,9988303	0,0719018	0,2789271	0,6914258	0,1930107	0,8323806	0,6423142	0,8378464	0,5408826	0,1185488	0,5606410	0,3873547	0,4727556	0,6528974	0,5005888
780	0,7240181	0,9993355	0,0716240	0,2776822	0,6883964	0,1880770	0,8272849	0,6363852	0,8392915	0,5379335	0,1180903	0,5588773	0,3851618	0,4699404	0,6539126	0,4992357
800	0,7241821	0,9996225	0,0713976	0,2767149	0,6862051	0,1849335	0,8233229	0,6330716	0,8404529	0,5355390	0,1177424	0,5575285	0,3834173	0,4677994	0,6547000	0,4981233
820	0,7242501	0,9997855	0,0712187	0,2760359	0,6846742	0,1829964	0,8202737	0,6313845	0,8413582	0,5336544	0,1174871	0,5565317	0,3820733	0,4662256	0,6552907	0,4972541
840	0,7242694	0,9998782	0,0710807	0,2755968	0,6836372	0,1818440	0,8179497	0,6306336	0,8420457	0,5322101	0,1173051	0,5558169	0,3810659	0,4651027	0,6557211	0,4966009
860	0,7242668	0,9999308	0,0709766	0,2753341	0,6829542	0,1811840	0,8161945	0,6303770	0,8425561	0,5311281	0,1171787	0,5553179	0,3803288	0,4643227	0,6560267	0,4961255
880	0,7242565	0,9999607	0,0708994	0,2751899	0,6825158	0,1808210	0,8148799	0,6303526	0,8429276	0,5303334	0,1170930	0,5549779	0,3798006	0,4637938	0,6562387	0,4957886
900	0,7242452	0,9999777	0,0708432	0,2751194	0,6822411	0,1806302	0,8139026	0,6304172	0,8431934	0,5297597	0,1170361	0,5547512	0,3794292	0,4634431	0,6563828	0,4955554
920	0,7242357	0,9999873	0,0708028	0,2750912	0,6820729	0,1805347	0,8131806	0,6305001	0,8433807	0,5293516	0,1169991	0,5546032	0,3791724	0,4632152	0,6564788	0,4953973
940	0,7242286	0,9999928	0,0707740	0,2750849	0,6819720	0,1804893	0,8126503	0,6305716	0,8435110	0,5290651	0,1169755	0,5545083	0,3789973	0,4630699	0,6565417	0,4952919
960	0,7242238	0,9999959	0,0707538	0,2750885	0,6819128	0,1804686	0,8122625	0,6306231	0,8436005	0,5288661	0,1169607	0,5544485	0,3788796	0,4629788	0,6565823	0,4952228
980	0,7242207	0,9999977	0,0707398	0,2750953	0,6818787	0,1804594	0,8119801	0,6306558	0,8436615	0,5287293	0,1169515	0,5544115	0,3788013	0,4629227	0,6566081	0,4951782
1000	0,7242188	0,9999987	0,0707300	0,2751022	0,6818594	0,1804550	0,8117751	0,6306741	0,8437026	0,5286359	0,1169460	0,5543889	0,3787497	0,4628887	0,6566243	0,4951498
1020	0,7242177	0,9999992	0,0707233	0,2751078	0,6818486	0,1804523	0,8116267	0,6306827	0,8437302	0,5285727	0,1169426	0,5543752	0,3787161	0,4628683	0,6566343	0,4951318
1040	0,7242171	0,9999996	0,0707187	0,2751119	0,6818427	0,1804502	0,8115195	0,6306856	0,8437486	0,5285300	0,1169406	0,5543671	0,3786943	0,4628562	0,6566405	0,4951206
1060	0,7242168	0,9999998	0,0707156	0,2751146	0,6818394	0,1804484	0,8114421	0,6306853	0,8437608	0,5285014	0,1169395	0,5543623	0,3786802	0,4628491	0,6566443	0,4951136
1080	0,7242167	0,9999999	0,0707134	0,2751162	0,6818376	0,1804468	0,8113864	0,6306838	0,8437688	0,5284823	0,1169388	0,5543594	0,3786712	0,4628450	0,6566465	0,4951093
1100	0,7242166	0,9999999	0,0707120	0,2751172	0,6818367	0,1804454	0,8113464	0,6306819	0,8437741	0,5284695	0,1169384	0,5543578	0,3786654	0,4628426	0,6566479	0,4951067

0	0,7242162	1,0000000	0,0707800	0,2751226	0,6818358	0,1804332	0,8111890	0,6306389	0,8437538	0,5284770	0,1169379	0,5543549	0,3786652	0,4628384	0,6566494	0,4951037
20	0,5602752	1,0000000	0,0712424	0,1734221	0,3965906	0,1814646	0,8119900	0,6512826	0,8983907	0,5339081	0,1183202	0,4612269	0,2854150	0,4713723	0,6540400	0,4990439
40	0,4710472	1,0000000	0,0738000	0,1093552	0,3310867	0,1932026	0,8149156	0,6699628	0,9338663	0,5597684	0,1252079	0,4252803	0,2339467	0,5106370	0,6417292	0,5175602
60	0,4263808	1,0000000	0,0790887	0,0690264	0,3340408	0,2218113	0,8183404	0,6803609	0,9568812	0,6043067	0,1385064	0,4234699	0,2110401	0,5758711	0,6201130	0,5496159
80	0,4067854	1,0000000	0,0868673	0,0436802	0,3499753	0,2609233	0,8221710	0,6855888	0,9717966	0,6570682	0,1568182	0,4381264	0,2056478	0,6492833	0,5934128	0,5883277
100	0,4001843	1,0000000	0,0962668	0,0277915	0,3630231	0,3004378	0,8273586	0,6901204	0,9814529	0,7083914	0,1774583	0,4578064	0,2093999	0,7157797	0,5661887	0,6267967
120	0,3995826	1,0000000	0,1061180	0,0178640	0,3712236	0,3333813	0,8339497	0,6947963	0,9877000	0,7527489	0,1974925	0,4763900	0,2167503	0,7684034	0,5417802	0,6604830
140	0,4012572	1,0000000	0,1153584	0,0116799	0,3758976	0,3575295	0,8412556	0,6991493	0,9917404	0,7882827	0,2147392	0,4914104	0,2245591	0,8065296	0,5218856	0,6874494
160	0,4034209	1,0000000	0,1233000	0,0078346	0,3784494	0,3737399	0,8485095	0,7027193	0,9943539	0,8153029	0,2281992	0,5024556	0,2313647	0,8324968	0,5068368	0,7076235
180	0,4053370	1,0000000	0,1296720	0,0054440	0,3798069	0,3839622	0,8551609	0,7053612	0,9960452	0,8350778	0,2378840	0,5100439	0,2366989	0,8493585	0,4961268	0,7219238
200	0,4067901	1,0000000	0,1345162	0,0039557	0,3805091	0,3901094	0,8609135	0,7071674	0,9971406	0,8491237	0,2443862	0,5149775	0,2405979	0,8598657	0,4888901	0,7316121
220	0,4077931	1,0000000	0,1380453	0,0030267	0,3808567	0,3936628	0,8656742	0,7083278	0,9978505	0,8588591	0,2484896	0,5180307	0,2433034	0,8661598	0,4842209	0,7379194
240	0,4084382	1,0000000	0,1405303	0,0024449	0,3810162	0,3956432	0,8694834	0,7090354	0,9983111	0,8654694	0,2509301	0,5198312	0,2451034	0,8697778	0,4813355	0,7418772
260	0,4088284	1,0000000	0,1422330	0,0020794	0,3810796	0,3967062	0,8724535	0,7094466	0,9986101	0,8698799	0,2522940	0,5208395	0,2462585	0,8717627	0,4796271	0,7442740
280	0,4090504	1,0000000	0,1433743	0,0018488	0,3810967	0,3972529	0,8747238	0,7096740	0,9988044	0,8727795	0,2530027	0,5213711	0,2469760	0,8727911	0,4786600	0,7456744
300	0,4091684	1,0000000	0,1441259	0,0017030	0,3810941	0,3975192	0,8764330	0,7097929	0,9989308	0,8746625	0,2533360	0,5216299	0,2474084	0,8732840	0,4781398	0,7464620
320	0,4092257	1,0000000	0,1446143	0,0016105	0,3810849	0,3976394	0,8777049	0,7098505	0,9990130	0,8758733	0,2534683	0,5217413	0,2476614	0,8734926	0,4778771	0,7468865
340	0,4092499	1,0000000	0,1449284	0,0015517	0,3810751	0,3976873	0,8786431	0,7098753	0,9990665	0,8766463	0,2535021	0,5217785	0,2478053	0,8735607	0,4777556	0,7471040
360	0,4092574	1,0000000	0,1451292	0,0015143	0,3810670	0,3977017	0,8793305	0,7098839	0,9991013	0,8771373	0,2534935	0,5217821	0,2478847	0,8735661	0,4777071	0,7472083
380	0,4092574	1,0000000	0,1452572	0,0014905	0,3810611	0,3977023	0,8798318	0,7098850	0,9991239	0,8774486	0,2534711	0,5217731	0,2479273	0,8735485	0,4776935	0,7472538
400	0,4092546	1,0000000	0,1453389	0,0014753	0,3810571	0,3976984	0,8801959	0,7098832	0,9991387	0,8776459	0,2534481	0,5217613	0,2479495	0,8735264	0,4776946	0,7472705
420	0,4092514	1,0000000	0,1453911	0,0014657	0,3810546	0,3976939	0,8804598	0,7098809	0,9991483	0,8777714	0,2534294	0,5217509	0,2479608	0,8735072	0,4777005	0,7472744
440	0,4092486	1,0000000	0,1454248	0,0014596	0,3810531	0,3976903	0,8806505	0,7098787	0,9991545	0,8778515	0,2534157	0,5217431	0,2479663	0,8734929	0,4777068	0,7472734
460	0,4092466	1,0000000	0,1454467	0,0014557	0,3810523	0,3976877	0,8807883	0,7098771	0,9991586	0,8779030	0,2534066	0,5217377	0,2479690	0,8734832	0,4777119	0,7472711
480	0,4092451	1,0000000	0,1454611	0,0014532	0,3810519	0,3976861	0,8808876	0,7098760	0,9991612	0,8779363	0,2534009	0,5217343	0,2479704	0,8734771	0,4777156	0,7472690
500	0,4092442	1,0000000	0,1454707	0,0014517	0,3810517	0,3976851	0,8809592	0,7098753	0,9991630	0,8779580	0,2533976	0,5217323	0,2479711	0,8734735	0,4777179	0,7472674
520	0,4092437	1,0000000	0,1454770	0,0014507	0,3810516	0,3976846	0,8810108	0,7098749	0,9991641	0,8779722	0,2533957	0,5217311	0,2479715	0,8734715	0,4777193	0,7472664
540	0,4092434	1,0000000	0,1454814	0,0014501	0,3810516	0,3976844	0,8810479	0,7098747	0,9991648	0,8779816	0,2533947	0,5217305	0,2479718	0,8734704	0,4777201	0,7472658
560	0,4092432	1,0000000	0,1454843	0,0014497	0,3810516	0,3976843	0,8810746	0,7098745	0,9991653	0,8779879	0,2533943	0,5217303	0,2479719	0,8734700	0,4777205	0,7472655
580	0,5844772	1,0000000	0,1431419	0,1151313	0,7863847	0,3950283	0,8868536	0,7241584	0,8363364	0,8733606	0,2471537	0,6511979	0,4213595	0,8653774	0,4827952	0,7414389
600	0,6767157	1,0000000	0,1340176	0,1862851	0,8950990	0,3821709	0,8982869	0,7761984	0,7627721	0,8500663	0,2242932	0,6965596	0,5011142	0,8265071	0,5038452	0,7158117
620	0,7194668	1,0000000	0,1216168	0,2304749	0,8936089	0,3562179	0,9027587	0,7952625	0,7456481	0,8076037	0,1957899	0,6925821	0,5185584	0,7600832	0,5346006	0,6757985
640	0,7355463	1,0000000	0,1095081	0,2570700	0,8499584	0,3221856	0,8987321	0,7847908	0,7546350	0,7552515	0,1707357	0,6671225	0,5043046	0,6849821	0,5660261	0,6326044
660	0,7388644	1,0000000	0,0992389	0,2718929	0,7978273	0,2886908	0,8889836	0,7578855	0,7722367	0,7029634	0,1518351	0,6371666	0,4787547	0,6172728	0,5930381	0,5938680
680	0,7370186	1,0000000	0,0911487	0,2790093	0,7536002	0,2598538	0,8766490	0,7255077	0,7903015	0,6570022	0,1386933	0,6107564	0,4526392	0,5640337	0,6140118	0,5627712
700	0,7337386	1,0000000	0,0850582	0,2814503	0,7220713	0,2364618	0,8640175	0,6953822	0,8056842	0,6198562	0,1300204	0,5904783	0,4304665	0,5257860	0,6292094	0,5396096
720	0,7306239	1,0000000	0,0806170	0,2813951	0,7020847	0,2183174	0,8524331	0,6713138	0,8176134	0,5915690	0,1245212	0,5762269	0,4134190	0,5000762	0,6396534	0,5233031
740	0,7282037	1,0000000	0,0774570	0,2802668	0,6905835	0,2048999	0,8425291	0,6540681	0,8263310	0,5709765	0,1211577	0,5668644	0,4011464	0,4837224	0,6465163	0,5123423
760	0,7265237	1,0000000	0,0752530	0,2788834	0,6845867	0,1954685	0,8344785	0,6427773	0,8324310	0,5565136	0,1191740	0,5610647	0,3927404	0,4738401	0,6508453	0,5052702
780	0,7254504	1,0000000	0,0737414	0,2776421	0,6818348	0,1891725	0,8281857	0,6359990	0,8365543	0,5466513	0,1180502	0,5576717	0,3872149	0,4681753	0,6534692	0,5008786
800	0,7248128	1,0000000	0,0727189	0,2766832	0,6808285	0,1851852	0,8234184	0,6323059	0,8392619	0,5400903	0,1174428	0,5558059	0,3837119	0,4651165	0,6549958	0,4982526
820	0,7244616	1,0000000	0,0720351	0,2760133	0,6806629	0,1827974	0,8198965	0,6305396	0,8409965	0,5358151	0,1171335	0,5548543	0,3815633	0,4635850	0,6558451	0,4967421
840	0,7242848	1,0000000	0,0715818	0,2755819	0,6808374	0,1814557	0,8173458	0,6298707	0,8420843	0,5330764	0,1169886	0,5544177	0,3802859	0,4628982	0,6562940	0,4959088
860	0,7242069	1,0000000	0,0712832	0,2753250	0,6811009	0,1807598	0,8155264	0,6297607	0,8427545	0,5313454	0,1169294	0,5542516	0,3795488	0,4626470	0,6565164	0,4954705
880	0,7241805	1,0000000	0,0710872	0,2751849	0,6813440	0,1804387	0,8142428	0,6298909	0,8431617	0,5302620	0,1169114	0,5542147	0,3791357	0,4625996	0,6566170	0,4952528
900	0,7241782	1,0000000	0,0709587	0,2751169	0,6815309	0,1803198	0,8133439	0,6300904	0,8434067	0,5295878	0,1169112	0,5542310	0,3789104	0,4626333	0,6566562	0,4951527
920	0,7241851	1,0000000	0,0708745	0,2750902	0,6816598	0,1802995	0,8127168	0,6302791	0,8435533	0,5291688	0,1169170	0,5542626	0,3787906	0,4626883	0,6566669	0,4951116
940	0,7241939	1,0000000	0,0708191	0,2750847	0,6817419	0,1803200	0,8122799	0,6304279	0,8436412	0,5289077	0,1169236	0,5542932	0,3787282	0,4627394	0,6566661	0,4950980
960	0,7242017	1,0000000	0,0707826	0,2750886	0,6817904	0,1803518	0,8119752	0,6305330	0,8436941	0,5287440	0,1169290	0,5543170	0,3786961	0,4627784	0,6566619	0,4950958
980	0,7242075	1,0000000	0,0707584	0,2750956	0,6818171	0,1803816	0,8117620	0,6306011	0,8437265	0,5286402	0,1169328	0,5543335	0,3786795	0,4628050	0,6566575	0,4950975
1000	0,7242114	1,0000000	0,0707422	0,2751024	0,6818304	0,1804047	0,8116122	0,6306419	0,8437466	0,5285736	0,1169352	0,5543439	0,3786706	0,4628216	0,6566542	0,4950997
1020	0,7242139	1,0000000	0,0707314	0,2751080	0,6818362	0,1804207	0,8115066	0,6306643	0,8437594	0,5285304	0,1169367	0,5543501	0,3786656	0,4628312	0,6566520	0,4951015
1040	0,7242153	1,0000000	0,0707241	0,2751120	0,6818381	0,1804309	0,8114318	0,6306753	0,8437677	0,5285019	0,1169374	0,5543534	0,3786625	0,4628364	0,6566507	0,4951025
1060	0,7242161	1,0000000	0,0707192	0,2751147	0,6818382	0,1804369	0,8113786	0,6306798	0,8437731	0,5284829	0,1169378	0,5543550	0,3786604	0,4628388	0,6566500	0,4951030
1080	0,7242165	1,0000000	0,0707159	0,2751163	0,6818377	0,1804400	0,8113406	0,6306809	0,8437768	0,5284702	0,1169379	0,5543557	0,3786589	0,4628398	0,6566498	0,4951032
1100	0,7242167	1,0000000	0,0707136	0,2751172	0,6818370	0,1804415	0,8113134	0,6306805	0,8437792	0,5284617	0,1169380	0,5543559	0,3786578	0,4628400	0,6566497	0,4951032

0	0,7242162	1,0000000	0,0707800	0,2751226	0,6818358	0,1804332	0,8111890	0,6306389	0,8437538	0,5284770	0,1169379	0,5543549	0,3786652	0,4628384	0,6566494	0,4951037
20	0,7242165	1,0000000	0,0707568	0,1734158	0,6818360	0,0990341	0,8114559	0,6681226	0,8493581	0,5233539	0,1169379	0,3322750	0,3596849	0,4628390	0,6566496	0,4718836
40	0,7242166	1,0000000	0,0707411	0,1093237	0,6818358	0,0588138	0,8128962	0,7101471	0,8529992	0,5199763	0,1169379	0,2134812	0,3478173	0,4628393	0,6566497	0,4582118
60	0,7242166	1,0000000	0,0707306	0,0689356	0,6818357	0,0400018	0,8162027	0,7510594	0,8553648	0,5177496	0,1169379	0,1499366	0,3403969	0,4628394	0,6566498	0,4501618
80	0,7242166	1,0000000	0,0707235	0,0434846	0,6818355	0,0320863	0,8219171	0,7788199	0,8569018	0,5162815	0,1169379	0,1159456	0,3357572	0,4628394	0,6566498	0,4454221
100	0,7242166	1,0000000	0,0707187	0,0274462	0,6818354	0,0293274	0,8304393	0,7934112	0,8579003	0,5153137	0,1169379	0,0977634	0,3328562	0,4628394	0,6566499	0,4426313
120	0,7242166	1,0000000	0,0707155	0,0173392	0,6818353	0,0286988	0,8418399	0,7998656	0,8585490	0,5146756	0,1169379	0,0880374	0,3310423	0,4628393	0,6566499	0,4409881
140	0,7242166	1,0000000	0,0707134	0,0109701	0,6818353	0,0287801	0,8556543	0,8024008	0,8589705	0,5142549	0,1169379	0,0828349	0,3299081	0,4628393	0,6566499	0,4400206
160	0,7242166	1,0000000	0,0707119	0,0069564	0,6818353	0,0290076	0,8708739	0,8033154	0,8592444	0,5139775	0,1169378	0,0800519	0,3291989	0,4628392	0,6566500	0,4394510
180	0,7242166	1,0000000	0,0707109	0,0044270	0,6818352	0,0292040	0,8862242	0,8036251	0,8594223	0,5137947	0,1169378	0,0785633	0,3287555	0,4628392	0,6566500	0,4391155
200	0,7242166	1,0000000	0,0707103	0,0028331	0,6818352	0,0293372	0,9005607	0,8037249	0,8595379	0,5136741	0,1169378	0,0777670	0,3284783	0,4628392	0,6566500	0,4389181
220	0,7242166	1,0000000	0,0707098	0,0018286	0,6818352	0,0294183	0,9131339	0,8037559	0,8596130	0,5135947	0,1169378	0,0773411	0,3283049	0,4628392	0,6566500	0,4388018
240	0,7242166	1,0000000	0,0707095	0,0011956	0,6818352	0,0294649	0,9236306	0,8037652	0,8596618	0,5135423	0,1169378	0,0771132	0,3281965	0,4628392	0,6566500	0,4387333
260	0,7242166	1,0000000	0,0707093	0,0007967	0,6818352	0,0294905	0,9320711	0,8037679	0,8596935	0,5135077	0,1169378	0,0769913	0,3281287	0,4628392	0,6566500	0,4386930
280	0,7242166	1,0000000	0,0707092	0,0005454	0,6818352	0,0295044	0,9386693	0,8037687	0,8597141	0,5134849	0,1169378	0,0769261	0,3280864	0,4628392	0,6566500	0,4386693
300	0,7242166	1,0000000	0,0707091	0,0003870	0,6818352	0,0295117	0,9437196	0,8037690	0,8597274	0,5134699	0,1169378	0,0768913	0,3280599	0,4628392	0,6566500	0,4386553
320	0,7242166	1,0000000	0,0707090	0,0002871	0,6818352	0,0295155	0,9475243	0,8037690	0,8597361	0,5134600	0,1169378	0,0768726	0,3280433	0,4628392	0,6566500	0,4386471
340	0,7242166	1,0000000	0,0707090	0,0002242	0,6818352	0,0295175	0,9503568	0,8037690	0,8597418	0,5134535	0,1169378	0,0768626	0,3280329	0,4628392	0,6566500	0,4386422
360	0,7242166	1,0000000	0,0707090	0,0001846	0,6818352	0,0295185	0,9524465	0,8037690	0,8597455	0,5134492	0,1169378	0,0768573	0,3280265	0,4628392	0,6566500	0,4386394
380	0,7242166	1,0000000	0,0707090	0,0001596	0,6818352	0,0295190	0,9539779	0,8037690	0,8597478	0,5134464	0,1169378	0,0768544	0,3280224	0,4628392	0,6566500	0,4386377
400	0,7242166	1,0000000	0,0707089	0,0001438	0,6818352	0,0295193	0,9550944	0,8037690	0,8597494	0,5134445	0,1169378	0,0768529	0,3280199	0,4628392	0,6566500	0,4386367
420	0,7242166	1,0000000	0,0707089	0,0001339	0,6818352	0,0295194	0,9559051	0,8037690	0,8597504	0,5134433	0,1169378	0,0768521	0,3280183	0,4628392	0,6566500	0,4386361
440	0,7242166	1,0000000	0,0707089	0,0001277	0,6818352	0,0295195	0,9564922	0,8037690	0,8597510	0,5134425	0,1169378	0,0768517	0,3280173	0,4628392	0,6566500	0,4386358
460	0,7242166	1,0000000	0,0707089	0,0001237	0,6818352	0,0295196	0,9569164	0,8037690	0,8597515	0,5134419	0,1169378	0,0768514	0,3280167	0,4628392	0,6566500	0,4386356
480	0,7242166	1,0000000	0,0707089	0,0001213	0,6818352	0,0295196	0,9572223	0,8037690	0,8597517	0,5134416	0,1169378	0,0768513	0,3280163	0,4628392	0,6566500	0,4386354
500	0,7242166	1,0000000	0,0707089	0,0001197	0,6818352	0,0295196	0,9574427	0,8037690	0,8597519	0,5134413	0,1169378	0,0768512	0,3280161	0,4628392	0,6566500	0,4386354
520	0,7242166	1,0000000	0,0707089	0,0001187	0,6818352	0,0295196	0,9576012	0,8037690	0,8597520	0,5134412	0,1169378	0,0768512	0,3280159	0,4628392	0,6566500	0,4386353
540	0,7242166	1,0000000	0,0707089	0,0001181	0,6818352	0,0295196	0,9577153	0,8037690	0,8597521	0,5134411	0,1169378	0,0768512	0,3280158	0,4628392	0,6566500	0,4386353
560	0,7242166	1,0000000	0,0707089	0,0001177	0,6818352	0,0295196	0,9577972	0,8037690	0,8597522	0,5134410	0,1169378	0,0768512	0,3280158	0,4628392	0,6566500	0,4386353
580	0,7242166	1,0000000	0,0707089	0,1133667	0,6818352	0,1840376	0,9549206	0,7816206	0,8541585	0,5185530	0,1169378	0,2989313	0,3469924	0,4628392	0,6566500	0,4618550
600	0,7242166	1,0000000	0,0707089	0,1846914	0,6818352	0,2591220	0,9384676	0,7756372	0,8505243	0,5219232	0,1169378	0,4177253	0,3588577	0,4628392	0,6566500	0,4755266
620	0,7242166	1,0000000	0,0707089	0,2292704	0,6818352	0,2848327	0,9147174	0,7698002	0,8481632	0,5241451	0,1169378	0,4812700	0,3662766	0,4628392	0,6566500	0,4835764
640	0,7242166	1,0000000	0,0707089	0,2562562	0,6818352	0,2795879	0,8917586	0,7559885	0,8466293	0,5256099	0,1169378	0,5152609	0,3709154	0,4628392	0,6566500	0,4883160
660	0,7242166	1,0000000	0,0707089	0,2714009	0,6818352	0,2603803	0,8723726	0,7331414	0,8456326	0,5265756	0,1169378	0,5334432	0,3738158	0,4628392	0,6566500	0,4911066
680	0,7242166	1,0000000	0,0707089	0,2787522	0,6818352	0,2387981	0,8569251	0,7062724	0,8449852	0,5272123	0,1169378	0,5431692	0,3756294	0,4628392	0,6566500	0,4927498
700	0,7242166	1,0000000	0,0707089	0,2813457	0,6818352	0,2202061	0,8449882	0,6812850	0,8445645	0,5276320	0,1169378	0,5483717	0,3767633	0,4628392	0,6566500	0,4937172
720	0,7242166	1,0000000	0,0707089	0,2813775	0,6818352	0,2060841	0,8359412	0,6615412	0,8442912	0,5279087	0,1169378	0,5511547	0,3774723	0,4628392	0,6566500	0,4942869
740	0,7242166	1,0000000	0,0707089	0,2802905	0,6818352	0,1961545	0,8291803	0,6477093	0,8441136	0,5280911	0,1169378	0,5526433	0,3779156	0,4628392	0,6566500	0,4946222
760	0,7242166	1,0000000	0,0707089	0,2789209	0,6818352	0,1895634	0,8241850	0,6389322	0,8439983	0,5282114	0,1169378	0,5534396	0,3781928	0,4628392	0,6566500	0,4948197
780	0,7242166	1,0000000	0,0707089	0,2776789	0,6818352	0,1854056	0,8205296	0,6338659	0,8439233	0,5282907	0,1169378	0,5538655	0,3783661	0,4628392	0,6566500	0,4949360
800	0,7242166	1,0000000	0,0707089	0,2767133	0,6818352	0,1829156	0,8178772	0,6312456	0,8438746	0,5283430	0,1169378	0,5540934	0,3784745	0,4628392	0,6566500	0,4950045
820	0,7242166	1,0000000	0,0707089	0,2760352	0,6818352	0,1815104	0,8159664	0,6300947	0,8438430	0,5283774	0,1169378	0,5542153	0,3785422	0,4628392	0,6566500	0,4950448
840	0,7242166	1,0000000	0,0707089	0,2755967	0,6818352	0,1807758	0,8145982	0,6297444	0,8438224	0,5284001	0,1169378	0,5542804	0,3785846	0,4628392	0,6566500	0,4950685
860	0,7242166	1,0000000	0,0707089	0,2753342	0,6818352	0,1804329	0,8136233	0,6297777	0,8438091	0,5284151	0,1169378	0,5543153	0,3786111	0,4628392	0,6566500	0,4950825
880	0,7242166	1,0000000	0,0707089	0,2751901	0,6818352	0,1803036	0,8129310	0,6299572	0,8438004	0,5284250	0,1169378	0,5543340	0,3786276	0,4628392	0,6566500	0,4950907
900	0,7242166	1,0000000	0,0707089	0,2751197	0,6818352	0,1802805	0,8124405	0,6301614	0,8437948	0,5284315	0,1169378	0,5543440	0,3786380	0,4628392	0,6566500	0,4950955
920	0,7242166	1,0000000	0,0707089	0,2750914	0,6818352	0,1803024	0,8120934	0,6303376	0,8437911	0,5284358	0,1169378	0,5543493	0,3786445	0,4628392	0,6566500	0,4950984
940	0,7242166	1,0000000	0,0707089	0,2750851	0,6818352	0,1803375	0,8118478	0,6304701	0,8437887	0,5284386	0,1169378	0,5543521	0,3786485	0,4628392	0,6566500	0,4951001
960	0,7242166	1,0000000	0,0707089	0,2750886	0,6818352	0,1803709	0,8116738	0,6305608	0,8437872	0,5284405	0,1169378	0,5543537	0,3786510	0,4628392	0,6566500	0,4951011
980	0,7242166	1,0000000	0,0707089	0,2750954	0,6818352	0,1803974	0,8115505	0,6306181	0,8437862	0,5284417	0,1169378	0,5543545	0,3786526	0,4628392	0,6566500	0,4951017
1000	0,7242166	1,0000000	0,0707089	0,2751022	0,6818352	0,1804161	0,8114629	0,6306515	0,8437855	0,5284425	0,1169378	0,5543549	0,3786536	0,4628392	0,6566500	0,4951020
1020	0,7242166	1,0000000	0,0707089	0,2751078	0,6818352	0,1804282	0,8114006	0,6306694	0,8437851	0,5284431	0,1169378	0,5543552	0,3786542	0,4628392	0,6566500	0,4951022
1040	0,7242166	1,0000000	0,0707089	0,2751119	0,6818352	0,1804355	0,8113561	0,6306777	0,8437848	0,5284434	0,1169378	0,5543553	0,3786546	0,4628392	0,6566500	0,4951023
1060	0,7242166	1,0000000	0,0707089	0,2751146	0,6818352	0,1804395	0,8113244	0,6306808	0,8437846	0,5284436	0,1169378	0,5543554	0,3786549	0,4628392	0,6566500	0,4951024
1080	0,7242166	1,0000000	0,0707089	0,2751162	0,6818352	0,1804414	0,8113017	0,6306812	0,8437845	0,5284438	0,1169378	0,5543554	0,3786550	0,4628392	0,6566500	0,4951024
1100	0,7242166	1,0000000	0,0707089	0,2751172	0,6818352	0,1804422	0,8112855	0,6306804	0,8437844	0,5284439	0,1169378	0,5543554	0,3786551	0,4628392	0,6566500	0,4951025

0	0,7242162	1,0000000	0,0707800	0,2751226	0,6818358	0,1804332	0,8111890	0,6306389	0,8437538	0,5284770	0,1169379	0,5543549	0,3786652	0,4628384	0,6566494	0,4951037
20	0,7242165	1,0000000	0,0542664	0,1733890	0,6818360	0,1830632	0,8114559	0,4672079	0,8437644	0,5284659	0,1169379	0,5543553	0,3786616	0,4628390	0,6661045	0,4951033
40	0,7242166	1,0000000	0,0431527	0,1092791	0,6818358	0,1960728	0,8128967	0,4535045	0,8437713	0,5284586	0,1169379	0,5543555	0,3786594	0,4628393	0,6715107	0,4951031
60	0,7242166	1,0000000	0,0356731	0,0688788	0,6818357	0,2201985	0,8162046	0,4748393	0,8437758	0,5284538	0,1169379	0,5543556	0,3786579	0,4628394	0,6746019	0,4951029
80	0,7242166	1,0000000	0,0306392	0,0434196	0,6818355	0,2504151	0,8219220	0,4943849	0,8437788	0,5284505	0,1169379	0,5543555	0,3786570	0,4628394	0,6763693	0,4951028
100	0,7242166	1,0000000	0,0272514	0,0273758	0,6818354	0,2796355	0,8304500	0,5054622	0,8437807	0,5284484	0,1169379	0,5543555	0,3786564	0,4628394	0,6773799	0,4951027
120	0,7242166	1,0000000	0,0249714	0,0172654	0,6818353	0,3029809	0,8418600	0,5104997	0,8437819	0,5284469	0,1169379	0,5543555	0,3786560	0,4628393	0,6779578	0,4951026
140	0,7242166	1,0000000	0,0234369	0,0108941	0,6818353	0,3192460	0,8556875	0,5125030	0,8437828	0,5284460	0,1169379	0,5543555	0,3786557	0,4628393	0,6782882	0,4951026
160	0,7242166	1,0000000	0,0224042	0,0068790	0,6818353	0,3295533	0,8709224	0,5132302	0,8437833	0,5284453	0,1169378	0,5543555	0,3786555	0,4628392	0,6784771	0,4951025
180	0,7242166	1,0000000	0,0217092	0,0043488	0,6818352	0,3356740	0,8862875	0,5134771	0,8437837	0,5284449	0,1169378	0,5543554	0,3786554	0,4628392	0,6785851	0,4951025
200	0,7242166	1,0000000	0,0212414	0,0027543	0,6818352	0,3391490	0,9006362	0,5135569	0,8437839	0,5284446	0,1169378	0,5543554	0,3786554	0,4628392	0,6786469	0,4951025
220	0,7242166	1,0000000	0,0209266	0,0017495	0,6818352	0,3410606	0,9132175	0,5135816	0,8437840	0,5284444	0,1169378	0,5543554	0,3786553	0,4628392	0,6786822	0,4951025
240	0,7242166	1,0000000	0,0207148	0,0011163	0,6818352	0,3420887	0,9237180	0,5135890	0,8437841	0,5284443	0,1169378	0,5543554	0,3786553	0,4628392	0,6787024	0,4951025
260	0,7242166	1,0000000	0,0205722	0,0007172	0,6818352	0,3426329	0,9321584	0,5135912	0,8437842	0,5284442	0,1169378	0,5543554	0,3786553	0,4628392	0,6787139	0,4951025
280	0,7242166	1,0000000	0,0204762	0,0004658	0,6818352	0,3429174	0,9387536	0,5135918	0,8437842	0,5284442	0,1169378	0,5543554	0,3786553	0,4628392	0,6787205	0,4951025
300	0,7242166	1,0000000	0,0204116	0,0003073	0,6818352	0,3430650	0,9437989	0,5135920	0,8437843	0,5284442	0,1169378	0,5543554	0,3786553	0,4628392	0,6787243	0,4951025
320	0,7242166	1,0000000	0,0203682	0,0002074	0,6818352	0,3431411	0,9475974	0,5135920	0,8437843	0,5284441	0,1169378	0,5543554	0,3786553	0,4628392	0,6787265	0,4951025
340	0,7242166	1,0000000	0,0203389	0,0001445	0,6818352	0,3431801	0,9504232	0,5135920	0,8437843	0,5284441	0,1169378	0,5543554	0,3786553	0,4628392	0,6787277	0,4951025
360	0,7242166	1,0000000	0,0203192	0,0001048	0,6818352	0,3432001	0,9525062	0,5135920	0,8437843	0,5284441	0,1169378	0,5543554	0,3786553	0,4628392	0,6787284	0,4951025
380	0,7242166	1,0000000	0,0203060	0,0000798	0,6818352	0,3432103	0,9540311	0,5135920	0,8437843	0,5284441	0,1169378	0,5543554	0,3786553	0,4628392	0,6787288	0,4951025
400	0,7242166	1,0000000	0,0202971	0,0000641	0,6818352	0,3432155	0,9551415	0,5135920	0,8437843	0,5284441	0,1169378	0,5543554	0,3786553	0,4628392	0,6787290	0,4951025
420	0,7242166	1,0000000	0,0202911	0,0000542	0,6818352	0,3432181	0,9559469	0,5135920	0,8437843	0,5284441	0,1169378	0,5543554	0,3786553	0,4628392	0,6787292	0,4951025
440	0,7242166	1,0000000	0,0202870	0,0000479	0,6818352	0,3432194	0,9565292	0,5135920	0,8437843	0,5284441	0,1169378	0,5543554	0,3786553	0,4628392	0,6787292	0,4951025
460	0,7242166	1,0000000	0,0202843	0,0000440	0,6818352	0,3432201	0,9569492	0,5135920	0,8437843	0,5284441	0,1169378	0,5543554	0,3786553	0,4628392	0,6787293	0,4951025
480	0,7242166	1,0000000	0,0202825	0,0000415	0,6818352	0,3432205	0,9572517	0,5135920	0,8437843	0,5284441	0,1169378	0,5543554	0,3786553	0,4628392	0,6787293	0,4951025
500	0,7242166	1,0000000	0,0202812	0,0000399	0,6818352	0,3432206	0,9574692	0,5135920	0,8437843	0,5284441	0,1169378	0,5543554	0,3786553	0,4628392	0,6787293	0,4951025
520	0,7242166	1,0000000	0,0202804	0,0000389	0,6818352	0,3432207	0,9576254	0,5135920	0,8437843	0,5284441	0,1169378	0,5543554	0,3786553	0,4628392	0,6787293	0,4951025
540	0,7242166	1,0000000	0,0202798	0,0000383	0,6818352	0,3432208	0,9577376	0,5135920	0,8437843	0,5284441	0,1169378	0,5543554	0,3786553	0,4628392	0,6787293	0,4951025
560	0,7242166	1,0000000	0,0202795	0,0000379	0,6818352	0,3432208	0,9578180	0,5135920	0,8437843	0,5284441	0,1169378	0,5543554	0,3786553	0,4628392	0,6787293	0,4951025
580	0,7242166	1,0000000	0,0367695	0,1133164	0,6818352	0,3431043	0,9549594	0,7102174	0,8437843	0,5284441	0,1169378	0,5543554	0,3786553	0,4628392	0,6692744	0,4951025
600	0,7242166	1,0000000	0,0478675	0,1846599	0,6818352	0,3397879	0,9385171	0,7580692	0,8437843	0,5284441	0,1169378	0,5543554	0,3786553	0,4628392	0,6638683	0,4951025
620	0,7242166	1,0000000	0,0553365	0,2292513	0,6818352	0,3257525	0,9147617	0,7654854	0,8437843	0,5284441	0,1169378	0,5543554	0,3786553	0,4628392	0,6607772	0,4951025
640	0,7242166	1,0000000	0,0603632	0,2562455	0,6818352	0,3003533	0,8917941	0,7549416	0,8437843	0,5284441	0,1169378	0,5543554	0,3786553	0,4628392	0,6590098	0,4951025
660	0,7242166	1,0000000	0,0637461	0,2713959	0,6818352	0,2709215	0,8723997	0,7329013	0,8437843	0,5284441	0,1169378	0,5543554	0,3786553	0,4628392	0,6579993	0,4951025
680	0,7242166	1,0000000	0,0660229	0,2787507	0,6818352	0,2441505	0,8569454	0,7062291	0,8437843	0,5284441	0,1169378	0,5543554	0,3786553	0,4628392	0,6574215	0,4951025
700	0,7242166	1,0000000	0,0675552	0,2813462	0,6818352	0,2229245	0,8450032	0,6812861	0,8437843	0,5284441	0,1169378	0,5543554	0,3786553	0,4628392	0,6570911	0,4951025
720	0,7242166	1,0000000	0,0685864	0,2813787	0,6818352	0,2074650	0,8359521	0,6615492	0,8437843	0,5284441	0,1169378	0,5543554	0,3786553	0,4628392	0,6569022	0,4951025
740	0,7242166	1,0000000	0,0692805	0,2802918	0,6818352	0,1968560	0,8291883	0,6477159	0,8437843	0,5284441	0,1169378	0,5543554	0,3786553	0,4628392	0,6567942	0,4951025
760	0,7242166	1,0000000	0,0697476	0,2789221	0,6818352	0,1899198	0,8241908	0,6389362	0,8437843	0,5284441	0,1169378	0,5543554	0,3786553	0,4628392	0,6567324	0,4951025
780	0,7242166	1,0000000	0,0700619	0,2776797	0,6818352	0,1855866	0,8205338	0,6338680	0,8437843	0,5284441	0,1169378	0,5543554	0,3786553	0,4628392	0,6566971	0,4951025
800	0,7242166	1,0000000	0,0702735	0,2767139	0,6818352	0,1830075	0,8178801	0,6312465	0,8437843	0,5284441	0,1169378	0,5543554	0,3786553	0,4628392	0,6566769	0,4951025
820	0,7242166	1,0000000	0,0704159	0,2760356	0,6818352	0,1815570	0,8159685	0,6300949	0,8437843	0,5284441	0,1169378	0,5543554	0,3786553	0,4628392	0,6566654	0,4951025
840	0,7242166	1,0000000	0,0705117	0,2755969	0,6818352	0,1807994	0,8145998	0,6297443	0,8437843	0,5284441	0,1169378	0,5543554	0,3786553	0,4628392	0,6566588	0,4951025
860	0,7242166	1,0000000	0,0705762	0,2753343	0,6818352	0,1804448	0,8136244	0,6297775	0,8437843	0,5284441	0,1169378	0,5543554	0,3786553	0,4628392	0,6566550	0,4951025
880	0,7242166	1,0000000	0,0706196	0,2751902	0,6818352	0,1803096	0,8129318	0,6299570	0,8437843	0,5284441	0,1169378	0,5543554	0,3786553	0,4628392	0,6566529	0,4951025
900	0,7242166	1,0000000	0,0706488	0,2751197	0,6818352	0,1802835	0,8124411	0,6301612	0,8437843	0,5284441	0,1169378	0,5543554	0,3786553	0,4628392	0,6566516	0,4951025
920	0,7242166	1,0000000	0,0706685	0,2750914	0,6818352	0,1803039	0,8120938	0,6303375	0,8437843	0,5284441	0,1169378	0,5543554	0,3786553	0,4628392	0,6566509	0,4951025
940	0,7242166	1,0000000	0,0706817	0,2750851	0,6818352	0,1803382	0,8118481	0,6304700	0,8437843	0,5284441	0,1169378	0,5543554	0,3786553	0,4628392	0,6566505	0,4951025
960	0,7242166	1,0000000	0,0706906	0,2750886	0,6818352	0,1803713	0,8116740	0,6305607	0,8437843	0,5284441	0,1169378	0,5543554	0,3786553	0,4628392	0,6566503	0,4951025
980	0,7242166	1,0000000	0,0706966	0,2750954	0,6818352	0,1803976	0,8115506	0,6306180	0,8437843	0,5284441	0,1169378	0,5543554	0,3786553	0,4628392	0,6566502	0,4951025
1000	0,7242166	1,0000000	0,0707006	0,2751022	0,6818352	0,1804162	0,8114630	0,6306515	0,8437843	0,5284441	0,1169378	0,5543554	0,3786553	0,4628392	0,6566501	0,4951025
1020	0,7242166	1,0000000	0,0707033	0,2751078	0,6818352	0,1804283	0,8114006	0,6306694	0,8437843	0,5284441	0,1169378	0,5543554	0,3786553	0,4628392	0,6566500	0,4951025
1040	0,7242166	1,0000000	0,0707052	0,2751119	0,6818352	0,1804355	0,8113562	0,6306777	0,8437843	0,5284441	0,1169378	0,5543554	0,3786553	0,4628392	0,6566500	0,4951025
1060	0,7242166	1,0000000	0,0707064	0,2751146	0,6818352	0,1804395	0,8113244	0,6306808	0,8437843	0,5284441	0,1169378	0,5543554	0,3786553	0,4628392	0,6566500	0,4951025
1080	0,7242166	1,0000000	0,0707072	0,2751162	0,6818352	0,1804414	0,8113017	0,6306812	0,8437843	0,5284441	0,1169378	0,5543554	0,3786553	0,4628392	0,6566500	0,4951025
1100	0,7242166	1,0000000	0,0707078	0,2751172	0,6818352	0,1804422	0,8112855	0,6306804	0,8437843	0,5284441	0,1169378	0,5543554	0,3786553	0,4628392	0,6566500	0,4951025

0	0,7242162	1,0000000	0,0707800	0,2751226	0,6818358	0,1804332	0,8111890	0,6306389	0,8437538	0,5284770	0,1169379	0,5543549	0,3786652	0,4628384	0,6566494	0,4951037
20	0,5214970	1,0000000	0,0713639	0,2751299	0,7031945	0,1810752	0,8435239	0,6327786	0,8402991	0,5352098	0,1186666	0,4322301	0,3844069	0,4734437	0,6892215	0,4646032
40	0,4104671	1,0000000	0,0746792	0,2751984	0,7788430	0,1850150	0,8710535	0,6424639	0,8216165	0,5673819	0,1275953	0,3811134	0,4128536	0,5227377	0,6974276	0,4661797
60	0,3540250	1,0000000	0,0819346	0,2753849	0,8640390	0,1944582	0,8956602	0,6591344	0,7824343	0,6225361	0,1458970	0,3717698	0,4651691	0,6045439	0,6876115	0,4931232
80	0,3283480	1,0000000	0,0933814	0,2757604	0,9247792	0,2096523	0,9169131	0,6780502	0,7249604	0,6867412	0,1729658	0,3828864	0,5314266	0,6944750	0,6671711	0,5337166
100	0,3187023	1,0000000	0,1082565	0,2763778	0,9593048	0,2284381	0,9343649	0,6946618	0,6573886	0,7476208	0,2057343	0,4008943	0,5993401	0,7727287	0,6426576	0,5772444
120	0,3165961	1,0000000	0,1249331	0,2772165	0,9769329	0,2475723	0,9481263	0,7070296	0,5896149	0,7988573	0,2396468	0,4186184	0,6600548	0,8319090	0,6188255	0,6167013
140	0,3175387	1,0000000	0,1415160	0,2781666	0,9855703	0,2644457	0,9586769	0,7151780	0,5290238	0,8389752	0,2704960	0,4331685	0,7095698	0,8730293	0,5983748	0,6489175
160	0,3193671	1,0000000	0,1564865	0,2790795	0,9897797	0,2777927	0,9666118	0,7199589	0,4791563	0,8689717	0,2957576	0,4439816	0,7474533	0,9001193	0,5822908	0,6733906
180	0,3211576	1,0000000	0,1690078	0,2798388	0,9918528	0,2874960	0,9724984	0,7223839	0,4405217	0,8907013	0,3147563	0,4515061	0,7751176	0,9173256	0,5704490	0,6910117
200	0,3225950	1,0000000	0,1788752	0,2803937	0,9928855	0,2940870	0,9768215	0,7233341	0,4119231	0,9060762	0,3280840	0,4564895	0,7946045	0,9279466	0,5621790	0,7031721
220	0,3236354	1,0000000	0,1862982	0,2807516	0,9934003	0,2983147	0,9799715	0,7234680	0,3914956	0,9167536	0,3368999	0,4596561	0,8079335	0,9343371	0,5566537	0,7112704
240	0,3243382	1,0000000	0,1916825	0,2809519	0,9936522	0,3008917	0,9822527	0,7232242	0,3773201	0,9240545	0,3424355	0,4615937	0,8168246	0,9380846	0,5531036	0,7164964
260	0,3247881	1,0000000	0,1954765	0,2810426	0,9937698	0,3023882	0,9838966	0,7228630	0,3677169	0,9289810	0,3457442	0,4627357	0,8226257	0,9402217	0,5509035	0,7197724
280	0,3250629	1,0000000	0,1980887	0,2810665	0,9938197	0,3032153	0,9850769	0,7225184	0,3613426	0,9322678	0,3476245	0,4633825	0,8263358	0,9414018	0,5495873	0,7217693
300	0,3252231	1,0000000	0,1998539	0,2810554	0,9938366	0,3036478	0,9859218	0,7222447	0,3571849	0,9344393	0,3486337	0,4637327	0,8286655	0,9420284	0,5488279	0,7229531
320	0,3253121	1,0000000	0,2010290	0,2810303	0,9938388	0,3038591	0,9865254	0,7220519	0,3545136	0,9358624	0,3491375	0,4639117	0,8301037	0,9423445	0,5484069	0,7236348
340	0,3253588	1,0000000	0,2018020	0,2810030	0,9938353	0,3039529	0,9869560	0,7219291	0,3528192	0,9367887	0,3493633	0,4639963	0,8309776	0,9424928	0,5481842	0,7240152
360	0,3253814	1,0000000	0,2023059	0,2809793	0,9938304	0,3039883	0,9872629	0,7218587	0,3517560	0,9373887	0,3494457	0,4640314	0,8315009	0,9425544	0,5480733	0,7242201
380	0,3253911	1,0000000	0,2026323	0,2809611	0,9938259	0,3039972	0,9874816	0,7218236	0,3510947	0,9377758	0,3494605	0,4640421	0,8318100	0,9425742	0,5480226	0,7243258
400	0,3253943	1,0000000	0,2028429	0,2809484	0,9938224	0,3039957	0,9876374	0,7218099	0,3506859	0,9380250	0,3494478	0,4640423	0,8319904	0,9425756	0,5480028	0,7243774
420	0,3253945	1,0000000	0,2029786	0,2809402	0,9938199	0,3039912	0,9877485	0,7218080	0,3504343	0,9381852	0,3494274	0,4640385	0,8320946	0,9425703	0,5479975	0,7244007
440	0,3253937	1,0000000	0,2030661	0,2809353	0,9938182	0,3039868	0,9878276	0,7218115	0,3502798	0,9382883	0,3494079	0,4640341	0,8321543	0,9425637	0,5479984	0,7244099
460	0,3253926	1,0000000	0,2031226	0,2809327	0,9938172	0,3039835	0,9878840	0,7218167	0,3501848	0,9383548	0,3493923	0,4640303	0,8321883	0,9425579	0,5480012	0,7244126
480	0,3253916	1,0000000	0,2031593	0,2809314	0,9938165	0,3039814	0,9879243	0,7218218	0,3501261	0,9383977	0,3493810	0,4640275	0,8322076	0,9425536	0,5480042	0,7244126
500	0,3253908	1,0000000	0,2031832	0,2809310	0,9938162	0,3039801	0,9879530	0,7218259	0,3500898	0,9384254	0,3493734	0,4640255	0,8322187	0,9425505	0,5480066	0,7244117
520	0,3253903	1,0000000	0,2031990	0,2809310	0,9938160	0,3039794	0,9879735	0,7218290	0,3500670	0,9384435	0,3493685	0,4640242	0,8322250	0,9425486	0,5480084	0,7244108
540	0,3253899	1,0000000	0,2032094	0,2809311	0,9938159	0,3039791	0,9879881	0,7218311	0,3500527	0,9384553	0,3493655	0,4640233	0,8322287	0,9425473	0,5480096	0,7244100
560	0,3253897	1,0000000	0,2032163	0,2809313	0,9938158	0,3039790	0,9879986	0,7218324	0,3500435	0,9384630	0,3493638	0,4640229	0,8322309	0,9425466	0,5480104	0,7244094
580	0,5470359	1,0000000	0,1980876	0,2803194	0,9918574	0,2998777	0,9809577	0,7176862	0,3632458	0,9343185	0,3368036	0,6499324	0,8236982	0,9358216	0,4950559	0,7578070
600	0,6643737	1,0000000	0,1794071	0,2786109	0,9787236	0,2857114	0,9716548	0,7035885	0,4205911	0,9113609	0,2929552	0,7208012	0,7829725	0,8990292	0,4915103	0,7488886
620	0,7188621	1,0000000	0,1558552	0,2770383	0,9436353	0,2686355	0,9576149	0,6869016	0,5049007	0,8652790	0,2417361	0,7231305	0,7148669	0,8272456	0,5161262	0,7106924
640	0,7391783	1,0000000	0,1341898	0,2759844	0,8871719	0,2526888	0,9391770	0,6727309	0,5893411	0,8047965	0,1993707	0,6942993	0,6385806	0,7390413	0,5491693	0,6621917
660	0,7431753	1,0000000	0,1166030	0,2753814	0,8244947	0,2381545	0,9185807	0,6620173	0,6606437	0,7423184	0,1689803	0,6577905	0,5688321	0,6561587	0,5800781	0,6162146
680	0,7406476	1,0000000	0,1031828	0,2750835	0,7706469	0,2247999	0,8982140	0,6539900	0,7158403	0,6864641	0,1486859	0,6249476	0,5120179	0,5898013	0,6049338	0,5784412
700	0,7363684	1,0000000	0,0933113	0,2749668	0,7317307	0,2129584	0,8796970	0,6477189	0,7564381	0,6409466	0,1357137	0,5995595	0,4690032	0,5417991	0,6232454	0,5500101
720	0,7323564	1,0000000	0,0862314	0,2749455	0,7068830	0,2031470	0,8638189	0,6426554	0,7852798	0,6061466	0,1276908	0,5816838	0,4380753	0,5094736	0,6359347	0,5298973
740	0,7292609	1,0000000	0,0812515	0,2749672	0,6925567	0,1955849	0,8507830	0,6386188	0,8052338	0,5807700	0,1228757	0,5699441	0,4167138	0,4889220	0,6443074	0,5163515
760	0,7271233	1,0000000	0,0778042	0,2750026	0,6851029	0,1901166	0,8404475	0,6355736	0,8187392	0,5629399	0,1200750	0,5626827	0,4024486	0,4765241	0,6495969	0,5076087
780	0,7257634	1,0000000	0,0754496	0,2750374	0,6817065	0,1863694	0,8324898	0,6334486	0,8277084	0,5507866	0,1185029	0,5584450	0,3932013	0,4694355	0,6528022	0,5021842
800	0,7249589	1,0000000	0,0738593	0,2750657	0,6804881	0,1839192	0,8265136	0,6320882	0,8335670	0,5427099	0,1176574	0,5561230	0,3873667	0,4656216	0,6546634	0,4989464
820	0,7245177	1,0000000	0,0727951	0,2750864	0,6803127	0,1823855	0,8221174	0,6312927	0,8373392	0,5374547	0,1172268	0,5549452	0,3837764	0,4637223	0,6556952	0,4970894
840	0,7242970	1,0000000	0,0720879	0,2751003	0,6805536	0,1814667	0,8189369	0,6308722	0,8397389	0,5340946	0,1170234	0,5544098	0,3816179	0,4628785	0,6562371	0,4960694
860	0,7242006	1,0000000	0,0716202	0,2751091	0,6808981	0,1809417	0,8166652	0,6306773	0,8412509	0,5319755	0,1169382	0,5542103	0,3803476	0,4625763	0,6565027	0,4955362
880	0,7241688	1,0000000	0,0713118	0,2751141	0,6812112	0,1806579	0,8150574	0,6306055	0,8421972	0,5306522	0,1169103	0,5541700	0,3796144	0,4625258	0,6566207	0,4952740
900	0,7241669	1,0000000	0,0711087	0,2751168	0,6814502	0,1805151	0,8139264	0,6305934	0,8427870	0,5298308	0,1169073	0,5541943	0,3791979	0,4625737	0,6566649	0,4951552
920	0,7241762	1,0000000	0,0709748	0,2751181	0,6816143	0,1804502	0,8131332	0,6306056	0,8431544	0,5293216	0,1169132	0,5542364	0,3789643	0,4626462	0,6566753	0,4951079
940	0,7241876	1,0000000	0,0708863	0,2751185	0,6817182	0,1804258	0,8125775	0,6306242	0,8433836	0,5290050	0,1169208	0,5542760	0,3788340	0,4627122	0,6566725	0,4950934
960	0,7241976	1,0000000	0,0708277	0,2751186	0,6817795	0,1804205	0,8121878	0,6306413	0,8435275	0,5288068	0,1169272	0,5543066	0,3787611	0,4627622	0,6566661	0,4950922
980	0,7242051	1,0000000	0,0707887	0,2751184	0,6818129	0,1804230	0,8119138	0,6306545	0,8436184	0,5286813	0,1169318	0,5543277	0,3787199	0,4627961	0,6566600	0,4950951
1000	0,7242101	1,0000000	0,0707626	0,2751183	0,6818295	0,1804277	0,8117206	0,6306637	0,8436763	0,5286009	0,1169347	0,5543410	0,3786960	0,4628172	0,6566555	0,4950984
1020	0,7242132	1,0000000	0,0707452	0,2751181	0,6818367	0,1804322	0,8115840	0,6306695	0,8437136	0,5285486	0,1169365	0,5543487	0,3786817	0,4628293	0,6566526	0,4951009
1040	0,7242150	1,0000000	0,0707334	0,2751180	0,6818390	0,1804357	0,8114870	0,6306729	0,8437378	0,5285142	0,1169374	0,5543529	0,3786728	0,4628358	0,6566510	0,4951024
1060	0,7242160	1,0000000	0,0707255	0,2751179	0,6818391	0,1804381	0,8114179	0,6306749	0,8437536	0,5284913	0,1169378	0,5543550	0,3786670	0,4628388	0,6566501	0,4951031
1080	0,7242165	1,0000000	0,0707201	0,2751178	0,6818384	0,1804396	0,8113687	0,6306758	0,8437640	0,5284759	0,1169380	0,5543558	0,3786632	0,4628400	0,6566497	0,4951033
1100	0,7242167	1,0000000	0,0707165	0,2751178	0,6818375	0,1804405	0,8113334	0,6306763	0,8437709	0,5284655	0,1169380	0,5543560	0,3786606	0,4628403	0,6566496	0,4951033

0	0,7242162	1,0000000	0,0707800	0,2751226	0,6818358	0,1804332	0,8111890	0,6306389	0,8437538	0,5284770	0,1169379	0,5543549	0,3786652	0,4628384	0,6566494	0,4951037
20	0,7242165	1,0000000	0,0707568	0,1734280	0,3410475	0,1302084	0,8097630	0,6337195	0,8950626	0,5284659	0,0863578	0,5543553	0,2569069	0,4628390	0,6761858	0,4292000
40	0,7242166	1,0000000	0,0707411	0,1093441	0,2335283	0,1086281	0,8017876	0,6351943	0,9283975	0,5284586	0,0701857	0,5543555	0,1807762	0,4628393	0,6873563	0,3903963
60	0,7242166	1,0000000	0,0707306	0,0689615	0,1996058	0,1061568	0,7844057	0,6213154	0,9500549	0,5284538	0,0616331	0,5543556	0,1331747	0,4628394	0,6937433	0,3675489
80	0,7242166	1,0000000	0,0707235	0,0435141	0,1889032	0,1137393	0,7596109	0,6042400	0,9641255	0,5284505	0,0571101	0,5543555	0,1034113	0,4628394	0,6973952	0,3540966
100	0,7242166	1,0000000	0,0707187	0,0274782	0,1855265	0,1241560	0,7333423	0,5928906	0,9732671	0,5284484	0,0547181	0,5543555	0,0848015	0,4628394	0,6994833	0,3461759
120	0,7242166	1,0000000	0,0707155	0,0173728	0,1844612	0,1333427	0,7110756	0,5865237	0,9792062	0,5284469	0,0534531	0,5543555	0,0731655	0,4628393	0,7006772	0,3415122
140	0,7242166	1,0000000	0,0707134	0,0110047	0,1841250	0,1399899	0,6953746	0,5830470	0,9830649	0,5284460	0,0527841	0,5543555	0,0658899	0,4628393	0,7013599	0,3387663
160	0,7242166	1,0000000	0,0707119	0,0069916	0,1840190	0,1442775	0,6862046	0,5811596	0,9855718	0,5284453	0,0524303	0,5543555	0,0613408	0,4628392	0,7017502	0,3371495
180	0,7242166	1,0000000	0,0707109	0,0044627	0,1839855	0,1468487	0,6821407	0,5801495	0,9872005	0,5284449	0,0522432	0,5543554	0,0584964	0,4628392	0,7019734	0,3361976
200	0,7242166	1,0000000	0,0707103	0,0028690	0,1839749	0,1483173	0,6814176	0,5796196	0,9882587	0,5284446	0,0521443	0,5543554	0,0567179	0,4628392	0,7021010	0,3356371
220	0,7242166	1,0000000	0,0707098	0,0018647	0,1839716	0,1491286	0,6825303	0,5793470	0,9889462	0,5284444	0,0520920	0,5543554	0,0556059	0,4628392	0,7021740	0,3353071
240	0,7242166	1,0000000	0,0707095	0,0012318	0,1839706	0,1495663	0,6844323	0,5792088	0,9893928	0,5284443	0,0520643	0,5543554	0,0549106	0,4628392	0,7022157	0,3351127
260	0,7242166	1,0000000	0,0707093	0,0008329	0,1839702	0,1497985	0,6864999	0,5791397	0,9896830	0,5284442	0,0520497	0,5543554	0,0544759	0,4628392	0,7022395	0,3349983
280	0,7242166	1,0000000	0,0707092	0,0005816	0,1839701	0,1499202	0,6884136	0,5791053	0,9898715	0,5284442	0,0520419	0,5543554	0,0542041	0,4628392	0,7022532	0,3349310
300	0,7242166	1,0000000	0,0707091	0,0004232	0,1839701	0,1499834	0,6900434	0,5790883	0,9899940	0,5284442	0,0520378	0,5543554	0,0540341	0,4628392	0,7022610	0,3348913
320	0,7242166	1,0000000	0,0707090	0,0003234	0,1839701	0,1500161	0,6913633	0,5790800	0,9900736	0,5284441	0,0520357	0,5543554	0,0539278	0,4628392	0,7022654	0,3348680
340	0,7242166	1,0000000	0,0707090	0,0002605	0,1839701	0,1500328	0,6923976	0,5790759	0,9901253	0,5284441	0,0520345	0,5543554	0,0538614	0,4628392	0,7022680	0,3348542
360	0,7242166	1,0000000	0,0707090	0,0002209	0,1839701	0,1500414	0,6931900	0,5790738	0,9901589	0,5284441	0,0520339	0,5543554	0,0538198	0,4628392	0,7022694	0,3348461
380	0,7242166	1,0000000	0,0707090	0,0001959	0,1839701	0,1500458	0,6937874	0,5790729	0,9901807	0,5284441	0,0520336	0,5543554	0,0537939	0,4628392	0,7022703	0,3348413
400	0,7242166	1,0000000	0,0707089	0,0001802	0,1839701	0,1500481	0,6942327	0,5790724	0,9901949	0,5284441	0,0520334	0,5543554	0,0537776	0,4628392	0,7022708	0,3348385
420	0,7242166	1,0000000	0,0707089	0,0001702	0,1839701	0,1500492	0,6945619	0,5790721	0,9902041	0,5284441	0,0520333	0,5543554	0,0537675	0,4628392	0,7022710	0,3348369
440	0,7242166	1,0000000	0,0707089	0,0001640	0,1839701	0,1500498	0,6948036	0,5790720	0,9902101	0,5284441	0,0520333	0,5543554	0,0537611	0,4628392	0,7022712	0,3348359
460	0,7242166	1,0000000	0,0707089	0,0001600	0,1839701	0,1500501	0,6949804	0,5790720	0,9902140	0,5284441	0,0520333	0,5543554	0,0537571	0,4628392	0,7022713	0,3348353
480	0,7242166	1,0000000	0,0707089	0,0001576	0,1839701	0,1500503	0,6951092	0,5790719	0,9902165	0,5284441	0,0520332	0,5543554	0,0537547	0,4628392	0,7022713	0,3348350
500	0,7242166	1,0000000	0,0707089	0,0001560	0,1839701	0,1500503	0,6952028	0,5790719	0,9902181	0,5284441	0,0520332	0,5543554	0,0537531	0,4628392	0,7022713	0,3348348
520	0,7242166	1,0000000	0,0707089	0,0001550	0,1839701	0,1500504	0,6952707	0,5790719	0,9902192	0,5284441	0,0520332	0,5543554	0,0537521	0,4628392	0,7022714	0,3348347
540	0,7242166	1,0000000	0,0707089	0,0001544	0,1839701	0,1500504	0,6953198	0,5790719	0,9902199	0,5284441	0,0520332	0,5543554	0,0537515	0,4628392	0,7022714	0,3348346
560	0,7242166	1,0000000	0,0707089	0,0001540	0,1839701	0,1500504	0,6953553	0,5790719	0,9902203	0,5284441	0,0520332	0,5543554	0,0537511	0,4628392	0,7022714	0,3348346
580	0,7242166	1,0000000	0,0707089	0,1133896	0,5247582	0,2451533	0,7100305	0,5961384	0,9389225	0,5284441	0,0826133	0,5543554	0,1755055	0,4628392	0,6827351	0,4007379
600	0,7242166	1,0000000	0,0707089	0,1847058	0,6322772	0,2900869	0,7413868	0,6599223	0,9055947	0,5284441	0,0987854	0,5543554	0,2516337	0,4628392	0,6715648	0,4395413
620	0,7242166	1,0000000	0,0707089	0,2292791	0,6661996	0,3002563	0,7655704	0,7125296	0,8839420	0,5284441	0,1073380	0,5543554	0,2992337	0,4628392	0,6651779	0,4623885
640	0,7242166	1,0000000	0,0707089	0,2562610	0,6769022	0,2866216	0,7816059	0,7296270	0,8698744	0,5284441	0,1118610	0,5543554	0,3289961	0,4628392	0,6615260	0,4758407
660	0,7242166	1,0000000	0,0707089	0,2714032	0,6802788	0,2629556	0,7920019	0,7210687	0,8607348	0,5284441	0,1142530	0,5543554	0,3476053	0,4628392	0,6594380	0,4837613
680	0,7242166	1,0000000	0,0707089	0,2787528	0,6813442	0,2392959	0,7986964	0,7006576	0,8547969	0,5284441	0,1155180	0,5543554	0,3592410	0,4628392	0,6582441	0,4884249
700	0,7242166	1,0000000	0,0707089	0,2813455	0,6816803	0,2199346	0,8029886	0,6786268	0,8509391	0,5284441	0,1161869	0,5543554	0,3665163	0,4628392	0,6575615	0,4911708
720	0,7242166	1,0000000	0,0707089	0,2813769	0,6817864	0,2056461	0,8057361	0,6602650	0,8484327	0,5284441	0,1165407	0,5543554	0,3710652	0,4628392	0,6571711	0,4927875
740	0,7242166	1,0000000	0,0707089	0,2802899	0,6818198	0,1957716	0,8075003	0,6470909	0,8468043	0,5284441	0,1167278	0,5543554	0,3739095	0,4628392	0,6569480	0,4937394
760	0,7242166	1,0000000	0,0707089	0,2789204	0,6818304	0,1892865	0,8086447	0,6386309	0,8457464	0,5284441	0,1168268	0,5543554	0,3756879	0,4628392	0,6568204	0,4942999
780	0,7242166	1,0000000	0,0707089	0,2776785	0,6818337	0,1852237	0,8094005	0,6337187	0,8450590	0,5284441	0,1168791	0,5543554	0,3767999	0,4628392	0,6567474	0,4946300
800	0,7242166	1,0000000	0,0707089	0,2767130	0,6818347	0,1828028	0,8099121	0,6311736	0,8446125	0,5284441	0,1169068	0,5543554	0,3774952	0,4628392	0,6567057	0,4948243
820	0,7242166	1,0000000	0,0707089	0,2760351	0,6818351	0,1814431	0,8102682	0,6300596	0,8443224	0,5284441	0,1169214	0,5543554	0,3779299	0,4628392	0,6566818	0,4949387
840	0,7242166	1,0000000	0,0707089	0,2755966	0,6818352	0,1807367	0,8105230	0,6297273	0,8441339	0,5284441	0,1169292	0,5543554	0,3782017	0,4628392	0,6566682	0,4950060
860	0,7242166	1,0000000	0,0707089	0,2753341	0,6818352	0,1804107	0,8107093	0,6297694	0,8440114	0,5284441	0,1169332	0,5543554	0,3783717	0,4628392	0,6566604	0,4950457
880	0,7242166	1,0000000	0,0707089	0,2751901	0,6818352	0,1802912	0,8108477	0,6299532	0,8439319	0,5284441	0,1169354	0,5543554	0,3784780	0,4628392	0,6566559	0,4950690
900	0,7242166	1,0000000	0,0707089	0,2751196	0,6818352	0,1802736	0,8109512	0,6301595	0,8438802	0,5284441	0,1169366	0,5543554	0,3785444	0,4628392	0,6566534	0,4950828
920	0,7242166	1,0000000	0,0707089	0,2750914	0,6818352	0,1802986	0,8110288	0,6303367	0,8438466	0,5284441	0,1169372	0,5543554	0,3785859	0,4628392	0,6566519	0,4950909
940	0,7242166	1,0000000	0,0707089	0,2750851	0,6818352	0,1803354	0,8110868	0,6304697	0,8438248	0,5284441	0,1169375	0,5543554	0,3786119	0,4628392	0,6566511	0,4950957
960	0,7242166	1,0000000	0,0707089	0,2750886	0,6818352	0,1803698	0,8111299	0,6305605	0,8438106	0,5284441	0,1169377	0,5543554	0,3786282	0,4628392	0,6566506	0,4950985
980	0,7242166	1,0000000	0,0707089	0,2750954	0,6818352	0,1803968	0,8111617	0,6306180	0,8438014	0,5284441	0,1169377	0,5543554	0,3786383	0,4628392	0,6566504	0,4951001
1000	0,7242166	1,0000000	0,0707089	0,2751022	0,6818352	0,1804158	0,8111850	0,6306515	0,8437954	0,5284441	0,1169378	0,5543554	0,3786447	0,4628392	0,6566502	0,4951011
1020	0,7242166	1,0000000	0,0707089	0,2751078	0,6818352	0,1804281	0,8112019	0,6306694	0,8437915	0,5284441	0,1169378	0,5543554	0,3786486	0,4628392	0,6566501	0,4951017
1040	0,7242166	1,0000000	0,0707089	0,2751119	0,6818352	0,1804354	0,8112142	0,6306777	0,8437890	0,5284441	0,1169378	0,5543554	0,3786511	0,4628392	0,6566501	0,4951020
1060	0,7242166	1,0000000	0,0707089	0,2751146	0,6818352	0,1804394	0,8112229	0,6306808	0,8437873	0,5284441	0,1169378	0,5543554	0,3786527	0,4628392	0,6566500	0,4951022
1080	0,7242166	1,0000000	0,0707089	0,2751162	0,6818352	0,1804414	0,8112292	0,6306812	0,8437863	0,5284441	0,1169378	0,5543554	0,3786536	0,4628392	0,6566500	0,4951023
1100	0,7242166	1,0000000	0,0707089	0,2751172	0,6818352	0,1804422	0,8112336	0,6306804	0,8437856	0,5284441	0,1169378	0,5543554	0,3786543	0,4628392	0,6566500	0,4951024

0	0,7242162	1,0000000	0,0707800	0,2751226	0,6818358	0,1804332	0,8111890	0,6306389	0,8437538	0,5284770	0,1169379	0,5543549	0,3786652	0,4628384	0,6566494	0,4951037
20	0,7235487	0,8474868	0,0707574	0,2751185	0,5276196	0,1791499	0,8105079	0,6012611	0,8911562	0,5284730	0,0836009	0,5543621	0,3786675	0,4200485	0,7957884	0,4951084
40	0,7205130	0,7608424	0,0707542	0,2751170	0,4792990	0,1752496	0,8074535	0,5841806	0,9219439	0,5286096	0,0659954	0,5544962	0,3787852	0,3977716	0,8753409	0,4952108
60	0,7154324	0,7116187	0,0707982	0,2751174	0,4652672	0,1711943	0,8025324	0,5691450	0,9419112	0,5292327	0,0567780	0,5550585	0,3793024	0,3868438	0,9208137	0,4956490
80	0,7094627	0,6836542	0,0709198	0,2751197	0,4631651	0,1682016	0,7971593	0,5574176	0,9548140	0,5306958	0,0520871	0,5563208	0,3805019	0,3826272	0,9467876	0,4966509
100	0,7036601	0,6677672	0,0711338	0,2751236	0,4657430	0,1663503	0,7925312	0,5500153	0,9630963	0,5331594	0,0498695	0,5583599	0,3825035	0,3825822	0,9616014	0,4982995
120	0,6986899	0,6587416	0,0714350	0,2751288	0,4702870	0,1653765	0,7892603	0,5463992	0,9683580	0,5365420	0,0490087	0,5610463	0,3852299	0,3851085	0,9700277	0,5005130
140	0,6948210	0,6536141	0,0718018	0,2751349	0,4754905	0,1649946	0,7874519	0,5454304	0,9716520	0,5405803	0,0488781	0,5641213	0,3884589	0,3890650	0,9748003	0,5030958
160	0,6920380	0,6507011	0,0722038	0,2751411	0,4805940	0,1649782	0,7869092	0,5460412	0,9736743	0,5449299	0,0491159	0,5672928	0,3919078	0,3936044	0,9774869	0,5058125
180	0,6901713	0,6490462	0,0726104	0,2751470	0,4851553	0,1651659	0,7873096	0,5474409	0,9748851	0,5492563	0,0495101	0,5703082	0,3953067	0,3981230	0,9789862	0,5084478
200	0,6890001	0,6481060	0,0729959	0,2751522	0,4889639	0,1654489	0,7883195	0,5491115	0,9755871	0,5532942	0,0499390	0,5729923	0,3984458	0,4022350	0,9798136	0,5108425
220	0,6883144	0,6475719	0,0733423	0,2751565	0,4919752	0,1657575	0,7896524	0,5507466	0,9759773	0,5568708	0,0503372	0,5752540	0,4011932	0,4057383	0,9802636	0,5129035
240	0,6879437	0,6472685	0,0736401	0,2751599	0,4942493	0,1660503	0,7910919	0,5521886	0,9761819	0,5599031	0,0506750	0,5770725	0,4034912	0,4085706	0,9805038	0,5145976
260	0,6877636	0,6470961	0,0738865	0,2751623	0,4958995	0,1663060	0,7924914	0,5533765	0,9762799	0,5623803	0,0509441	0,5784766	0,4053400	0,4107620	0,9806290	0,5159359
280	0,6876902	0,6469982	0,0740840	0,2751640	0,4970552	0,1665164	0,7937636	0,5543070	0,9763198	0,5643405	0,0511485	0,5795226	0,4067781	0,4123948	0,9806923	0,5169571
300	0,6876714	0,6469425	0,0742378	0,2751651	0,4978388	0,1666820	0,7948660	0,5550070	0,9763298	0,5658493	0,0512979	0,5802774	0,4078644	0,4135714	0,9807230	0,5177129
320	0,6876767	0,6469109	0,0743549	0,2751658	0,4983544	0,1668073	0,7957873	0,5555160	0,9763260	0,5669832	0,0514033	0,5808066	0,4086638	0,4143945	0,9807370	0,5182572
340	0,6876902	0,6468930	0,0744421	0,2751662	0,4986843	0,1668992	0,7965356	0,5558752	0,9763172	0,5678177	0,0514757	0,5811679	0,4092388	0,4149549	0,9807428	0,5186397
360	0,6877041	0,6468828	0,0745060	0,2751664	0,4988899	0,1669646	0,7971294	0,5561219	0,9763076	0,5684207	0,0515240	0,5814088	0,4096440	0,4153271	0,9807448	0,5189027
380	0,6877155	0,6468770	0,0745520	0,2751665	0,4990148	0,1670101	0,7975918	0,5562872	0,9762991	0,5688496	0,0515555	0,5815658	0,4099244	0,4155687	0,9807451	0,5190798
400	0,6877238	0,6468737	0,0745847	0,2751665	0,4990888	0,1670409	0,7979462	0,5563954	0,9762922	0,5691504	0,0515757	0,5816661	0,4101154	0,4157223	0,9807448	0,5191970
420	0,6877294	0,6468718	0,0746078	0,2751665	0,4991317	0,1670614	0,7982142	0,5564647	0,9762870	0,5693590	0,0515883	0,5817290	0,4102437	0,4158180	0,9807444	0,5192733
440	0,6877329	0,6468707	0,0746238	0,2751664	0,4991560	0,1670748	0,7984147	0,5565083	0,9762832	0,5695021	0,0515960	0,5817677	0,4103287	0,4158766	0,9807440	0,5193222
460	0,6877349	0,6468701	0,0746349	0,2751664	0,4991695	0,1670834	0,7985633	0,5565351	0,9762805	0,5695995	0,0516007	0,5817911	0,4103846	0,4159118	0,9807437	0,5193532
480	0,6877360	0,6468698	0,0746425	0,2751664	0,4991769	0,1670888	0,7986727	0,5565513	0,9762786	0,5696654	0,0516034	0,5818051	0,4104209	0,4159328	0,9807435	0,5193727
500	0,6877366	0,6468696	0,0746478	0,2751664	0,4991809	0,1670922	0,7987527	0,5565609	0,9762773	0,5697097	0,0516051	0,5818134	0,4104444	0,4159451	0,9807434	0,5193847
520	0,6877368	0,6468695	0,0746513	0,2751664	0,4991830	0,1670942	0,7988109	0,5565666	0,9762765	0,5697394	0,0516060	0,5818182	0,4104594	0,4159522	0,9807433	0,5193922
540	0,6877370	0,6468694	0,0746537	0,2751664	0,4991842	0,1670955	0,7988531	0,5565699	0,9762759	0,5697592	0,0516066	0,5818211	0,4104691	0,4159563	0,9807432	0,5193967
560	0,6877370	0,6468694	0,0746554	0,2751664	0,4991848	0,1670962	0,7988836	0,5565718	0,9762755	0,5697724	0,0516069	0,5818227	0,4104752	0,4159587	0,9807432	0,5193995
580	0,6888739	0,7993826	0,0746553	0,2751663	0,6622853	0,1678037	0,8003615	0,5893041	0,9225579	0,5697686	0,0858731	0,5818115	0,4104680	0,4593772	0,8353730	0,5193918
600	0,6935326	0,8860270	0,0746321	0,2751658	0,7130603	0,1707644	0,8051348	0,6121676	0,8877892	0,5695276	0,1039301	0,5815821	0,4102554	0,4818133	0,7523699	0,5192136
620	0,7002614	0,9352507	0,0745357	0,2751640	0,7267973	0,1751019	0,8106937	0,6263613	0,8656582	0,5685310	0,1132576	0,5806878	0,4093957	0,4923014	0,7053126	0,5185042
640	0,7070321	0,9632152	0,0743288	0,2751601	0,7271543	0,1792565	0,8153350	0,6335352	0,8520841	0,5663877	0,1178038	0,5788516	0,4075764	0,4955310	0,6791133	0,5170208
660	0,7127153	0,9791021	0,0740114	0,2751545	0,7222260	0,1823169	0,8185018	0,6365242	0,8442733	0,5630851	0,1197258	0,5761514	0,4048203	0,4943531	0,6650254	0,5147992
680	0,7169782	0,9881277	0,0736138	0,2751479	0,7153605	0,1841011	0,8202239	0,6372902	0,8402402	0,5589246	0,1202455	0,5729094	0,4014101	0,4907402	0,6579007	0,5120822
700	0,7199266	0,9932552	0,0731782	0,2751411	0,7082403	0,1848223	0,8207742	0,6369506	0,8385709	0,5543425	0,1200677	0,5695119	0,3977238	0,4860843	0,6546850	0,5091808
720	0,7218348	0,9961682	0,0727441	0,2751350	0,7017571	0,1848125	0,8204901	0,6361171	0,8382839	0,5497580	0,1195947	0,5662824	0,3941054	0,4813074	0,6535724	0,5063690
740	0,7229967	0,9978231	0,0723410	0,2751299	0,6963197	0,1843794	0,8196848	0,6351247	0,8387257	0,5454900	0,1190464	0,5634313	0,3908014	0,4769498	0,6535126	0,5038366
760	0,7236613	0,9987633	0,0719864	0,2751258	0,6920277	0,1837558	0,8186114	0,6341543	0,8394842	0,5417334	0,1185328	0,5610564	0,3879501	0,4732670	0,6539134	0,5016829
780	0,7240148	0,9992974	0,0716877	0,2751228	0,6887997	0,1830944	0,8174536	0,6332968	0,8403168	0,5385726	0,1181002	0,5591698	0,3855990	0,4703241	0,6544575	0,4999347
800	0,7241852	0,9996009	0,0714449	0,2751208	0,6864679	0,1824828	0,8163326	0,6325882	0,8410946	0,5360100	0,1177592	0,5577296	0,3837318	0,4680738	0,6549888	0,4985697
820	0,7242551	0,9997732	0,0712532	0,2751194	0,6848413	0,1819618	0,8153185	0,6320317	0,8417599	0,5339957	0,1175032	0,5566670	0,3822954	0,4664149	0,6554417	0,4975384
840	0,7242741	0,9998712	0,0711055	0,2751185	0,6837411	0,1815426	0,8144440	0,6316125	0,8422975	0,5324538	0,1173179	0,5559061	0,3812203	0,4652296	0,6557989	0,4967814
860	0,7242705	0,9999268	0,0709942	0,2751180	0,6830174	0,1812198	0,8137167	0,6313078	0,8427142	0,5312999	0,1171881	0,5553756	0,3804345	0,4644057	0,6560661	0,4962395
880	0,7242591	0,9999584	0,0709119	0,2751178	0,6825535	0,1809797	0,8131287	0,6310931	0,8430271	0,5304532	0,1170994	0,5550146	0,3798721	0,4638469	0,6562583	0,4958603
900	0,7242470	0,9999764	0,0708519	0,2751177	0,6822632	0,1808063	0,8126641	0,6309459	0,8432562	0,5298424	0,1170404	0,5547742	0,3794770	0,4634764	0,6563922	0,4956003
920	0,7242368	0,9999866	0,0708088	0,2751176	0,6820856	0,1806843	0,8123036	0,6308474	0,8434205	0,5294082	0,1170018	0,5546174	0,3792040	0,4632358	0,6564833	0,4954251
940	0,7242293	0,9999924	0,0707782	0,2751176	0,6819792	0,1806004	0,8120283	0,6307831	0,8435362	0,5291036	0,1169772	0,5545170	0,3790181	0,4630824	0,6565437	0,4953091
960	0,7242242	0,9999957	0,0707567	0,2751177	0,6819168	0,1805438	0,8118206	0,6307419	0,8436166	0,5288922	0,1169617	0,5544538	0,3788931	0,4629864	0,6565832	0,4952334
980	0,7242209	0,9999975	0,0707417	0,2751177	0,6818809	0,1805064	0,8116656	0,6307160	0,8436718	0,5287468	0,1169522	0,5544146	0,3788100	0,4629272	0,6566084	0,4951847
1000	0,7242189	0,9999986	0,0707313	0,2751177	0,6818606	0,1804821	0,8115509	0,6307000	0,8437092	0,5286477	0,1169463	0,5543907	0,3787553	0,4628913	0,6566244	0,4951537
1020	0,7242178	0,9999992	0,0707242	0,2751177	0,6818493	0,1804666	0,8114666	0,6306903	0,8437344	0,5285805	0,1169429	0,5543763	0,3787197	0,4628698	0,6566343	0,4951342
1040	0,7242171	0,9999995	0,0707193	0,2751177	0,6818431	0,1804568	0,8114051	0,6306845	0,8437513	0,5285353	0,1169408	0,5543677	0,3786966	0,4628571	0,6566405	0,4951220
1060	0,7242168	0,9999997	0,0707160	0,2751178	0,6818396	0,1804507	0,8113603	0,6306811	0,8437625	0,5285049	0,1169396	0,5543626	0,3786817	0,4628497	0,6566442	0,4951145
1080	0,7242167	0,9999999	0,0707137	0,2751178	0,6818378	0,1804470	0,8113279	0,6306791	0,8437699	0,5284846	0,1169388	0,5543597	0,3786721	0,4628453	0,6566465	0,4951098
1100	0,7242166	0,9999999	0,0707122	0,2751178	0,6818367	0,1804447	0,8113045	0,6306779	0,8437748	0,5284711	0,1169384	0,5543579	0,3786660	0,4628428	0,6566479	0,4951070
