"Time"	rstA	csgD	ompR	bolA	rcsB	csgE	csgG	csgF	sra	ompF	omrA	ampC	omrB	iraP	adrA	tppB

0	0,7751450	0,5489826	0,6729259	0,1660942	0,7603784	0,1163308	0,3931028	0,7135485	0,0237294	0,2832001	0,6424091	0,5301223	0,5345941	0,4441067	0,4643872	0,7342107
20	0,6687836	0,5439286	0,6663819	0,1119273	0,6753153	0,1326154	0,4020171	0,7538321	0,0488340	0,2725233	0,7102916	0,4288257	0,6396438	0,4548707	0,5682364	0,7339154
40	0,7916509	0,4914618	0,5274099	0,0626474	0,6319006	0,1179695	0,3659884	0,7332084	0,0577421	0,2446614	0,6755302	0,6754816	0,6707591	0,5980801	0,4774521	0,8269244
60	0,8547805	0,4683547	0,4414376	0,0796651	0,8268705	0,1014313	0,3846168	0,6548208	0,1208313	0,2205027	0,7377502	0,5626071	0,7610164	0,5019017	0,4680095	0,6160936
80	0,7033990	0,4987797	0,3967268	0,0734774	0,8316288	0,0527822	0,3348106	0,5871253	0,0344233	0,2285364	0,6361817	0,6030945	0,6098741	0,4991943	0,4860505	0,6783621
100	0,7298142	0,5553044	0,3865278	0,1150063	0,6512983	0,0515806	0,3295454	0,7357654	0,0748875	0,2734698	0,6703111	0,6339144	0,6640953	0,4867614	0,4098756	0,8185048
120	0,7074999	0,4919013	0,2794820	0,1104154	0,7902152	0,0306783	0,3810134	0,7196301	0,0793999	0,3534331	0,6447502	0,5943862	0,7654142	0,4717567	0,4808361	0,8470711
140	0,7508225	0,5429937	0,2746619	0,1363414	0,7749372	0,0477477	0,3783442	0,5992380	0,1195801	0,4065053	0,5476982	0,5213466	0,5779008	0,6009370	0,4818807	0,7289424
160	0,7573015	0,5878345	0,2007107	0,1173874	0,6743980	0,0220602	0,3259306	0,4786491	0,1299477	0,3641660	0,5394107	0,5869281	0,6762890	0,6053872	0,5093143	0,7141689
180	0,6607643	0,4546809	0,1476670	0,1290428	0,6553109	0,0164566	0,3766615	0,4668748	0,1821609	0,4152770	0,4480367	0,3653119	0,7750040	0,4864257	0,4772950	0,5684224
200	0,7446961	0,4216279	0,1442366	0,2346830	0,7345232	0,0066783	0,3624847	0,4895284	0,3539988	0,5591954	0,4094646	0,4117297	0,8755185	0,4525785	0,5392246	0,7605060
220	0,7111437	0,4066269	0,1484054	0,2441793	0,8726182	0,0068135	0,3282918	0,5508611	0,2857545	0,5570340	0,4221094	0,5115249	0,7600370	0,3574749	0,4690032	0,6651844
240	0,7002882	0,3578826	0,2094898	0,2384963	0,7434036	0,0041704	0,3248015	0,4504958	0,3249929	0,6370234	0,3425203	0,3944200	0,4781449	0,5114302	0,5195019	0,7374242
260	0,8055894	0,3648328	0,1446063	0,2176462	0,6981364	0,0042378	0,2352234	0,4234521	0,3661334	0,5698691	0,2862246	0,2814321	0,4277382	0,4309661	0,4813222	0,5969082
280	0,7918832	0,3798827	0,1307332	0,2365022	0,7473977	0,0068797	0,2538054	0,3815561	0,4835320	0,7527249	0,2163808	0,3216881	0,5076213	0,6651255	0,5654329	0,7574995
300	0,6988079	0,3691687	0,1421982	0,2603407	0,6762966	0,0026313	0,2646631	0,4724819	0,3985151	0,6509106	0,2897599	0,1763763	0,4860650	0,5153909	0,5003999	0,7268922
320	0,8290882	0,3421414	0,1879919	0,2753160	0,7506008	0,0005382	0,3263895	0,3538208	0,4726918	0,6250997	0,2401144	0,1892381	0,4132545	0,5523086	0,4961762	0,6996356
340	0,7097054	0,3678291	0,1775021	0,3084909	0,8599938	0,0019246	0,3121060	0,3101296	0,6197811	0,6447022	0,1831718	0,1437054	0,4165371	0,6311679	0,4596615	0,6314005
360	0,6795827	0,3360048	0,1354815	0,2746303	0,6629688	0,0035940	0,3591408	0,4581734	0,5188347	0,7188274	0,1515134	0,1884910	0,4126902	0,4987106	0,4089212	0,7517337
380	0,6262217	0,3208269	0,1875944	0,3054484	0,7415532	0,0047670	0,3089423	0,4334447	0,5113665	0,7422532	0,1480205	0,1426007	0,3991955	0,4638404	0,2803841	0,6489207
400	0,7198256	0,3691158	0,1377848	0,2681335	0,6574915	0,0032255	0,2617132	0,3724566	0,5032919	0,7042744	0,2631953	0,1457386	0,4815303	0,4959704	0,3112374	0,5986825
420	0,7040765	0,3091798	0,1910012	0,2818250	0,8141541	0,0013164	0,2741161	0,4530384	0,4792875	0,6380894	0,2474032	0,1567054	0,4622989	0,3685051	0,2975781	0,5786306
440	0,6649971	0,3897171	0,1450670	0,2639578	0,6595764	0,0031998	0,3594019	0,4997488	0,5364623	0,6205344	0,1934375	0,1378284	0,4501181	0,5818937	0,2871807	0,7489956
460	0,6788560	0,2801360	0,1518284	0,1898903	0,8116621	0,0082214	0,4460097	0,3828630	0,4760158	0,5958737	0,2113255	0,1624365	0,5240232	0,5920455	0,3214660	0,6512206
480	0,9002898	0,3755564	0,1519697	0,2513512	0,6843687	0,0031203	0,3990999	0,4327393	0,4484806	0,6639575	0,2657648	0,1814818	0,5232238	0,4585231	0,3046600	0,5276377
500	0,7743984	0,3046932	0,1775136	0,3109338	0,6977554	0,0064850	0,2799310	0,5054998	0,4557069	0,5910752	0,2159945	0,1361026	0,4802583	0,4871783	0,3313008	0,6493322
520	0,6837470	0,3406652	0,1645556	0,2621014	0,5839255	0,0106276	0,3814205	0,4687722	0,4737463	0,7088236	0,2097666	0,1293510	0,4293550	0,3551437	0,3243841	0,6427375
540	0,9313108	0,3134857	0,1846303	0,2389615	0,7046836	0,0076870	0,2534804	0,5119956	0,5005390	0,5755511	0,2408090	0,1316420	0,6478849	0,4091570	0,3687910	0,7178731
560	0,8593441	0,3105845	0,1331138	0,3006845	0,6768234	0,0058219	0,2823463	0,5150423	0,5286552	0,6556604	0,2368554	0,1154560	0,5242141	0,4215134	0,3711747	0,6498001
580	0,8520266	0,4147014	0,1975840	0,2868930	0,6615065	0,0012512	0,2332778	0,3921534	0,5233045	0,7038713	0,2199865	0,0948807	0,4726811	0,4283496	0,3251920	0,6930252
600	0,7722039	0,3496054	0,3079952	0,4414672	0,7681234	0,0063592	0,3281750	0,4407870	0,3772784	0,5963822	0,2369241	0,1137531	0,5105167	0,3689193	0,3443160	0,6602972
620	0,7443262	0,3724836	0,3408992	0,4985106	0,7743367	0,0102496	0,3754759	0,4787766	0,3809552	0,5253142	0,3947171	0,0614972	0,4828898	0,3225744	0,3840264	0,6372757
640	0,8741520	0,3961965	0,3520418	0,4937345	0,7052173	0,0043848	0,3620980	0,5428074	0,3913625	0,5938725	0,3538628	0,0529344	0,4277406	0,3461796	0,3389566	0,5286064
660	0,6755467	0,4671221	0,5175329	0,3697916	0,6403200	0,0275429	0,3748925	0,5597672	0,3613362	0,5362229	0,4794266	0,0224742	0,5454472	0,3081176	0,3506386	0,7327178
680	0,6481683	0,4859752	0,5730675	0,3786884	0,6137269	0,0077240	0,3136862	0,6602354	0,2541697	0,4882292	0,4920682	0,0554926	0,5628156	0,3683564	0,3964191	0,5565594
700	0,6811513	0,5134056	0,5218208	0,4003463	0,6754792	0,0279554	0,3063873	0,7313287	0,2231202	0,3578926	0,5186847	0,0700867	0,6435776	0,4212804	0,5039598	0,6497324
720	0,7359583	0,5478191	0,6568245	0,2221242	0,6744574	0,0394603	0,3702509	0,5818140	0,1855367	0,3477854	0,6068738	0,0711692	0,6213336	0,3678030	0,3878970	0,6628148
740	0,7260286	0,4087233	0,6230883	0,2704377	0,6474217	0,0384610	0,2817304	0,8492708	0,1199161	0,2880951	0,5893610	0,0580102	0,5586723	0,3628016	0,4243723	0,7424920
760	0,6504331	0,5417247	0,6751213	0,2071873	0,5469684	0,0993665	0,3159600	0,6855283	0,1191951	0,2861753	0,6807694	0,1213276	0,5534233	0,4070153	0,4608955	0,7767932
780	0,6508272	0,5186121	0,8148802	0,1488341	0,6570005	0,0466691	0,3092417	0,7141026	0,0924057	0,1692408	0,6552337	0,2265966	0,5647945	0,3715731	0,5546647	0,9372056
800	0,6808891	0,4353172	0,7303896	0,1417986	0,6838540	0,0714546	0,3014017	0,6321606	0,0471385	0,2116631	0,7364848	0,2817285	0,5373156	0,4139751	0,4959425	0,8074578
820	0,7173265	0,5272176	0,7163177	0,1377896	0,7766978	0,1329490	0,3282141	0,7389077	0,0652941	0,2018884	0,6535640	0,2341808	0,4990328	0,5436968	0,4950234	0,7720022
840	0,7503379	0,4686341	0,6598050	0,1830893	0,6480089	0,1301520	0,3255888	0,8033190	0,0500537	0,2581952	0,6664000	0,2521011	0,5661816	0,5502026	0,6499865	0,7272515
860	0,7882757	0,3819053	0,6581466	0,1513348	0,6061397	0,1385140	0,2971435	0,7408067	0,0730451	0,1751326	0,5785467	0,2281215	0,5704264	0,4963382	0,4912444	0,7807909
880	0,8180928	0,4224945	0,8074546	0,0981366	0,7507489	0,2035242	0,3029163	0,7190113	0,0646927	0,2512635	0,6532097	0,3690041	0,5947209	0,4299042	0,5675402	0,6089105
900	0,7610461	0,4245575	0,8544843	0,1336095	0,7574174	0,1592939	0,2780770	0,6928360	0,0215540	0,2258697	0,6225749	0,4533948	0,6226082	0,4443510	0,4969509	0,6180973
920	0,8099417	0,5464746	0,7979353	0,1231470	0,7932706	0,0675226	0,3160656	0,7173846	0,0355353	0,2283280	0,6664273	0,3417261	0,7208179	0,4019113	0,4954410	0,6049200
940	0,9034590	0,5716461	0,6799104	0,1099317	0,7276855	0,1032246	0,3439709	0,7191164	0,0611181	0,2476897	0,7229326	0,4662065	0,6369019	0,4150781	0,5633861	0,6623486
960	0,8282359	0,5179278	0,7139253	0,0680539	0,7716044	0,0799135	0,2811971	0,6999082	0,0443704	0,2309356	0,5728320	0,5053716	0,7023858	0,4177818	0,4321746	0,6641812
980	0,7433929	0,5189453	0,7621716	0,0702467	0,7780403	0,0895663	0,5059147	0,7353288	0,0312503	0,1665151	0,5798768	0,5140030	0,6412828	0,4596671	0,4809661	0,6098496
1000	0,7416569	0,5748664	0,6757327	0,1196972	0,7056352	0,0950110	0,2971318	0,6940249	0,0682451	0,1842912	0,5886807	0,5893014	0,6642633	0,4268408	0,5022883	0,6591685
1020	0,7204711	0,5920691	0,7232933	0,1273505	0,6136126	0,1296103	0,3106819	0,6539203	0,0460749	0,2059856	0,5346268	0,5068188	0,6638013	0,3393037	0,6043634	0,5389337
1040	0,6471496	0,5650806	0,6850147	0,0899419	0,5856715	0,1325494	0,3766853	0,7210663	0,0526462	0,2359088	0,6869904	0,5620918	0,7727927	0,5388396	0,4969250	0,6861246
1060	0,7489852	0,4494833	0,6478402	0,1277860	0,6255344	0,1147373	0,3838320	0,6959206	0,0567703	0,2341417	0,7879923	0,4887723	0,7057734	0,3510823	0,5304458	0,7212256
1080	0,8291172	0,4482942	0,6145277	0,0897527	0,6793443	0,1602246	0,4319223	0,6841556	0,0462074	0,2477418	0,6999889	0,5090868	0,7681138	0,4121207	0,4076645	0,5431288
1100	0,6104623	0,4505052	0,7671579	0,0909888	0,7439364	0,1208088	0,4211860	0,5727602	0,0568015	0,2322556	0,5844362	0,6350347	0,6384625	0,4082384	0,4570513	0,6986830

0	0,5789187	0,5176582	0,7663584	0,1385534	0,7655032	0,1276052	0,3514922	0,7197914	0,0330716	0,2645086	0,7012751	0,4786668	0,5765696	0,4265225	0,4524241	0,8138507
20	0,6324352	0,5245890	0,7780779	0,1213284	0,7127153	0,0784126	0,3898872	0,6828725	0,0498849	0,2677912	0,6894173	0,2638072	0,6220653	0,5161049	0,6274390	0,6741193
40	0,6071116	0,5526708	0,7311944	0,1130219	0,6957904	0,0976775	0,3883022	0,8460099	0,1004577	0,2698858	0,7175475	0,2960171	0,6730446	0,5217790	0,4654297	0,5965884
60	0,8226163	0,4539521	0,5923647	0,0947102	0,6502310	0,1178439	0,4302524	0,7780741	0,0966688	0,2455950	0,5845321	0,2590756	0,5728764	0,4923999	0,4871385	0,6217779
80	0,7866584	0,4173357	0,6650726	0,1100065	0,6538911	0,1147077	0,3295359	0,8415252	0,1616087	0,2359880	0,6853759	0,1892897	0,6174151	0,4414399	0,5059393	0,6622496
100	0,6872592	0,4053513	0,7130476	0,2152857	0,6538771	0,0657891	0,3311316	0,8325663	0,1682654	0,1356150	0,7478268	0,0991881	0,5599782	0,4048343	0,5193566	0,6858988
120	0,8002214	0,4265339	0,7361660	0,1129117	0,8358958	0,0617586	0,2988966	0,7475719	0,2423893	0,2907707	0,6468636	0,0914893	0,6933966	0,4696304	0,5279920	0,7091553
140	0,6778720	0,4506701	0,6780533	0,0912189	0,7333105	0,0636106	0,2939935	0,7377544	0,2604452	0,1799120	0,7447659	0,0401714	0,7006394	0,3912066	0,4987163	0,6685308
160	0,7899731	0,5693089	0,6508387	0,1421553	0,8057340	0,1248947	0,3037278	0,7716101	0,3045713	0,1934705	0,5480296	0,0293722	0,6979452	0,4249924	0,4485868	0,6537594
180	0,6550542	0,5205655	0,6676021	0,1462077	0,7062474	0,0810847	0,3031255	0,7892564	0,2876579	0,2965431	0,5755029	0,0141647	0,6133799	0,3860666	0,5623918	0,5774514
200	0,7253896	0,5948958	0,6917979	0,1984674	0,7541793	0,0820863	0,3166694	0,6898411	0,3474105	0,2103330	0,6029071	0,0252621	0,6477822	0,4213288	0,6501635	0,6926170
220	0,6760900	0,5599613	0,5812455	0,1556371	0,7288037	0,0645358	0,3634421	0,7842270	0,2952099	0,2750488	0,6523390	0,0353482	0,6572478	0,4459355	0,4754148	0,7185444
240	0,6642545	0,5208116	0,6601632	0,2054795	0,7103401	0,0959678	0,2635689	0,6425170	0,3014978	0,2076316	0,6382857	0,0442831	0,6153908	0,5315820	0,4252732	0,6724158
260	0,6883437	0,5818630	0,6035631	0,1683964	0,6973988	0,0464011	0,3303692	0,6812117	0,2627666	0,3601515	0,6364099	0,0431585	0,6736879	0,3888789	0,5229173	0,6947706
280	0,7123338	0,3695515	0,5925938	0,1868440	0,7625613	0,0993580	0,3359856	0,7288343	0,2967412	0,2639849	0,5076693	0,0352893	0,6365307	0,4024353	0,5465504	0,7275579
300	0,7260630	0,4622195	0,6107767	0,1662061	0,7444569	0,0734087	0,2949278	0,7759658	0,3240896	0,1905147	0,5929532	0,0221906	0,7399292	0,5095116	0,5149932	0,6545239
320	0,7015381	0,5435549	0,5234338	0,1441693	0,8394866	0,0982764	0,2336378	0,6962636	0,2853716	0,2208327	0,6484720	0,0184779	0,6348044	0,4096172	0,5317286	0,7903193
340	0,6187451	0,4115601	0,5630036	0,1745428	0,6421413	0,0354177	0,2701976	0,7728410	0,2492457	0,2742557	0,6806039	0,0110114	0,7201967	0,4095942	0,5095667	0,6105072
360	0,6091736	0,4682032	0,6879270	0,1726289	0,5953350	0,0554874	0,2990961	0,7671555	0,2295447	0,1921431	0,6451310	0,0157674	0,7044194	0,4719028	0,5375171	0,7950274
380	0,6412815	0,5979631	0,5916170	0,1659597	0,8134804	0,0461401	0,3566818	0,7415766	0,3201960	0,2443924	0,6027630	0,0213449	0,6351013	0,4211210	0,5226621	0,6298336
400	0,7441266	0,4728469	0,5970820	0,2043049	0,8016591	0,0546325	0,3598543	0,7650900	0,3582521	0,2160777	0,6937069	0,0170890	0,7070211	0,4870009	0,5611684	0,7281304
420	0,6694743	0,5980404	0,6393787	0,2232573	0,6633882	0,0660922	0,3950916	0,7967891	0,3455712	0,2409073	0,6818674	0,0117907	0,7600492	0,3779756	0,5806947	0,7233698
440	0,7521123	0,5204757	0,6061490	0,1366841	0,6032208	0,0915893	0,3446394	0,6784167	0,3204899	0,1804035	0,6809719	0,0104443	0,7807635	0,4239412	0,5349924	0,6953587
460	0,6617616	0,5884950	0,7514525	0,1801985	0,6067152	0,1047876	0,3483274	0,6601736	0,3513530	0,2443426	0,7700611	0,0096100	0,6166297	0,3604786	0,5393118	0,6583874
480	0,7707722	0,4807046	0,5928575	0,2014684	0,7063266	0,0781015	0,4013768	0,7691266	0,3024605	0,2779782	0,7000159	0,0093723	0,6408621	0,4358150	0,5619952	0,7245796
500	0,7430661	0,4555857	0,5405981	0,1826649	0,7707179	0,1620103	0,3396794	0,7710249	0,3064542	0,2779943	0,6625549	0,0128694	0,6997671	0,3525472	0,5737830	0,7288889
520	0,8443920	0,4664247	0,5686342	0,1066636	0,6235027	0,0985320	0,3435071	0,6633079	0,2637703	0,1775868	0,5284804	0,0150257	0,6150384	0,3011459	0,5071809	0,7377136
540	0,8402886	0,5537952	0,7235927	0,1105330	0,6866691	0,0890350	0,3266647	0,7189117	0,2503860	0,2858144	0,7169683	0,0075337	0,6145763	0,3927833	0,5138015	0,5993944
560	0,7025144	0,5235226	0,5729496	0,1662492	0,6825018	0,0695227	0,3491988	0,8277508	0,2296103	0,1973502	0,5466048	0,0230315	0,7373940	0,3897046	0,5318364	0,5689492
580	0,6586216	0,5053283	0,6055306	0,1671220	0,8270515	0,0364282	0,3843879	0,7377535	0,2450097	0,2276450	0,7347721	0,0446371	0,6427104	0,3894996	0,4734491	0,6254141
600	0,8929949	0,4620245	0,7428760	0,1017049	0,6170502	0,1114818	0,2973779	0,5835358	0,2173453	0,1827551	0,5404367	0,1027930	0,6415237	0,3854305	0,5538495	0,8401678
620	0,6432608	0,4535530	0,6750567	0,1602203	0,7199234	0,0576097	0,3345980	0,7368005	0,2588279	0,2191359	0,5726501	0,2913296	0,7101704	0,3128324	0,4927767	0,7520031
640	0,7438424	0,5083107	0,6551111	0,1640709	0,6488532	0,1419534	0,2424668	0,6875755	0,1676094	0,1788127	0,7118263	0,2373136	0,7449986	0,3974608	0,6318472	0,7490700
660	0,6428174	0,5399902	0,7293478	0,1407865	0,7991089	0,0807765	0,3701261	0,6776970	0,1782172	0,3190966	0,5284110	0,3485115	0,5792393	0,4138243	0,6889761	0,8771420
680	0,6244460	0,5429564	0,7144822	0,1162445	0,6081592	0,0943793	0,3439173	0,7237046	0,1322746	0,2537215	0,5603883	0,2950753	0,7107529	0,3927495	0,6722293	0,6766902
700	0,6523632	0,4049472	0,8152086	0,1339275	0,7374371	0,0877487	0,3143484	0,6844054	0,0971377	0,1887184	0,5217976	0,2943761	0,6677962	0,4953333	0,4310337	0,5991482
720	0,6314611	0,5284025	0,7684245	0,1267428	0,8226385	0,1210631	0,3434122	0,7450787	0,0473295	0,2748057	0,6985667	0,3987039	0,6109772	0,4125862	0,4777079	0,6235148
740	0,7790875	0,4329549	0,7300358	0,1294036	0,6299997	0,1594515	0,3593556	0,7597753	0,0746356	0,1641871	0,6150661	0,3758338	0,6893064	0,4597259	0,4530197	0,7130446
760	0,7532292	0,5710029	0,7180245	0,1317363	0,6325255	0,0778009	0,4158792	0,6241384	0,0947987	0,1904747	0,6723347	0,4540043	0,5935326	0,4842052	0,4152146	0,7413781
780	0,7793124	0,4281488	0,6838662	0,1004909	0,7382943	0,1039740	0,3948943	0,6616850	0,0532983	0,2082331	0,7047450	0,4282252	0,7795495	0,3790685	0,4718125	0,6317820
800	0,7684712	0,4504741	0,7211065	0,1024754	0,7809065	0,0997751	0,2669863	0,6400738	0,0775046	0,2137709	0,7778154	0,4128056	0,7203913	0,4276163	0,4961707	0,6100415
820	0,6356742	0,4023492	0,7809013	0,1167890	0,6960444	0,1175581	0,2672715	0,6191767	0,0531867	0,2031213	0,7277262	0,4258394	0,6299663	0,3635345	0,5166994	0,7294976
840	0,7007757	0,4906002	0,6110131	0,1068993	0,7214003	0,1395161	0,3034045	0,7266588	0,0448547	0,2330153	0,5920781	0,4450883	0,6823275	0,4570007	0,5233517	0,6550371
860	0,6825850	0,4114023	0,7079319	0,0848048	0,7893444	0,1339162	0,3990972	0,7115977	0,0265622	0,1598427	0,7679280	0,5138559	0,5556150	0,4486233	0,4319160	0,6476424
880	0,7112327	0,4468711	0,8242151	0,0617955	0,8769368	0,0904667	0,3607330	0,6144222	0,0645903	0,1591435	0,8796565	0,5720581	0,6613263	0,4495521	0,4696376	0,6779684
900	0,7336021	0,5020384	0,7454216	0,1081594	0,5886413	0,1502558	0,3141842	0,6924965	0,0470790	0,1682178	0,6868408	0,5060193	0,8168860	0,3970833	0,4409855	0,6918639
920	0,5961986	0,4602965	0,9505483	0,1290774	0,7385713	0,1902886	0,3501010	0,6253317	0,0262018	0,2017486	0,7248758	0,5352712	0,5213636	0,3329985	0,5241930	0,6176418
940	0,6942425	0,6006003	0,8164540	0,1070791	0,7257589	0,1342886	0,2793818	0,7778848	0,0399428	0,2097771	0,5955182	0,4928636	0,5669641	0,4260401	0,5027582	0,7184571
960	0,5935138	0,5018259	0,6416024	0,1148369	0,7327525	0,1372026	0,2837673	0,7103860	0,0435109	0,2200434	0,6281574	0,5599550	0,6628840	0,3666475	0,4756891	0,7499823
980	0,7007031	0,5836606	0,8125119	0,0833492	0,8476616	0,1314416	0,2332650	0,7882409	0,0402201	0,2321022	0,7182542	0,5511278	0,8469327	0,4222490	0,4658953	0,6207949
1000	0,7282788	0,5051019	0,7476863	0,0801437	0,6422400	0,0726825	0,3332746	0,6988130	0,0407630	0,1575475	0,6443071	0,4469255	0,7279026	0,4821070	0,5731349	0,8044765
1020	0,6950988	0,6181531	0,8773487	0,0987723	0,8813878	0,0615850	0,3038983	0,7001600	0,0528002	0,1873203	0,6355611	0,6097045	0,7096962	0,5010823	0,4887864	0,8065996
1040	0,7707147	0,5784282	0,6086254	0,1344994	0,7607796	0,1232194	0,4460485	0,7315895	0,0382578	0,2020784	0,7299760	0,4211420	0,8431138	0,3670518	0,5554441	0,8583553
1060	0,8362146	0,5287422	0,6871425	0,1072530	0,6766178	0,1139227	0,3764482	0,6354371	0,0442798	0,1674043	0,6721437	0,4306851	0,6072538	0,4979491	0,6003838	0,8914630
1080	0,6371338	0,5138399	0,6326784	0,0998399	0,8941613	0,0815033	0,2852208	0,6737455	0,0390249	0,1687488	0,6286046	0,4960897	0,7263809	0,6157816	0,5875894	0,7650205
1100	0,6296359	0,4013003	0,6782190	0,1467506	0,8303144	0,1168617	0,3713531	0,6651656	0,0315617	0,2359795	0,7290636	0,5416252	0,6838820	0,3150325	0,5836268	0,6276366

0	0,6695680	0,5773353	0,7063107	0,1962802	0,7796289	0,1676699	0,3636748	0,7406248	0,0320700	0,2639885	0,5600953	0,4756304	0,5546357	0,4193537	0,4793930	0,6627252
20	0,7568274	0,6014059	0,6408286	0,1389608	0,7612718	0,0645140	0,3739599	0,7392377	0,0564395	0,2186040	0,7817447	0,4254002	0,5346261	0,5526756	0,4978736	0,5852004
40	0,6869414	0,4988012	0,5195919	0,1960505	0,8613563	0,0922410	0,3936708	0,6142236	0,0692800	0,2575419	0,5149178	0,3602723	0,6248745	0,4902920	0,5286943	0,6684427
60	0,6459765	0,5289696	0,3588239	0,2005758	0,6058380	0,1431820	0,4018388	0,5300689	0,1068414	0,2568768	0,6762136	0,3713027	0,5430995	0,4294329	0,5843015	0,6724188
80	0,7896752	0,5513608	0,3384605	0,2095626	0,7635702	0,0371666	0,4018340	0,3216116	0,0799571	0,2162185	0,5741573	0,3145625	0,5657425	0,4245294	0,5941200	0,7990960
100	0,7351685	0,5266999	0,3500959	0,2278043	0,6511299	0,0384491	0,4078354	0,2592054	0,0934458	0,2167638	0,6660134	0,2599329	0,4280526	0,4388806	0,5497026	0,9054448
120	0,7519069	0,5172219	0,2657165	0,2690279	0,6635621	0,0416034	0,3651652	0,2281349	0,1299755	0,2890025	0,8105696	0,2500701	0,5900709	0,5300265	0,4632095	0,7184006
140	0,6761819	0,5663471	0,2830712	0,2792225	0,6264104	0,0110452	0,3830734	0,1695711	0,1276530	0,3487885	0,7550281	0,2034315	0,5616605	0,4455945	0,5411374	0,7558523
160	0,6706795	0,4990098	0,3560013	0,3564095	0,7272660	0,0052826	0,2876632	0,0878974	0,1229525	0,3228555	0,7303609	0,1481977	0,7424995	0,4657452	0,4041176	0,7392040
180	0,6600361	0,4681711	0,2931848	0,3499606	0,5950132	0,0097248	0,3041425	0,0786579	0,1366217	0,3639690	0,7023050	0,1664935	0,6828570	0,4332024	0,5057539	0,7072970
200	0,7338318	0,5443925	0,2429102	0,3704812	0,6631735	0,0157619	0,3871230	0,0687859	0,2111993	0,4405681	0,5558980	0,1415807	0,5396256	0,4646545	0,5508513	0,7750688
220	0,8211906	0,4990938	0,2488700	0,3744936	0,9096956	0,0026215	0,3268524	0,0382055	0,1668716	0,3215809	0,5326790	0,1179465	0,5705212	0,5228125	0,5702014	0,7539526
240	0,6866462	0,4600437	0,2282956	0,4890982	0,6410777	0,0029714	0,4221534	0,0401133	0,1741695	0,4821691	0,5424605	0,0804706	0,6138591	0,5150086	0,4823956	0,6781908
260	0,7805634	0,3865641	0,2084133	0,4914679	0,5672953	0,0092883	0,3678512	0,0426714	0,2911758	0,5267271	0,5629050	0,0938882	0,5590775	0,4490842	0,4826449	0,6633418
280	0,6996744	0,4131792	0,3004606	0,5386487	0,7890525	0,0019423	0,3573011	0,0246618	0,3028090	0,5511446	0,5529023	0,0926128	0,5023611	0,3599019	0,5319874	0,8237078
300	0,7081996	0,4091852	0,2382839	0,5853404	0,7434586	0,0033562	0,3164003	0,0265459	0,4029610	0,5079809	0,6256917	0,0646806	0,5296084	0,5594596	0,5408296	0,6078928
320	0,8465990	0,4103406	0,2830899	0,4989221	0,7809823	0,0009303	0,2841903	0,0274764	0,3429890	0,6564558	0,5500389	0,0652213	0,5365066	0,4462898	0,5860108	0,7499757
340	0,8187845	0,3887988	0,2705402	0,4337487	0,6768358	0,0015676	0,2567349	0,0183854	0,3790522	0,5387874	0,7280493	0,0407056	0,5740293	0,3927752	0,4873851	0,6347842
360	0,7537920	0,4007077	0,2234799	0,5899480	0,7854784	0,0009079	0,3450927	0,0288880	0,2644930	0,5083763	0,5401570	0,0376277	0,4335475	0,3143208	0,5358710	0,7179188
380	0,7188797	0,4694031	0,2693956	0,5135137	0,7957583	0,0028748	0,3658352	0,0244260	0,2774752	0,3569669	0,6478167	0,0289345	0,5409159	0,4320667	0,4948110	0,6130026
400	0,7302826	0,3447820	0,1819729	0,4399249	0,8661639	0,0033060	0,2619997	0,0077313	0,3167854	0,4997798	0,6332102	0,0161106	0,5311621	0,3835071	0,4959373	0,6419786
420	0,7607549	0,4232112	0,2401198	0,4678124	0,6622270	0,0054800	0,3858421	0,0073495	0,3156409	0,5501763	0,6175248	0,0292285	0,5210507	0,3401699	0,6289250	0,6205130
440	0,7740016	0,4572876	0,1978281	0,4660570	0,7918208	0,0007806	0,3239435	0,0108177	0,3435306	0,5502419	0,6685598	0,0373665	0,4974366	0,3940336	0,4177906	0,5523612
460	0,7167509	0,3930723	0,2046635	0,5194195	0,7519732	0,0008720	0,4328295	0,0024066	0,4512075	0,5484439	0,5173789	0,0370189	0,4417095	0,4010674	0,4809735	0,5955585
480	0,6285309	0,3816868	0,2252405	0,5399796	0,8541856	0,0009509	0,3887786	0,0142996	0,3424897	0,5739795	0,6462606	0,0487012	0,4011937	0,2834938	0,5220587	0,6375781
500	0,7081377	0,4108273	0,2511063	0,4611692	0,7071164	0,0006821	0,3493892	0,0053708	0,3692045	0,5633677	0,6117742	0,0499259	0,5522210	0,3557469	0,4886503	0,7296484
520	0,7143631	0,3429257	0,2357136	0,4910121	0,6246153	0,0019725	0,2959424	0,0118181	0,3801612	0,6740409	0,5916055	0,0501233	0,4323578	0,3872160	0,3545293	0,6598113
540	0,6007087	0,3727497	0,2488621	0,4252796	0,7482580	0,0038253	0,3661517	0,0044683	0,4719661	0,5866900	0,6659086	0,0843802	0,4630889	0,3059005	0,4939132	0,7039044
560	0,6133527	0,3298409	0,2398156	0,4381828	0,8397947	0,0000000	0,3939754	0,0167933	0,3121350	0,6075857	0,6670928	0,0765296	0,6241054	0,2862376	0,4677644	0,6090092
580	0,6695564	0,3234454	0,3238260	0,4924533	0,7897379	0,0032360	0,3152644	0,1318471	0,3180197	0,6136223	0,6169354	0,0618769	0,4250616	0,2799532	0,3963243	0,5869455
600	0,5525084	0,3432373	0,2481026	0,4542158	0,7087073	0,0151983	0,3229680	0,1593037	0,3439731	0,6026718	0,5588647	0,0380074	0,5691004	0,3311036	0,3836794	0,6106222
620	0,6414132	0,4347179	0,3936806	0,4558517	0,6726541	0,0172875	0,3374781	0,3141359	0,2881139	0,6157895	0,6821546	0,0432143	0,6296013	0,4408218	0,3494176	0,6844111
640	0,6886208	0,4311181	0,4852529	0,5272119	0,6601312	0,0027845	0,3282328	0,4926902	0,1986310	0,5790080	0,5497963	0,0472887	0,5600285	0,3452315	0,3640046	0,7465891
660	0,7473972	0,3733019	0,5727944	0,4624683	0,6604941	0,0109373	0,2757496	0,5275744	0,2059118	0,3859519	0,6228734	0,1070018	0,6254459	0,3563737	0,3610642	0,6926911
680	0,8137651	0,4275090	0,6833244	0,3042546	0,6338883	0,0429863	0,3396837	0,5986838	0,1371734	0,3377794	0,6942545	0,0434671	0,6094773	0,3464819	0,3262833	0,8401608
700	0,7927329	0,4636015	0,6866084	0,2849350	0,6693140	0,0445530	0,3155573	0,5905830	0,0957954	0,3382106	0,6024647	0,0621434	0,6197455	0,4270545	0,4245096	0,5747006
720	0,7446762	0,4107195	0,6598788	0,2283618	0,7788058	0,0598506	0,3315214	0,7044712	0,0546450	0,4378409	0,5677576	0,0799012	0,5755029	0,3702735	0,3932797	0,6575352
740	0,8927548	0,4411721	0,8276053	0,2233583	0,6341569	0,0541595	0,3806037	0,6306410	0,0287049	0,3071142	0,6353184	0,0580438	0,5411137	0,4318874	0,5194458	0,7651700
760	0,7736857	0,4016792	0,7081776	0,1670975	0,7839271	0,0624640	0,3673272	0,7395577	0,0454591	0,2686483	0,7424336	0,1798609	0,7593366	0,3902200	0,4324268	0,8687999
780	0,8034909	0,3724607	0,7566584	0,2258808	0,7050396	0,0575075	0,3433656	0,6782948	0,0306424	0,2004426	0,7121910	0,1541310	0,6037785	0,4700999	0,4750030	0,8598050
800	0,7439050	0,3715092	0,6224926	0,1558512	0,7795128	0,0995540	0,3480893	0,7650373	0,0356528	0,2523286	0,6991076	0,2049683	0,6450611	0,3484162	0,4168606	0,6339377
820	0,7895715	0,4447912	0,6996056	0,1217816	0,7644385	0,0580272	0,2585821	0,7717757	0,0446296	0,2214809	0,8028745	0,2789602	0,7012498	0,4099285	0,5272224	0,7738452
840	0,7214403	0,4518692	0,6952827	0,1335389	0,8384436	0,0699247	0,3812130	0,7684917	0,0992049	0,2944945	0,7797151	0,2726681	0,6561349	0,4712578	0,4167013	0,6383174
860	0,7123092	0,4335068	0,9559517	0,1038225	0,6642633	0,0731112	0,2408499	0,7808193	0,0431710	0,1843527	0,7452427	0,3047741	0,6110633	0,4412108	0,5101136	0,6967715
880	0,6696036	0,4396976	0,8152131	0,1549312	0,6125644	0,0863014	0,3762189	0,7149069	0,0527738	0,1816213	0,7684295	0,3438118	0,7190180	0,4304795	0,4007214	0,7256839
900	0,8923157	0,3991404	0,8737295	0,0831059	0,8670213	0,0987612	0,3339854	0,7032825	0,0892072	0,1894508	0,6981970	0,4508607	0,7758863	0,4930272	0,4846593	0,7621047
920	0,7017501	0,4094671	0,6784794	0,1294553	0,7329645	0,0578364	0,4066779	0,7439027	0,0677547	0,2560712	0,6571981	0,4774824	0,6428018	0,3562730	0,4696236	0,6901168
940	0,6162831	0,4929732	0,7101399	0,1204529	0,7970566	0,0857532	0,2987812	0,9095243	0,0673671	0,2131009	0,6805289	0,5204400	0,7680767	0,3546463	0,3924530	0,8041670
960	0,8611779	0,3491763	0,7148381	0,1060652	0,7675684	0,0912656	0,2504801	0,8021800	0,0359327	0,1901051	0,6901095	0,4493058	0,6678328	0,4743507	0,5528552	0,5982293
980	0,7202991	0,4259982	0,7430391	0,1104958	0,8015802	0,1037864	0,3076142	0,7682741	0,0393372	0,2136416	0,8131116	0,5367713	0,6312686	0,4570789	0,4735196	0,6024143
1000	0,7078631	0,3896338	0,7075454	0,1326571	0,7969638	0,1122931	0,3377392	0,9076427	0,0253172	0,2144479	0,7939455	0,4660886	0,6650418	0,3563255	0,5828726	0,7115952
1020	0,6943092	0,4414876	0,6201065	0,1567247	0,7891114	0,0640922	0,2831609	0,8057519	0,0454129	0,1513302	0,8281603	0,5111207	0,6270069	0,3887809	0,4501541	0,7397406
1040	0,7778955	0,4615386	0,5656987	0,1198618	0,7704380	0,0771278	0,4071865	0,8221636	0,0334192	0,2052231	0,5831475	0,5408468	0,7585995	0,3541045	0,4035783	0,6232336
1060	0,6663746	0,5320277	0,7386480	0,1304573	0,6914453	0,1230909	0,3565182	0,6612769	0,0440741	0,1931337	0,7034933	0,4661468	0,6880364	0,3623523	0,4477331	0,6782587
1080	0,7516816	0,4664766	0,7694553	0,1865824	0,6473314	0,1056506	0,3893630	0,9645259	0,0426873	0,1941239	0,7773581	0,3998314	0,6917565	0,3376713	0,4125824	0,6854901
1100	0,6316941	0,3978888	0,7569413	0,1151812	0,8447002	0,0504472	0,2613795	0,7645176	0,0263572	0,2974555	0,6032309	0,4211091	0,8187941	0,3963036	0,4094158	0,7407545

0	0,7408020	0,4522988	0,6472037	0,2347733	0,7753203	0,1044622	0,3486540	0,6673392	0,0224713	0,2481775	0,5770536	0,5772049	0,5306387	0,4673926	0,5392522	0,7614294
20	0,6875160	0,4585246	0,8194430	0,0866071	0,6966070	0,1418932	0,3993772	0,7866262	0,0520702	0,2953703	0,5990892	0,4021186	0,6432004	0,5810927	0,4495626	0,8431233
40	0,6449804	0,4687279	0,7609510	0,0815128	0,6124862	0,1640977	0,3455472	0,7479785	0,0331212	0,2384477	0,6571110	0,4572762	0,6448049	0,6528071	0,4785529	0,6569085
60	0,5726270	0,4415624	0,8705409	0,0899316	0,5960164	0,1165369	0,2562194	0,6685532	0,0484756	0,2251678	0,8064199	0,4974944	0,7700220	0,4911361	0,4679796	0,7120072
80	0,6232251	0,6628377	0,7739733	0,1064067	0,5341568	0,0927080	0,3542837	0,7279993	0,0370044	0,1716430	0,7201227	0,5409564	0,7685548	0,5606647	0,4397244	0,7300071
100	0,4945075	0,5320285	0,6658726	0,1203946	0,5614501	0,0881180	0,3256378	0,6378029	0,0882373	0,1818459	0,6109969	0,4748205	0,6179080	0,6762767	0,4932227	0,7902908
120	0,4523672	0,5209902	0,7337309	0,1401005	0,5039909	0,1103308	0,4167841	0,7001320	0,0389527	0,2723724	0,6730049	0,5794753	0,6411627	0,6855870	0,5548766	0,7312887
140	0,3874020	0,4236119	0,7315390	0,1351029	0,3531225	0,1389452	0,3916742	0,7380781	0,0302270	0,2548494	0,6378491	0,6572614	0,6053146	0,7381748	0,4326246	0,8225936
160	0,4407771	0,4992924	0,7208607	0,1073144	0,4003335	0,1816796	0,3581778	0,8063341	0,0233516	0,2775986	0,6744691	0,5329817	0,5585678	0,5452881	0,5465481	0,7123326
180	0,3701713	0,4074943	0,8682259	0,0984963	0,3575477	0,2099514	0,3545487	0,7494482	0,0610975	0,2651080	0,6394350	0,4869106	0,4731807	0,5337403	0,4734900	0,8266668
200	0,3544561	0,4566116	0,7662258	0,1331452	0,3486840	0,1213738	0,3890766	0,7161067	0,0196915	0,3145088	0,6166949	0,6081512	0,5750428	0,4712766	0,4866762	0,7273054
220	0,3378410	0,5108795	0,7213900	0,1827658	0,2900539	0,1306923	0,4773619	0,7350674	0,0404347	0,2665512	0,6424341	0,5369844	0,6008932	0,4526215	0,4669294	0,5820858
240	0,2038920	0,5495934	0,7777522	0,1192345	0,2605458	0,1941021	0,5529433	0,6165405	0,0381566	0,2490922	0,6987370	0,4999976	0,8074734	0,5396690	0,4133078	0,6169043
260	0,3761505	0,4993819	0,6875956	0,1133066	0,3055022	0,2068348	0,5054750	0,6975274	0,0288617	0,2976419	0,7408466	0,4824752	0,7440854	0,4671556	0,3992061	0,7785493
280	0,3392025	0,4595291	0,7064211	0,1048174	0,2558512	0,2200803	0,5161202	0,6725911	0,0398194	0,3170883	0,7906344	0,3653441	0,7446134	0,5538020	0,5055426	0,7341989
300	0,3391038	0,4845092	0,6211492	0,1024058	0,2654491	0,2403144	0,5215348	0,6636345	0,0467362	0,2722604	0,6621595	0,4218143	0,6515193	0,5677332	0,4971668	0,7328707
320	0,3284364	0,5318327	0,6617555	0,0795826	0,2687057	0,1686559	0,5411485	0,7779160	0,0440817	0,2101070	0,7167239	0,4407429	0,6491288	0,6235685	0,4389869	0,6538357
340	0,5499901	0,5120536	0,6759969	0,1039708	0,2942741	0,2263191	0,5020193	0,7232220	0,0544064	0,2296338	0,7575093	0,4133635	0,6647782	0,5857274	0,5302059	0,7461302
360	0,3273773	0,4770229	0,6933113	0,1370215	0,3181644	0,1793763	0,5601433	0,8353423	0,0718914	0,1958761	0,6139243	0,4062945	0,7842371	0,5614814	0,5788322	0,8798397
380	0,3795008	0,4582187	0,6238896	0,1006175	0,2771889	0,1288274	0,6368088	0,8041097	0,0317534	0,2596867	0,5699194	0,4308831	0,6493678	0,5687656	0,4568625	0,8508089
400	0,4180793	0,4005058	0,7469673	0,1163948	0,2750965	0,1518304	0,6756823	0,8390089	0,0529633	0,2961593	0,5770604	0,4907942	0,5825795	0,5209564	0,5167535	0,8142664
420	0,4541153	0,4915942	0,5564531	0,1243351	0,2211006	0,1006392	0,6339838	0,6833023	0,0320647	0,2628666	0,6601773	0,4433151	0,6683128	0,7422998	0,4827394	0,7910255
440	0,3876031	0,4234214	0,6810125	0,1071940	0,2896528	0,1256237	0,6218673	0,7106147	0,0395442	0,2020641	0,6862897	0,4203724	0,6549736	0,6506455	0,5030299	0,7685506
460	0,4386049	0,5122179	0,7952971	0,1080187	0,3352113	0,1501710	0,6963802	0,7366326	0,0553045	0,2153133	0,7573606	0,4367857	0,7034245	0,5867192	0,4843889	0,8050541
480	0,3964371	0,4487049	0,6723861	0,1053184	0,3365128	0,1653264	0,4976548	0,7368738	0,0491082	0,2338061	0,7837025	0,4082577	0,5745146	0,7079036	0,3632414	0,7050807
500	0,4986736	0,4676188	0,5226571	0,1871089	0,2269874	0,1459106	0,6036258	0,7405560	0,0519094	0,2348085	0,7559712	0,4507305	0,5414672	0,5549123	0,4522838	0,8007562
520	0,3230748	0,5571150	0,7140584	0,1266175	0,1898938	0,1821966	0,5620884	0,6933635	0,0181441	0,2296559	0,6752334	0,4789633	0,4965085	0,6465614	0,6151817	0,6601040
540	0,4655389	0,4555628	0,6928865	0,1664238	0,2061146	0,2357650	0,5804115	0,8409080	0,0330404	0,2596556	0,8659109	0,4594093	0,5829735	0,6415323	0,4709436	0,7181322
560	0,4504967	0,4502496	0,6458671	0,1448105	0,2857439	0,1554334	0,4946547	0,9081819	0,0522998	0,2078684	0,6757648	0,4235911	0,6399854	0,5803563	0,5438368	0,7389681
580	0,4780671	0,5248031	0,7986720	0,1851176	0,2611946	0,1823110	0,6332139	0,8154145	0,0551001	0,1603398	0,6530519	0,3688474	0,7025990	0,5099286	0,4888631	0,7012756
600	0,3995215	0,5250206	0,7255577	0,1745883	0,2668237	0,1560727	0,5321172	0,6868020	0,0522688	0,2072788	0,6861030	0,4617881	0,5709721	0,5041081	0,4627288	0,6588459
620	0,5613283	0,5143389	0,8081739	0,1343600	0,3299255	0,0918318	0,5408546	0,7657227	0,0279309	0,2015268	0,6609994	0,3080308	0,6205553	0,5152625	0,5026429	0,8013902
640	0,5963648	0,5297476	0,7093549	0,1920224	0,3984759	0,1219276	0,5536080	0,7692506	0,0398993	0,2334790	0,6639016	0,4106270	0,6241731	0,4586007	0,4834575	0,8205947
660	0,6674625	0,4523817	0,7808573	0,1836682	0,4859519	0,1891625	0,5238719	0,7884027	0,0475263	0,2781699	0,6740553	0,3224251	0,4888460	0,4125271	0,4916603	0,6272255
680	0,7494915	0,5437120	0,7232260	0,1538485	0,3857461	0,1164204	0,4090462	0,9424650	0,0514772	0,2266120	0,8259849	0,3731760	0,6062781	0,4163299	0,4880263	0,7247779
700	0,7424013	0,5760403	0,7862650	0,1376164	0,5156336	0,1564628	0,5658104	0,8090794	0,0576196	0,1912070	0,8218889	0,3457769	0,6543205	0,4103853	0,6017586	0,7001521
720	0,7938603	0,5347602	0,7323763	0,1920292	0,5572055	0,1015355	0,4997668	0,7093065	0,0234837	0,2319814	0,8463406	0,3896570	0,5383170	0,4189613	0,5664848	0,7497500
740	0,6833446	0,6480518	0,6731298	0,1623911	0,5336043	0,1100765	0,5444092	0,7832783	0,0838362	0,3083157	0,8451015	0,3585701	0,6432952	0,4793825	0,5167108	0,7477762
760	0,5608212	0,5317589	0,7419395	0,1330428	0,6525150	0,1421734	0,4240357	0,7531843	0,0553078	0,2013522	0,6954290	0,4255371	0,6387074	0,4051665	0,5261695	0,7712836
780	0,6938697	0,4928120	0,6718554	0,1501859	0,5703876	0,0817905	0,3323888	0,7231832	0,0613290	0,2994093	0,7325417	0,3190097	0,5642073	0,4121781	0,4725059	0,7098225
800	0,5863434	0,5844593	0,7537252	0,1856978	0,5744299	0,1124142	0,3864620	0,7429174	0,0545572	0,2221527	0,6767516	0,3593850	0,7850785	0,4410245	0,5200623	0,6274874
820	0,7117691	0,5066853	0,7046962	0,1160952	0,5391598	0,1038495	0,3959063	0,7379850	0,0246568	0,2797243	0,5829285	0,4133457	0,7083872	0,4138746	0,5173609	0,6986695
840	0,6970537	0,4361975	0,7166208	0,1474817	0,6303086	0,1297033	0,3631683	0,8143541	0,0282076	0,3283538	0,6909458	0,5319826	0,6899356	0,3902376	0,6390859	0,6690949
860	0,7492121	0,4623416	0,7174202	0,1065531	0,8483428	0,0869242	0,4090174	0,8084018	0,0312198	0,2340284	0,7711360	0,4059047	0,6785914	0,3934518	0,4577360	0,6750808
880	0,7162418	0,5129264	0,7502304	0,1471998	0,5934331	0,0933267	0,3376610	0,8655639	0,0452047	0,2485660	0,6211983	0,5273772	0,6260727	0,5162198	0,5569705	0,6480158
900	0,6187554	0,4721273	0,7800605	0,1479407	0,8011110	0,1380074	0,3520106	0,7918752	0,0247923	0,2232417	0,7186381	0,4992172	0,5967893	0,4793711	0,4721185	0,6763134
920	0,6393826	0,4573069	0,6547767	0,1674320	0,7588622	0,1189597	0,2974339	0,7677673	0,0436808	0,3758457	0,7668338	0,5159216	0,6048952	0,3488024	0,4968993	0,7091704
940	0,9119929	0,4943402	0,6484916	0,0998997	0,7028935	0,0842145	0,3764592	0,7212722	0,0328462	0,2406918	0,6648429	0,5877271	0,6376419	0,4246046	0,4266823	0,7135357
960	0,6908940	0,4983909	0,7829634	0,1324653	0,6657244	0,1396309	0,3073444	0,6965892	0,0384417	0,2792527	0,6406880	0,5839196	0,6278734	0,4063760	0,5015009	0,6554475
980	0,7432379	0,5832803	0,7777841	0,1357236	0,7348239	0,1006866	0,3380590	0,7082551	0,0740930	0,2737336	0,8215521	0,6236611	0,6835611	0,3609621	0,4409046	0,6971300
1000	0,8021060	0,4424957	0,9133800	0,1232470	0,6137837	0,0909980	0,3244894	0,8542574	0,0420112	0,1887003	0,7347001	0,4103523	0,6083263	0,4268763	0,4362027	0,7450791
1020	0,7417624	0,4866559	0,8483084	0,1354342	0,6459361	0,1370334	0,4356939	0,6187271	0,0463746	0,3011753	0,7880435	0,4987771	0,6587783	0,3281549	0,5559275	0,6732919
1040	0,7677224	0,4673931	0,6719727	0,1095506	0,6128576	0,0872308	0,3245387	0,8063936	0,0420850	0,2756610	0,8491161	0,5048411	0,5763833	0,4122725	0,6001059	0,8068473
1060	0,7406201	0,4135270	0,6337101	0,1028104	0,5918709	0,0907517	0,4165047	0,7523364	0,0401169	0,1694109	0,7167231	0,4556009	0,6575945	0,3999721	0,6077631	0,6574947
1080	0,6523691	0,5116683	0,6515625	0,0985255	0,6239935	0,1200914	0,3384429	0,6950236	0,0489794	0,1700886	0,6409319	0,5954105	0,7256103	0,3621829	0,5299502	0,7069739
1100	0,8093638	0,4954972	0,7230815	0,1326032	0,6332213	0,0982097	0,4187257	0,8774581	0,0425224	0,2283417	0,6719529	0,5080265	0,6904970	0,4095468	0,5842567	0,6482173

0	0,7939438	0,5128862	0,6515743	0,1860123	0,7010029	0,1075995	0,3924078	0,7457996	0,0269607	0,1925963	0,6355977	0,4430135	0,7129115	0,4542537	0,4580915	0,7299079
20	0,6677146	0,4528958	0,8291473	0,1415847	0,6258748	0,1421233	0,4100953	0,7031365	0,0511640	0,1549557	0,6275224	0,4112307	0,6260273	0,4331216	0,3947497	0,5631779
40	0,5720946	0,4328500	0,6127608	0,1571782	0,6442254	0,1091718	0,2691982	0,7609213	0,0581319	0,1423136	0,8182058	0,3269355	0,7503390	0,4721841	0,5110173	0,5968788
60	0,6340658	0,5361559	0,6295900	0,1350638	0,7821322	0,0600473	0,3274589	0,5957016	0,0564482	0,1315215	0,6718730	0,3574758	0,5993288	0,5295175	0,5213639	0,7161465
80	0,5881206	0,4001477	0,5682284	0,1266757	0,7180345	0,0677174	0,1754796	0,7282220	0,0717869	0,1164672	0,8426711	0,2791531	0,6981266	0,6154491	0,5016306	0,8223511
100	0,5448195	0,4105344	0,4595665	0,1032703	0,7994796	0,1073727	0,2921509	0,7372588	0,0389206	0,1243408	0,7258670	0,3538499	0,6776537	0,5582417	0,4609285	0,8990646
120	0,6020631	0,5630178	0,4219874	0,1706803	0,5843239	0,0812217	0,1559888	0,5933622	0,0641688	0,1151532	0,8442985	0,4256458	0,5837480	0,4897451	0,5681893	0,7929992
140	0,5576381	0,4752722	0,3718399	0,1916648	0,6384207	0,0156184	0,1511104	0,6929352	0,0524881	0,1111273	0,6522809	0,2825566	0,6733996	0,5651759	0,5312877	0,7837787
160	0,6983856	0,4589192	0,3655921	0,2343603	0,8258017	0,0133437	0,1297442	0,8521833	0,1190530	0,1156637	0,5844225	0,3474085	0,6957318	0,4960051	0,5593631	0,7442671
180	0,6174242	0,5791818	0,3880706	0,3679164	0,6925160	0,0352470	0,1595333	0,8544697	0,1068754	0,1387070	0,5408561	0,3391368	0,6418956	0,4964052	0,5763005	0,6648483
200	0,6155677	0,4561483	0,5127373	0,3829199	0,6858651	0,0196998	0,2330476	0,7916987	0,1204947	0,1582197	0,6142738	0,2193775	0,6820064	0,5524914	0,5701823	0,7927887
220	0,6779669	0,5141452	0,4319433	0,3586171	0,6447768	0,0375760	0,2005425	0,7069134	0,0991208	0,1948288	0,4618556	0,2073124	0,7509583	0,4744742	0,5271481	0,7466340
240	0,6193926	0,4623540	0,3022950	0,3893504	0,6411918	0,0237755	0,1853749	0,7734541	0,1272842	0,2761716	0,5417591	0,1669050	0,6135725	0,4394849	0,4713030	0,7492778
260	0,7340128	0,4786430	0,3892796	0,2503794	0,6928578	0,0065377	0,2046814	0,7705871	0,1386841	0,2534970	0,6740372	0,1766647	0,5852000	0,4536583	0,4908730	0,7771550
280	0,7746413	0,5564708	0,3778178	0,2686634	0,7361298	0,0405039	0,1990772	0,7570460	0,1218473	0,1833802	0,4387449	0,0997819	0,7511053	0,6199325	0,4690529	0,6054993
300	0,7194853	0,4315489	0,4425513	0,3439399	0,6416239	0,0150429	0,3342912	0,7042368	0,0974461	0,2049491	0,5622883	0,1270118	0,6012783	0,4664196	0,4288310	0,6255789
320	1,0371389	0,3794868	0,3502542	0,2683490	0,7347286	0,0075221	0,2553487	0,6584318	0,1478750	0,2097312	0,5458417	0,0980309	0,5245405	0,5519130	0,4196751	0,6429286
340	0,7349727	0,5130638	0,4214546	0,3085175	0,5498453	0,0112721	0,1936824	0,7002820	0,0556221	0,2370689	0,5677217	0,0829078	0,5754214	0,4858231	0,4907939	0,7072092
360	0,7017023	0,3835384	0,4117231	0,2661270	0,6265128	0,0161369	0,2745210	0,7115298	0,0996246	0,2724714	0,4776591	0,0948262	0,5235980	0,4176111	0,5123795	0,6584791
380	0,7202933	0,4827148	0,4207860	0,2397068	0,5798547	0,0292393	0,2216242	0,6413056	0,1004962	0,2499724	0,4960064	0,1365059	0,6662766	0,3805377	0,3366607	0,7171904
400	0,7426341	0,4703736	0,3540149	0,2512388	0,6296184	0,0077343	0,2487378	0,7135909	0,0997743	0,2334064	0,5233768	0,0977221	0,5850420	0,4525138	0,4500728	0,7189855
420	0,5649831	0,5601634	0,4818427	0,3021824	0,6486192	0,0067410	0,1615543	0,7478441	0,1042297	0,2244611	0,6938077	0,0564658	0,5988255	0,5031186	0,5876111	0,7337861
440	0,7016927	0,4135005	0,3890549	0,2679936	0,7225308	0,0378242	0,2006242	0,7498482	0,0921238	0,1814675	0,5543350	0,1306012	0,5812720	0,4694616	0,5418104	0,7363469
460	0,6936664	0,4233181	0,4060429	0,2780573	0,6850020	0,0212804	0,1859628	0,7825602	0,1492770	0,1833031	0,5310991	0,1514332	0,4862927	0,5424437	0,4760515	0,6528481
480	0,6761485	0,5134777	0,4493290	0,2945706	0,6375678	0,0139049	0,2163097	0,7203400	0,0689855	0,1840608	0,6630738	0,1616542	0,6287790	0,5242100	0,4789003	0,6727434
500	0,6072833	0,5058862	0,4504349	0,2467263	0,8125752	0,0372936	0,2052890	0,7721551	0,1140056	0,1846418	0,6891891	0,1508437	0,6574278	0,4978487	0,5643920	0,6446366
520	0,7431574	0,4395943	0,4197004	0,2159472	0,7576316	0,0277393	0,1631736	0,8280305	0,0633907	0,1890194	0,5585733	0,1345648	0,6501955	0,5721728	0,5548593	0,6319938
540	0,7243842	0,5061699	0,3893360	0,2154434	0,6639480	0,0288367	0,2084654	0,7379714	0,1278428	0,2089488	0,4879652	0,0938908	0,6367130	0,4813932	0,5821339	0,6101401
560	0,7371646	0,4855173	0,4431994	0,2062268	0,8347894	0,0330748	0,2489385	0,7314036	0,1044605	0,1779428	0,5694273	0,1201842	0,6173296	0,5182844	0,5299637	0,6366568
580	0,6696397	0,4067243	0,4823533	0,2650217	0,7571885	0,0239295	0,2327644	0,6683852	0,0899125	0,2414231	0,7206070	0,1607383	0,6180337	0,4487081	0,5490718	0,7459761
600	0,7818140	0,4107386	0,5116520	0,2601258	0,7338433	0,0444823	0,1773509	0,8142993	0,1428849	0,2210622	0,5362118	0,1463898	0,5357368	0,3930905	0,5651202	0,6231780
620	0,7273682	0,4261329	0,5934098	0,2221741	0,7903864	0,0708013	0,2345355	0,8108467	0,0867178	0,2323121	0,5406120	0,1864486	0,6438236	0,4727868	0,6156355	0,5938193
640	0,7823505	0,5039781	0,6609135	0,2532392	0,7416449	0,0520793	0,2805205	0,9402908	0,0939793	0,2192516	0,6563876	0,1247809	0,6160864	0,3964715	0,5224702	0,6527479
660	0,6645652	0,5276729	0,7606310	0,2833624	0,6755320	0,0783417	0,3062249	0,7096124	0,0542731	0,1945606	0,6838748	0,1923802	0,6076028	0,5060742	0,4837216	0,5749378
680	0,7959549	0,4457048	0,6353060	0,1541203	0,7766327	0,0678661	0,3665257	0,7275890	0,0702072	0,2064924	0,5913184	0,1294530	0,5834596	0,5589907	0,4885184	0,6317684
700	0,6529953	0,4118172	0,7364540	0,1453031	0,8213386	0,1263718	0,3161770	0,8229084	0,0481971	0,1962918	0,7556616	0,2627200	0,6361781	0,4010988	0,4292852	0,7319387
720	0,8749965	0,4471925	0,7196183	0,1314042	0,8010713	0,1182633	0,3674215	0,6680257	0,0719492	0,2262038	0,6501777	0,2555270	0,6747603	0,4305093	0,4125106	0,6759475
740	0,8423944	0,4367879	0,6665525	0,0891880	0,7440174	0,1028970	0,3049895	0,7189939	0,0634247	0,1949445	0,8311918	0,2438335	0,6544033	0,4652287	0,4837910	0,6898634
760	0,5937427	0,4417810	0,8058912	0,1436780	0,7904484	0,0751228	0,3924779	0,8323860	0,0806502	0,1632859	0,7115418	0,2444940	0,5976721	0,4303711	0,4359513	0,7417909
780	0,6499297	0,3857990	0,8448001	0,0756758	0,7185886	0,0836068	0,4199395	0,7813933	0,1080434	0,1838645	0,6076190	0,3461652	0,7331308	0,3655997	0,5387440	0,8682883
800	0,6275261	0,3747670	0,7983026	0,1208788	0,7377370	0,0658697	0,3644689	0,7182123	0,0738396	0,1386913	0,8673802	0,4517424	0,6181631	0,5005693	0,4117490	0,7210900
820	0,6792079	0,5482818	0,8063508	0,1043517	0,5674407	0,0860534	0,3420102	0,8364786	0,0383062	0,2062604	0,7248744	0,4085446	0,6110309	0,5027443	0,3613512	0,7201902
840	0,7439517	0,5484317	0,8077913	0,0650031	0,7252017	0,0472632	0,3328243	0,7116187	0,0448482	0,2076331	0,5656225	0,5459412	0,6425774	0,4951705	0,3881022	0,7379792
860	0,5540118	0,4220366	0,6630140	0,1501567	0,6526557	0,0863633	0,2972719	0,8334867	0,0344550	0,1890965	0,6961914	0,4977855	0,5924570	0,4764346	0,3276393	0,6430285
880	0,6332671	0,3828542	0,7667314	0,0923608	0,7105113	0,0966678	0,3428785	0,6901955	0,0580691	0,2494572	0,6099663	0,4583388	0,6503686	0,3936273	0,4716433	0,6685005
900	0,6230850	0,4480210	0,8553977	0,0669161	0,6132830	0,1202676	0,3202078	0,8728750	0,0506603	0,2070090	0,6667059	0,4683548	0,5592386	0,4386837	0,3644394	0,7582030
920	0,6547073	0,4321097	0,9187836	0,1306366	0,7262049	0,1115582	0,3753194	0,7906788	0,0533094	0,2371108	0,5732020	0,4163429	0,5469034	0,4640068	0,4034658	0,7904693
940	0,8050964	0,5630631	0,7367160	0,0915687	0,6375991	0,0961946	0,3303122	0,6815093	0,0332390	0,2499180	0,6740809	0,5232577	0,6511531	0,4058511	0,4364194	0,7171439
960	0,7977448	0,3505020	0,7684363	0,1042782	0,7078498	0,0684805	0,2955000	0,9028782	0,0253956	0,2053160	0,6234284	0,3762990	0,6328222	0,5681396	0,4017820	0,6233888
980	0,7356829	0,4722663	0,6316028	0,1746115	0,6287987	0,1356105	0,3008594	0,7952902	0,0697541	0,2253488	0,6205719	0,4251905	0,6698135	0,4419417	0,5280427	0,6916151
1000	0,7128309	0,4933931	0,7549061	0,1249523	0,7238867	0,0731640	0,2858335	0,7094876	0,0272542	0,2562241	0,6999316	0,4259072	0,6451614	0,4123083	0,5331263	0,6249327
1020	0,8033362	0,4209365	0,7207560	0,1852868	0,6876507	0,0802682	0,3613953	0,6605854	0,0381608	0,1575743	0,5798984	0,3634490	0,6184839	0,3408105	0,5021550	0,6385636
1040	0,8248783	0,4862580	0,6153597	0,1333859	0,6978609	0,1096243	0,3260175	0,7857772	0,0274977	0,1911190	0,7086765	0,5339017	0,7584902	0,3839851	0,5832872	0,7977486
1060	0,5723429	0,5712367	0,7741155	0,1622850	0,6371458	0,1132158	0,3352635	0,6493698	0,0404743	0,1717941	0,7469641	0,5231905	0,7933823	0,4966391	0,4787448	0,6201455
1080	0,7092018	0,6511263	0,7377653	0,1562653	0,7575988	0,1097024	0,3442058	0,7473368	0,0277321	0,2372114	0,7681569	0,5070895	0,7212454	0,3760104	0,4619682	0,6752286
1100	0,6776834	0,4713714	0,6710878	0,1166040	0,7575290	0,1001661	0,4047607	0,7231123	0,0500941	0,2116418	0,6540304	0,3226170	0,8474653	0,4610679	0,4566617	0,6672225

0	0,6587668	0,5585420	0,6929284	0,2014469	0,7085392	0,1027091	0,3574810	0,7363162	0,0228691	0,2027194	0,6671542	0,5234621	0,5714029	0,4313377	0,4851590	0,8850710
20	0,5987161	0,6807549	0,7077926	0,1769920	0,6880722	0,1557054	0,3267950	0,5828144	0,0387781	0,2076025	0,5809564	0,4724111	0,6724760	0,5328735	0,6340268	0,6736742
40	0,7308217	0,5929228	0,6900319	0,1487677	0,8610464	0,1073503	0,4403426	0,6115973	0,0660399	0,2621809	0,7460938	0,4959914	0,6247884	0,5475660	0,6597187	0,7990038
60	0,6167640	0,4967809	0,5541015	0,1632011	0,6608998	0,1287374	0,2899522	0,4754911	0,0678836	0,1944914	0,5141433	0,4071467	0,7004848	0,5801251	0,6032999	0,6661640
80	0,5661172	0,4716798	0,5899961	0,1008450	0,7203257	0,1237217	0,3602461	0,4691743	0,0430014	0,1989876	0,5968150	0,2935698	0,5534156	0,5291223	0,6902952	0,6326042
100	0,6590931	0,6053297	0,5167539	0,2666366	0,7541611	0,1140222	0,3722003	0,3644513	0,0752371	0,1908384	0,5178090	0,3021883	0,5520232	0,5503089	0,5670950	0,6069495
120	0,6352571	0,5403618	0,3838526	0,1429485	0,8807143	0,0725640	0,2819661	0,3595680	0,0358529	0,2568003	0,5188019	0,2968514	0,6241879	0,4454002	0,7280317	0,6038294
140	0,7120263	0,8008526	0,5578938	0,1550252	0,6071390	0,0819495	0,3611859	0,2925016	0,0859319	0,2842490	0,6189154	0,2405481	0,6802877	0,4287209	0,7390821	0,5912772
160	0,6278059	0,5555297	0,5994085	0,2520881	0,8604923	0,0570675	0,3461766	0,3161431	0,0852659	0,2412045	0,6271784	0,3485406	0,6216141	0,4738298	0,6465107	0,7545010
180	0,7487347	0,7508012	0,4853890	0,2275493	0,6017645	0,0887787	0,2877619	0,2369735	0,1011802	0,3408195	0,7568553	0,2055260	0,6962887	0,5041513	0,6212536	0,7570706
200	0,7306429	0,5751126	0,4654514	0,2377393	0,7415607	0,0467035	0,2900605	0,2762600	0,0561124	0,2890118	0,6043741	0,1201129	0,6672863	0,4811625	0,7854455	0,7815143
220	0,6021502	0,5598968	0,4094920	0,2244421	0,7756010	0,0703214	0,2892388	0,2334572	0,0785303	0,2942819	0,6356632	0,1330043	0,7211052	0,4255177	0,7024244	0,6073636
240	0,6990226	0,6320728	0,5308073	0,2414341	0,7532493	0,0649183	0,2513652	0,2385964	0,0473939	0,3352676	0,6895572	0,1231892	0,7336479	0,5596976	0,7148794	0,6672187
260	0,6889554	0,7691931	0,6365630	0,1656416	0,9106004	0,0590995	0,3760262	0,2229659	0,0630136	0,2714164	0,5916505	0,1101477	0,6345780	0,6561293	0,7412889	0,7373291
280	0,6435382	0,8391874	0,5364821	0,2036265	0,5447563	0,0438787	0,3548221	0,2078172	0,0596698	0,2675028	0,5297070	0,0990817	0,6328276	0,5644469	0,7071184	0,6773872
300	0,7571234	0,6195610	0,5393622	0,1572262	0,6678267	0,0523258	0,2700744	0,2062274	0,0640356	0,2143711	0,6968224	0,0727231	0,6877388	0,6719576	0,5780515	0,6040483
320	0,5975878	0,5885589	0,5656759	0,1367787	0,5962226	0,1078627	0,3989115	0,2316147	0,0864162	0,2396279	0,6784393	0,1316703	0,7635305	0,5613808	0,8470980	0,6425563
340	0,6670579	0,5461489	0,5679784	0,1834101	0,5475182	0,0797014	0,3759152	0,2325363	0,0607369	0,2877207	0,7266729	0,1608782	0,7167541	0,5091446	0,7859886	0,6031828
360	0,6344159	0,6730621	0,5379185	0,2683423	0,7038187	0,0383536	0,3461504	0,2583152	0,0566964	0,2215571	0,6245839	0,0876846	0,6922565	0,5118353	0,7872333	0,6146102
380	0,8005659	0,7672944	0,6033141	0,1786746	0,6807169	0,0663493	0,3789436	0,2462307	0,1009387	0,2842360	0,6514784	0,0869017	0,8436996	0,4279375	0,7843453	0,6300593
400	0,8009964	0,6955688	0,4768096	0,2059119	0,8806529	0,0713222	0,3096369	0,2251793	0,1017529	0,2802510	0,5687104	0,1077201	0,7246463	0,4751728	0,6764715	0,5316555
420	0,7234160	0,6821855	0,6172932	0,1633344	0,6752342	0,0632087	0,3864321	0,3174977	0,0511779	0,3448244	0,5629912	0,1057090	0,7834890	0,5093945	0,7016266	0,6924832
440	0,7062708	0,6576474	0,4946370	0,2269346	0,6447529	0,0389996	0,3665875	0,3239826	0,0538995	0,3303550	0,5865384	0,1593337	0,9249375	0,5371680	0,6213189	0,6639641
460	0,7417962	0,7035079	0,4547489	0,1573466	0,8177516	0,0724682	0,4081244	0,2540750	0,0761138	0,2923837	0,6317380	0,1568586	0,8958140	0,5766407	0,8014049	0,7047764
480	0,6759435	0,6227539	0,4614493	0,2451051	0,7969009	0,0709787	0,4056485	0,3189788	0,0594661	0,3771042	0,7689969	0,1124904	0,6607690	0,6038218	0,7314282	0,6722245
500	0,7362190	0,6379207	0,5218404	0,2448156	0,8156311	0,0468905	0,3346267	0,2879494	0,0901884	0,2495818	0,7178631	0,1541017	0,8425020	0,5364240	0,7046265	0,7095916
520	0,7144708	0,5991699	0,4783671	0,2196386	0,8462359	0,1020353	0,3612893	0,2488939	0,0652909	0,3925386	0,6157976	0,1141084	0,7488192	0,4118970	0,7717844	0,7425390
540	0,8275651	0,6063080	0,6416114	0,1839966	0,6871808	0,0462828	0,3778608	0,2148456	0,0653482	0,2549377	0,6468571	0,1064444	0,6753718	0,4945980	0,6934369	0,6090304
560	0,8140999	0,6063009	0,5256702	0,1549792	0,8104187	0,0638817	0,3106466	0,3008622	0,1070716	0,2953188	0,6366778	0,0669859	0,7005434	0,5264213	0,8975742	0,6281938
580	0,8720431	0,6202975	0,6643511	0,2043110	0,6161466	0,1026053	0,4434959	0,3583503	0,0994169	0,1893014	0,6877237	0,1225461	0,7547918	0,6221024	0,7462033	0,6034957
600	0,8690916	0,6181186	0,6492741	0,1592024	0,7605202	0,0870928	0,3242010	0,4625246	0,1917358	0,3371929	0,5762618	0,1388902	0,6632540	0,5234460	0,7595268	0,7542035
620	0,7561113	0,5584086	0,5239128	0,1468745	0,6871509	0,0608767	0,4324300	0,3947863	0,0736001	0,2558358	0,6690505	0,1133795	0,8153392	0,5629767	0,6272185	0,8037486
640	0,8425515	0,5098695	0,6763266	0,2096158	0,7352671	0,0756653	0,4088383	0,5213195	0,1154493	0,2202905	0,6254540	0,1490799	0,6453453	0,5628000	0,6884191	0,6807115
660	0,7214999	0,5542810	0,6587886	0,1557967	0,8159397	0,0882724	0,4228665	0,5170637	0,0612179	0,2109630	0,5120832	0,2481415	0,7346275	0,5324304	0,6064915	0,7369983
680	0,7446650	0,5766467	0,5980271	0,1899058	0,6803895	0,0965960	0,5009560	0,5135555	0,0926285	0,2719238	0,6680065	0,2135855	0,7246233	0,5116898	0,5634195	0,8085069
700	0,8065689	0,5692762	0,6316676	0,1823702	0,6593349	0,0690805	0,3772461	0,5427585	0,0564664	0,2192552	0,6037221	0,2435388	0,6840877	0,4923322	0,5190460	0,7523480
720	0,6378756	0,4560079	0,6269895	0,0970484	0,6879920	0,0516553	0,3792364	0,6912632	0,0471274	0,2919091	0,6890103	0,1547305	0,6033439	0,4218087	0,5583636	0,8345931
740	0,7848481	0,5582234	0,7328026	0,1278294	0,7185773	0,0729107	0,3415555	0,6854907	0,0715658	0,2569933	0,5892897	0,2420972	0,6377530	0,3675895	0,6163575	0,7603715
760	0,7057394	0,4329955	0,6113388	0,1271442	0,6992617	0,0823399	0,4171478	0,6373220	0,1250484	0,1626547	0,4591010	0,4139598	0,6583797	0,4531775	0,5674941	0,8733759
780	0,5609195	0,4111539	0,6040739	0,2210495	0,7108701	0,0706964	0,3729631	0,7528321	0,0794108	0,2895787	0,6283822	0,3845585	0,6741082	0,4548854	0,4890608	0,6681039
800	0,6591487	0,3696512	0,6483300	0,1748214	0,6419130	0,0735294	0,4146864	0,7972610	0,0476312	0,2907063	0,6811256	0,4340854	0,5985597	0,3107730	0,5615727	0,8046794
820	0,6350910	0,4309463	0,7014938	0,1360186	0,7236157	0,0453202	0,3024097	0,7077996	0,0727176	0,2712374	0,5934519	0,3783352	0,5137024	0,4128563	0,5201855	0,6962017
840	0,7180851	0,5058701	0,8266444	0,1330315	0,6246513	0,0662670	0,4774825	0,7647321	0,0593245	0,2007126	0,6110308	0,4155714	0,5840961	0,4098693	0,5141014	0,7291525
860	0,6530922	0,3622590	0,7996854	0,1352140	0,6196584	0,0615945	0,3431969	0,8055712	0,0322003	0,2692643	0,7798302	0,4663203	0,5515112	0,3934218	0,3746724	0,7309861
880	0,5669406	0,4266756	0,7096003	0,1453502	0,6473681	0,0769250	0,4967734	0,7950058	0,0769514	0,2846948	0,7350064	0,4187708	0,7376179	0,4005669	0,5889211	0,6636510
900	0,5259357	0,4413361	0,7020434	0,1075559	0,6857010	0,0773535	0,5007050	0,8445418	0,0678770	0,2090830	0,7057825	0,3586965	0,7405803	0,3277103	0,3287134	0,6805745
920	0,5626581	0,4685369	0,7311208	0,0988903	0,7019415	0,0950193	0,3228600	0,6216094	0,0282154	0,2884579	0,6004049	0,3627213	0,6416486	0,4583037	0,3766616	0,7146563
940	0,6210114	0,6555637	0,7367434	0,1571685	0,5505093	0,0519611	0,3388482	0,7697238	0,0265442	0,1855873	0,6600499	0,5009815	0,6210572	0,3139736	0,3950584	0,6705958
960	0,6882788	0,5170177	0,7700018	0,1159000	0,7300315	0,0752524	0,3786088	0,8867536	0,0441494	0,1907784	0,6438652	0,4833575	0,7518415	0,5324181	0,4086214	0,6711252
980	0,6238264	0,4913350	0,7827394	0,0883991	0,8489913	0,0987333	0,4251071	0,6706844	0,0263548	0,1803211	0,7255205	0,4522219	0,5987853	0,4050792	0,3493738	0,7363355
1000	0,6486167	0,5106030	0,7773840	0,1051569	0,8272643	0,0790702	0,3883808	0,6994740	0,0413117	0,1717242	0,6516953	0,5607489	0,7924023	0,3722898	0,4999493	0,8287706
1020	0,6244428	0,6123022	0,6461318	0,1211076	0,7401649	0,0954339	0,3441305	0,7790928	0,0549597	0,1854999	0,7176999	0,4010442	0,6912195	0,5182569	0,4352546	0,7681603
1040	0,6342714	0,4971514	0,6172051	0,1366115	0,7470092	0,0701374	0,3669463	0,7775175	0,0337545	0,1460506	0,6881807	0,4672689	0,6259535	0,4886574	0,4519393	0,6405196
1060	0,5784578	0,6614205	0,7552324	0,0695673	0,7224119	0,0970349	0,4234851	0,8524741	0,0368070	0,2711535	0,6886536	0,4431213	0,7896191	0,3695803	0,4519475	0,6632775
1080	0,7184541	0,5857188	0,6346746	0,1007702	0,7224548	0,0777681	0,3297526	0,7518726	0,0309555	0,2048618	0,6821755	0,5271550	0,5935881	0,4452699	0,4342606	0,7361910
1100	0,7570632	0,5454984	0,7641366	0,2206914	0,7485273	0,0742036	0,3380870	0,8652439	0,0301108	0,2468249	0,7211176	0,5021012	0,7547967	0,4197707	0,5676009	0,7937103

0	0,6119697	0,6900681	0,6644743	0,1998012	0,6842236	0,0787946	0,3893682	0,7804455	0,0485304	0,2695461	0,6515879	0,5104046	0,6303260	0,4367878	0,3767902	0,7395589
20	0,5456569	0,5197638	0,7260798	0,1808075	0,8023113	0,1091318	0,3079050	0,7851066	0,0480105	0,2621598	0,6582699	0,5030779	0,6722066	0,3155933	0,6400803	0,7525578
40	0,7035646	0,4643975	0,6225409	0,1647021	0,6454186	0,1619654	0,2953271	0,8261542	0,0744363	0,2570347	0,7167501	0,4325453	0,6280430	0,3698861	0,6146722	0,6804778
60	0,7063934	0,5328212	0,6554915	0,1802265	0,5041460	0,0760248	0,3060087	0,9004938	0,2015813	0,3115262	0,6745744	0,3824013	0,6029089	0,5447656	0,4583358	0,7116656
80	0,6492466	0,4409358	0,5550369	0,1646336	0,4792443	0,0942354	0,3352297	0,8792992	0,1907066	0,2358889	0,6316943	0,2558000	0,7297753	0,3255658	0,6288745	0,6131038
100	0,5718937	0,5164211	0,4936425	0,1205653	0,4572064	0,0642013	0,4091029	0,6997303	0,2074363	0,2824736	0,7035902	0,1537051	0,7586680	0,4121858	0,5965234	0,6813753
120	0,6856026	0,5514197	0,5636214	0,1305001	0,3230875	0,0870084	0,5368772	0,6931907	0,2950807	0,2861956	0,7063128	0,1985651	0,6712201	0,3595343	0,5146952	0,7173815
140	0,7384491	0,5365040	0,6553383	0,1734409	0,2685875	0,1106990	0,4464194	0,7800022	0,2687935	0,2482664	0,8333899	0,1685123	0,6838877	0,4658895	0,6522447	0,7404619
160	0,5998435	0,4460348	0,8753142	0,1183470	0,3211445	0,1048871	0,4428767	0,8099469	0,2681584	0,2559090	0,6789470	0,1162312	0,6413311	0,3888538	0,5436242	0,7990814
180	0,7224543	0,5778221	0,6435640	0,1753520	0,2568696	0,1129435	0,4724844	0,7463271	0,2960759	0,2448659	0,6023909	0,1775114	0,6579559	0,4945962	0,5603659	0,6980256
200	0,6493772	0,6085232	0,6617623	0,1483153	0,3011307	0,0852609	0,3837064	0,5524744	0,2596515	0,2204845	0,7955431	0,1603454	0,6899051	0,3775092	0,5635478	0,7360330
220	0,7224207	0,5366644	0,7322750	0,2223660	0,2943881	0,0646084	0,4553219	0,7183553	0,3058451	0,2026641	0,7154420	0,1126825	0,5983306	0,4970078	0,5063162	0,7504542
240	0,8292373	0,5229335	0,6584195	0,1861207	0,2087731	0,1231743	0,5054908	0,6040463	0,2971369	0,2530334	0,6756241	0,0789787	0,7146073	0,4481921	0,4711622	0,6173649
260	0,6585414	0,5104912	0,7529717	0,1398245	0,2801879	0,0638286	0,4499031	0,6679896	0,3297695	0,1965407	0,7706677	0,0918818	0,6759535	0,4474743	0,5774141	0,7021382
280	0,7087684	0,4750876	0,7919312	0,2167767	0,2499444	0,0890814	0,4704353	0,7761235	0,2632311	0,2148302	0,7823082	0,0714970	0,5049954	0,4636862	0,5246378	0,7596307
300	0,7997009	0,4736178	0,5702862	0,1550047	0,1702737	0,0907069	0,5146221	0,6197747	0,3205863	0,2045546	0,7218908	0,1441224	0,4987330	0,3851523	0,5091982	0,6718282
320	0,8152042	0,4812286	0,5371336	0,1825470	0,2342339	0,0659326	0,5391333	0,6756687	0,3306885	0,2156545	0,7086771	0,0947594	0,6038897	0,4210687	0,5364715	0,8695754
340	0,8222559	0,4615406	0,5915157	0,1245866	0,1493041	0,0621621	0,5870600	0,6074673	0,3820234	0,2533554	0,7157515	0,1155705	0,6736719	0,4231863	0,5195070	0,6715496
360	0,8663513	0,4246331	0,5869700	0,1358913	0,1418646	0,0759224	0,5277601	0,6986398	0,3069229	0,2134403	0,6169690	0,1716562	0,5988787	0,6150558	0,6544186	0,6473999
380	0,8244504	0,4686779	0,5174378	0,1136010	0,1400456	0,1223741	0,5449377	0,5983137	0,2849133	0,2547552	0,7564403	0,1481849	0,6096737	0,3942116	0,6238812	0,7574127
400	0,6784949	0,4919064	0,7316310	0,1836128	0,1449428	0,0998585	0,4852959	0,7200300	0,2853029	0,2864513	0,7594909	0,1019146	0,7242661	0,4185594	0,4875982	0,6820023
420	0,6608534	0,4429225	0,6673448	0,1651737	0,1249515	0,1219104	0,5523071	0,7117363	0,2112433	0,2402299	0,6758415	0,1181579	0,6299196	0,3374147	0,4984056	0,6510842
440	0,6941269	0,5023629	0,6658912	0,1439307	0,1085887	0,0658726	0,6248558	0,8002183	0,3347952	0,2745145	0,5900380	0,1169322	0,5949735	0,4130384	0,5230224	0,6035497
460	0,6758003	0,4990529	0,5997426	0,1741288	0,0647483	0,1220937	0,5338748	0,7770992	0,2797169	0,3187653	0,6125557	0,0875321	0,6666417	0,4750328	0,5501956	0,6687313
480	0,6586602	0,5030333	0,6249905	0,1478095	0,1259497	0,1090972	0,6375278	0,5098551	0,3151560	0,3234833	0,5194027	0,1323336	0,6252276	0,3868708	0,4827992	0,6194484
500	0,6392663	0,4817894	0,7811754	0,1551938	0,1118313	0,1112552	0,5341208	0,7981286	0,3536844	0,1851979	0,6522011	0,1244001	0,7674173	0,5020302	0,5707406	0,6955682
520	0,7339651	0,4520368	0,5495169	0,1812291	0,1154316	0,1234909	0,5079996	0,6641516	0,3017122	0,1962345	0,6661770	0,1324400	0,6267178	0,4814258	0,6345903	0,6638907
540	0,6206597	0,4237607	0,6309732	0,1333923	0,1471263	0,1022698	0,5180758	0,6555607	0,3793552	0,2767541	0,6019267	0,1224392	0,6475134	0,4782771	0,5386231	0,5390894
560	0,7218515	0,4108816	0,6064170	0,1660021	0,1206794	0,0647563	0,4878955	0,6778595	0,3251330	0,2632276	0,8254708	0,1180911	0,7256961	0,5329843	0,4634469	0,6423144
580	0,6625007	0,3686233	0,6927444	0,1415571	0,1288538	0,1174395	0,5194154	0,8206527	0,2182366	0,2146009	0,6399577	0,2365268	0,7817467	0,3959460	0,4710403	0,5526956
600	0,6703156	0,4038221	0,5784357	0,1945059	0,2003539	0,0651066	0,5569883	0,7254120	0,1539972	0,2115544	0,5733153	0,2015475	0,6500981	0,3661054	0,4555117	0,6844274
620	0,7077760	0,4315867	0,6542926	0,1744206	0,2401928	0,0904380	0,5304035	0,8031630	0,1359772	0,2138524	0,7410312	0,3219741	0,6041962	0,4466376	0,3549059	0,8016338
640	0,6467669	0,4149677	0,8568453	0,1460251	0,2663131	0,1161331	0,5469207	0,6495298	0,2062412	0,2392250	0,6593178	0,2022707	0,6118659	0,4519709	0,4944386	0,7693695
660	0,8855962	0,4386313	0,7985954	0,1736588	0,4082721	0,1114694	0,4733357	0,6972869	0,1250445	0,2590029	0,5472493	0,3608924	0,5876014	0,3561490	0,5522926	0,6412325
680	0,8347539	0,4811510	0,8205135	0,0966056	0,5313353	0,0856663	0,4537447	0,7407190	0,0964155	0,2629929	0,6165442	0,2777350	0,4626427	0,3804029	0,4985691	0,8826654
700	0,6959198	0,4298489	0,6866745	0,1076999	0,5247570	0,1034670	0,5742355	0,7168860	0,1017622	0,3078489	0,7611155	0,3271707	0,5747398	0,3822161	0,5148145	0,6252738
720	0,7531670	0,4082241	0,7406786	0,1151783	0,6144934	0,1336859	0,4637728	0,7901714	0,0904408	0,2517961	0,9021410	0,3323499	0,5797638	0,4541549	0,4392971	0,7284128
740	0,6671617	0,4365736	0,7220386	0,1095278	0,5942306	0,0986319	0,4347263	0,8646861	0,0572625	0,2494187	0,6340639	0,4188787	0,6357733	0,4368333	0,5752379	0,7607902
760	0,7541361	0,5223233	0,6028781	0,0861235	0,6270730	0,1687499	0,4136397	0,6936877	0,0342158	0,1640906	0,6296795	0,4093328	0,6499534	0,4404306	0,5567142	0,7066257
780	0,7293994	0,5163498	0,6954925	0,1377697	0,6012951	0,1051711	0,4546076	0,8444424	0,0546210	0,1821516	0,6250687	0,4664134	0,7512644	0,3296505	0,4659683	0,7148063
800	0,6841262	0,4155396	0,7374679	0,1080382	0,7212380	0,0496245	0,3688223	0,7290336	0,0464115	0,2355047	0,6306534	0,4632687	0,6157995	0,4422483	0,4486571	0,8162965
820	0,7169994	0,4518889	0,6233036	0,1248963	0,7666265	0,0608323	0,2636148	0,8619018	0,0360667	0,2707395	0,6010923	0,3991546	0,8154546	0,5168946	0,5355309	0,7902902
840	0,6773270	0,4847081	0,6957925	0,1286498	0,6250763	0,0777492	0,4043294	0,6411938	0,0518801	0,1881107	0,6272978	0,4511034	0,7238191	0,4223602	0,4299308	0,6903767
860	0,7080963	0,5718445	0,6053757	0,1599613	0,6637968	0,1154392	0,3280717	0,6911823	0,0286011	0,1876679	0,5719309	0,4041418	0,5577429	0,5173448	0,4345872	0,6232648
880	0,7017930	0,5174717	0,8627024	0,1618295	0,5785236	0,0997387	0,3930083	0,7554106	0,0253304	0,1461598	0,5756276	0,3837814	0,5184046	0,4589970	0,4426849	0,8130782
900	0,6368248	0,5174062	0,6586094	0,1226776	0,7094642	0,0654719	0,4211683	0,5684341	0,0404217	0,1647037	0,6422680	0,3755915	0,7061484	0,4806781	0,5330105	0,7366772
920	0,7219101	0,6033958	0,6324122	0,1529775	0,6579975	0,0722831	0,2992806	0,6387380	0,0736453	0,1433084	0,5952594	0,3894162	0,6256363	0,4885668	0,4907215	0,6499787
940	0,8600705	0,6562640	0,6484638	0,1444326	0,7288408	0,0896326	0,2760750	0,6333794	0,0508408	0,2001794	0,6768265	0,3847630	0,6079685	0,4192435	0,5378442	0,5753554
960	0,7742456	0,4628504	0,7120792	0,1558856	0,7132948	0,0808105	0,3183293	0,5956724	0,0688310	0,1619512	0,6515299	0,2997396	0,6559021	0,3791919	0,5382254	0,5748031
980	0,9620587	0,5830570	0,7534077	0,1348239	0,6946884	0,1034690	0,2620633	0,6912082	0,0327497	0,1381226	0,7560978	0,3441971	0,7235146	0,4426697	0,5558635	0,6733987
1000	0,6894376	0,6021834	0,7598509	0,1725414	0,8021316	0,0918052	0,3611080	0,6540442	0,0536185	0,2177898	0,6498554	0,4470784	0,6451478	0,5082437	0,4460681	0,7816771
1020	0,6464480	0,5193710	0,6570202	0,0972440	0,7712637	0,0898881	0,2771305	0,7867210	0,0744436	0,2049746	0,6258271	0,3486190	0,6191644	0,6360127	0,5392180	0,7008433
1040	0,7148803	0,4643414	0,8414273	0,1296806	0,7755302	0,0510007	0,3147462	0,6694963	0,0633838	0,2062400	0,5909565	0,4454409	0,6542374	0,5356776	0,4657553	0,7077341
1060	0,6799914	0,5268270	0,6359403	0,1318090	0,6259593	0,0583663	0,3062870	0,7274365	0,0252094	0,1829880	0,7443617	0,3661583	0,6422988	0,4917892	0,5707516	0,7101753
1080	0,6553923	0,5712655	0,7092670	0,1220871	0,6588714	0,0904182	0,3819594	0,7455370	0,0259152	0,2178674	0,8357925	0,4323476	0,6214973	0,4050610	0,4963247	0,7108045
1100	0,7385666	0,4563718	0,6785130	0,1280653	0,8546695	0,0719710	0,3053332	0,6896657	0,0460777	0,2289973	0,9470245	0,4810512	0,7809865	0,4760247	0,4343625	0,7448474

0	0,6826988	0,5223180	0,7175865	0,2268752	0,7950536	0,1297081	0,3406811	0,9480837	0,0374793	0,2834462	0,6373620	0,5018199	0,6231169	0,4790485	0,5431218	0,8276274
20	0,6723662	0,5597007	0,7036246	0,0865194	0,8002724	0,0941698	0,3553271	0,7594843	0,0371786	0,1754360	0,6297430	0,3056424	0,7167107	0,4686245	0,7429796	0,6416994
40	0,5957152	0,5353513	0,7466339	0,1124082	0,7129560	0,1245969	0,2518739	0,6527456	0,0448656	0,1744740	0,6869489	0,3983670	0,6725838	0,5414876	0,5316364	0,6865472
60	0,4543881	0,5796365	0,5782142	0,0669436	0,6544750	0,1030602	0,3233143	0,6772756	0,0381483	0,2217356	0,6770634	0,4084252	0,6388510	0,5851078	0,6270451	0,6438583
80	0,4193907	0,5343952	0,6515482	0,1089466	0,8102390	0,1213133	0,3079390	0,5679195	0,0499289	0,2769511	0,8098924	0,5613460	0,7661059	0,4293658	0,5301875	0,7068213
100	0,3821870	0,5329373	0,7146282	0,0746482	0,9325255	0,1130609	0,2812832	0,5252518	0,0308609	0,2164172	0,7145944	0,5323544	0,6792555	0,4084119	0,4497749	0,7459035
120	0,3020663	0,5400592	0,6662576	0,0693838	0,7641995	0,1131455	0,2990986	0,5751017	0,0270290	0,2247167	0,7265302	0,6059701	0,8207058	0,5439205	0,4405329	0,7161816
140	0,2807906	0,4718873	0,7100898	0,0540726	0,7255284	0,1257081	0,3399328	0,4956402	0,0456135	0,1863362	0,6458897	0,5698378	0,6356302	0,4814902	0,4345399	0,6755923
160	0,2547469	0,4760608	0,7305566	0,1076966	0,7844987	0,1210253	0,3174993	0,6065802	0,0267263	0,2740548	0,6953838	0,6196583	0,6812376	0,4658288	0,5559061	0,7008124
180	0,1953488	0,4501479	0,6008236	0,0627180	0,7072978	0,1960363	0,2801569	0,4896916	0,0563514	0,2756861	0,6497042	0,6706653	0,6816145	0,4657741	0,6449673	0,7387433
200	0,2258139	0,5446157	0,7420797	0,1082080	0,7758939	0,1741207	0,4041567	0,4224515	0,0767474	0,2733580	0,7303127	0,5879687	0,7358462	0,4494720	0,5761039	0,8118499
220	0,1529194	0,5185369	0,7186017	0,0790760	0,6837298	0,2170690	0,3308643	0,3458951	0,0508940	0,2521094	0,6140973	0,6875827	0,6594143	0,4434430	0,4947201	0,6197672
240	0,2399927	0,5752864	0,7134136	0,0924554	0,8152594	0,3454342	0,3174767	0,3131906	0,0613182	0,3040499	0,6370137	0,5873424	0,7492531	0,4620567	0,5314477	0,6366009
260	0,1688373	0,4850214	0,6823595	0,0568896	0,6916797	0,2295692	0,3183657	0,4388075	0,0389462	0,3228072	0,7298587	0,6487506	0,7336495	0,4537344	0,5549805	0,7435637
280	0,1675404	0,5732730	0,6628507	0,0936214	0,7036658	0,2125334	0,3259557	0,5468510	0,0306344	0,3019738	0,7163933	0,6268190	0,6965775	0,3655920	0,5391660	0,7106975
300	0,1534944	0,6150781	0,7535612	0,0976237	0,8781395	0,3161259	0,2595811	0,3711344	0,0548556	0,1951972	0,6379606	0,6655849	0,6557065	0,5049698	0,5081209	0,7797782
320	0,2089199	0,4999855	0,7082791	0,1031475	0,7174760	0,3303678	0,3345126	0,4083209	0,0280715	0,3644086	0,7638608	0,7009386	0,7388833	0,4556189	0,5907401	0,7476623
340	0,2061039	0,4785995	0,7294213	0,0988034	0,8135012	0,3834681	0,3793988	0,4403838	0,0384382	0,2870809	0,6745844	0,5823043	0,5638690	0,4226567	0,5144648	0,6536831
360	0,1561536	0,5338895	0,6893135	0,0904214	0,7651323	0,2996596	0,3140765	0,4044744	0,0437513	0,3632898	0,7958560	0,6974914	0,7302249	0,5222452	0,5611855	0,7187698
380	0,1522923	0,5361573	0,6949801	0,1064173	0,8612160	0,3852613	0,2635184	0,4409710	0,0246715	0,3351544	0,7208615	0,6163607	0,6090905	0,4748303	0,4280120	0,7665362
400	0,1998272	0,4551025	0,6601293	0,1156180	0,6288112	0,4728871	0,2870000	0,3891346	0,0248506	0,3049636	0,9976647	0,6333785	0,6075328	0,4551971	0,5780578	0,7559260
420	0,1996701	0,5155596	0,7873516	0,1687358	0,7557043	0,3710584	0,3261310	0,4494868	0,0233409	0,3440998	0,8185269	0,6414114	0,6350030	0,4328085	0,4555695	0,7367383
440	0,1625933	0,5762895	0,7275423	0,0764194	0,8517678	0,3938581	0,3429449	0,3975490	0,0187946	0,3186059	0,8537496	0,6709070	0,6648294	0,4944604	0,5238841	0,8310854
460	0,1640548	0,6451228	0,7091484	0,0897084	0,6531231	0,3497837	0,3004124	0,3809835	0,0311842	0,3529492	0,7911903	0,6885439	0,5285672	0,4238021	0,4961402	0,7142995
480	0,1837890	0,5004070	0,6590448	0,0878461	0,7121821	0,3324440	0,3419031	0,3713917	0,0254059	0,2867249	0,6075918	0,5742025	0,6327444	0,6407355	0,6259908	0,7955973
500	0,1957209	0,5862187	0,8165657	0,1134226	0,7364842	0,4739728	0,2687925	0,4717992	0,0602118	0,3134547	0,6871311	0,5832478	0,5362965	0,4508122	0,4843088	0,9332018
520	0,1882239	0,5506136	0,7012421	0,0653589	0,7926630	0,4873915	0,4172317	0,3209925	0,0562533	0,3734699	0,7248272	0,4961559	0,6032448	0,5307108	0,5556482	0,8753539
540	0,1997345	0,6152684	0,9350346	0,0918347	0,7281048	0,4208617	0,3235416	0,3460698	0,0458383	0,3563632	0,5817727	0,4726202	0,6464815	0,4509233	0,4636590	0,7326172
560	0,1435773	0,5635669	0,9435778	0,0928259	0,6468934	0,3551691	0,3807747	0,4008064	0,0502342	0,3316429	0,5832249	0,5761371	0,6416926	0,4935221	0,5696111	0,7165512
580	0,1922034	0,4570994	0,7216686	0,1008173	0,6747706	0,3680039	0,2470796	0,5147121	0,0343424	0,3460719	0,7685290	0,5874458	0,6543051	0,4111344	0,5404186	0,6902374
600	0,3624030	0,4086261	0,6966548	0,0539449	0,6669970	0,2789836	0,3908615	0,4781501	0,0528711	0,4401568	0,7159063	0,4803596	0,5634950	0,4827268	0,5565714	0,7446870
620	0,4643892	0,4348936	0,7992621	0,0708973	0,6265783	0,2535456	0,3921421	0,4503547	0,0522133	0,3303669	0,6134430	0,5756066	0,6279137	0,5095144	0,5679488	0,6811351
640	0,4648946	0,5174415	0,7119578	0,0728124	0,7570302	0,2511629	0,3045229	0,5381581	0,0905512	0,3788257	0,7219765	0,6343634	0,7161773	0,4177059	0,4729184	0,7429940
660	0,5482221	0,4545524	0,5808268	0,0711736	0,8020085	0,1612888	0,4279568	0,6628003	0,1023239	0,3824645	0,5861745	0,5452226	0,7385871	0,4476222	0,5245495	0,8393217
680	0,7041261	0,4922865	0,5545859	0,1183825	0,6271695	0,1584592	0,3940961	0,6159319	0,0867177	0,2543230	0,7078234	0,6474178	0,7505630	0,3706274	0,5459444	0,7922847
700	0,6507137	0,5700483	0,6766093	0,0869478	0,7825580	0,1212271	0,3521674	0,6176962	0,0509568	0,3109883	0,7058259	0,5573726	0,8411397	0,4059634	0,4738954	0,7418726
720	0,7876675	0,5721720	0,5982238	0,1006078	0,6431727	0,1699205	0,2296916	0,6109135	0,0747510	0,3692110	0,6263012	0,5889531	0,5851804	0,4529704	0,4499940	0,6531129
740	0,7474500	0,5658140	0,7111944	0,1328619	0,6464348	0,2054309	0,3598499	0,7308965	0,0521220	0,2761512	0,6368032	0,7474730	0,6843374	0,4434512	0,5537658	0,7097441
760	0,8170458	0,5204007	0,7055686	0,1109259	0,7102386	0,2176554	0,3869539	0,8163842	0,0520934	0,3124627	0,6640521	0,6096702	0,6564045	0,4688501	0,5303782	0,7569485
780	0,8223937	0,3916509	0,6532325	0,1414762	0,6724776	0,1558310	0,3283257	0,6745768	0,0434380	0,2596160	0,7402474	0,5484197	0,7523796	0,3670490	0,5460470	0,7333117
800	0,8180313	0,4641727	0,8267330	0,1315835	0,7047593	0,0723953	0,3528877	0,5902330	0,0584473	0,3013082	0,6878288	0,6280809	0,7027958	0,4235725	0,5735961	0,7549766
820	0,7751111	0,5160563	0,6632026	0,1374846	0,6726631	0,0875894	0,3360914	0,6505938	0,0284641	0,3339873	0,6693912	0,5839053	0,7026389	0,5082851	0,5328043	0,6976223
840	0,7561632	0,4753424	0,7669510	0,1194546	0,7455143	0,1146440	0,2738036	0,5877718	0,0906464	0,1856883	0,8175821	0,5525327	0,6943429	0,4947268	0,4935027	0,8057910
860	0,6633915	0,5442085	0,7385735	0,1110206	0,7499059	0,0897860	0,2885700	0,7756133	0,0317576	0,2141681	0,6452952	0,4303840	0,6370931	0,4071919	0,5265133	0,7224703
880	0,6563404	0,5124339	0,6744738	0,1462081	0,8232812	0,0926508	0,4106691	0,7987539	0,0269102	0,1790372	0,6741641	0,4990531	0,6135723	0,4591035	0,5821615	0,6939866
900	0,7669557	0,5106753	0,6980021	0,0706198	0,7238637	0,1089796	0,2618006	0,9168561	0,0522403	0,2181064	0,7173876	0,4588792	0,7546646	0,4835870	0,5599950	0,6075529
920	0,7086192	0,4675238	0,6542525	0,0905030	0,7752642	0,0679775	0,2647287	0,9921461	0,0812111	0,2124468	0,6602892	0,3918859	0,5632876	0,5009626	0,4200013	0,6121230
940	0,6660745	0,4325431	0,7420659	0,1164019	0,7232055	0,0924199	0,3179684	0,7524788	0,0314088	0,2464674	0,7200991	0,5285195	0,6324708	0,3650346	0,5267683	0,7269322
960	0,7155813	0,3833919	0,8045243	0,1317052	0,7086015	0,0838501	0,3449975	0,6303263	0,0184486	0,2134977	0,6527182	0,5128751	0,6626479	0,4295552	0,4325463	0,7583897
980	0,7990808	0,5215564	0,6528479	0,1234532	0,7509089	0,1063228	0,3671272	0,7281553	0,0190904	0,1866433	0,7129192	0,4380082	0,6009368	0,4929221	0,5065113	0,6338501
1000	0,7024570	0,3544027	0,6911392	0,1147712	0,8104590	0,1213796	0,2631364	0,7638150	0,0209875	0,1708644	0,6710960	0,3929905	0,6293499	0,4600497	0,5931469	0,6842029
1020	0,7343231	0,3139033	0,8057821	0,2098593	0,7050025	0,0709233	0,3088333	0,6556370	0,0308776	0,2248353	0,6784489	0,4319929	0,6516336	0,3647269	0,4747292	0,6703519
1040	0,6008347	0,3909036	0,7192487	0,1601665	0,8270569	0,0869545	0,2931013	0,7359074	0,0164641	0,1993855	0,6147386	0,4620280	0,8059191	0,3779775	0,4928585	0,7134578
1060	0,6558951	0,4392433	0,6455658	0,0919684	0,8088472	0,0883311	0,2794301	0,7116478	0,0224753	0,2111779	0,7208563	0,4471455	0,8483345	0,4117473	0,5200865	0,6778107
1080	0,7830762	0,3924518	0,6684554	0,0835827	0,7006186	0,0657588	0,3295595	0,7354751	0,0173178	0,2542363	0,7203471	0,5094041	0,5577714	0,4194894	0,4474798	0,6614531
1100	0,8365400	0,3016641	0,6403812	0,0962180	0,6412109	0,0580887	0,3395425	0,7289558	0,0395632	0,2461166	0,7118202	0,5281844	0,6983351	0,4554513	0,5410349	0,6310259

0	0,5655229	0,5691161	0,6513971	0,2309071	0,7507995	0,1347311	0,3618367	0,6849404	0,0320346	0,2303236	0,5269149	0,5207384	0,6083158	0,4671462	0,5401644	0,8354777
20	0,7686302	0,4023646	0,6809128	0,0698651	0,7502706	0,1715743	0,2603748	0,7317219	0,0454400	0,2047705	0,7668103	0,4048456	0,7020818	0,4531336	0,5106996	0,6525368
40	0,7112393	0,4557207	0,5664820	0,1145524	0,6297301	0,1826245	0,3378859	0,7041566	0,0431479	0,2691911	0,6300463	0,2458360	0,4807459	0,4482510	0,6510604	0,7175530
60	0,6308024	0,3535993	0,6276385	0,1351976	0,7092426	0,2243956	0,2984689	0,7590226	0,0343129	0,2220720	0,7741462	0,2168629	0,5643720	0,5224682	0,5716599	0,7957301
80	0,6720764	0,4276370	0,6059711	0,0643329	0,6206232	0,2816957	0,2453897	0,7710586	0,0452736	0,2750462	0,6608972	0,1121666	0,6388670	0,5035555	0,6254475	0,7032423
100	0,6575892	0,5011672	0,7363028	0,0732579	0,5507056	0,4197725	0,3758686	0,8019264	0,0600623	0,2326971	0,5054456	0,0990828	0,6116884	0,4477369	0,5617234	0,6153567
120	0,5927537	0,4823902	0,6417551	0,0732167	0,8007193	0,3427029	0,4904150	0,7483573	0,0703162	0,2539457	0,8395585	0,0724846	0,6868256	0,4141894	0,6656524	0,6787424
140	0,6313414	0,4446270	0,5800455	0,0428633	0,7913885	0,3891759	0,3803630	0,8511366	0,0487237	0,1974290	0,7312978	0,0746109	0,5911141	0,3947233	0,7396740	0,7345225
160	0,6643425	0,5120261	0,6084807	0,0407740	0,7966780	0,4452304	0,3147111	0,7917437	0,0392697	0,2395110	0,6105277	0,0726183	0,7328634	0,4905192	0,5672949	0,5660721
180	0,7087350	0,4471277	0,5839994	0,0246360	0,7066083	0,4237732	0,3110994	0,7896296	0,0319359	0,1498366	0,7775273	0,0536740	0,6361132	0,5240858	0,6610529	0,6712436
200	0,7401819	0,4503932	0,5113094	0,0141508	0,7827108	0,4753937	0,3342578	0,8477207	0,0517303	0,2745546	0,6259639	0,0578751	0,6367338	0,5377102	0,6484004	0,7027848
220	0,7927624	0,4336590	0,6335794	0,0241725	0,6977153	0,3707695	0,3433604	0,8181249	0,0486486	0,3127012	0,7413035	0,0251460	0,5955459	0,5220722	0,7133033	0,6587039
240	0,7905930	0,5445047	0,5076443	0,0540706	0,8033167	0,4209334	0,2562342	0,8741338	0,0656764	0,2233579	0,6740164	0,0201534	0,5492977	0,6380021	0,7004669	0,7782326
260	0,6292721	0,4933222	0,6179429	0,0324847	0,8209008	0,4443989	0,4108409	0,7684048	0,0603644	0,3061758	0,5730947	0,0201821	0,4907823	0,5776374	0,6265663	0,7010355
280	0,6907808	0,5513030	0,5692401	0,0679725	0,7280751	0,3915099	0,3613286	0,6916969	0,0516734	0,2636069	0,6842281	0,0177888	0,6690185	0,4794417	0,5854261	0,6484622
300	0,7498665	0,5736363	0,6418207	0,0338758	0,7435276	0,3688164	0,2969740	0,8226985	0,0401738	0,3098130	0,6964541	0,0206157	0,5661390	0,5787260	0,6618261	0,5816560
320	0,6792753	0,5107447	0,5621703	0,0593986	0,6953996	0,4495456	0,3185837	0,7831492	0,0850625	0,1873052	0,5242334	0,0347093	0,6430998	0,4516846	0,7423452	0,6925157
340	0,6629263	0,4671425	0,4922482	0,0765130	0,6390708	0,4373646	0,3767423	0,6208224	0,0409101	0,2383027	0,6559729	0,0368766	0,5407883	0,5335684	0,7621318	0,7883554
360	0,7694148	0,5560402	0,5391107	0,0528212	0,8256660	0,5097644	0,4469003	0,7419482	0,0547383	0,1977395	0,5359720	0,0137567	0,5671155	0,4022668	0,5788828	0,7081458
380	0,7784907	0,3465184	0,5379373	0,0427256	0,7234423	0,5284541	0,3890650	0,7014748	0,0778360	0,2744248	0,5791398	0,0379068	0,5622305	0,5122478	0,5683023	0,7700123
400	0,6681662	0,3964300	0,5675848	0,0425732	0,6467927	0,4601906	0,4250481	0,6876430	0,0383505	0,2102441	0,6338595	0,0058006	0,6412011	0,4871490	0,7730232	0,9295253
420	0,6816512	0,5043948	0,4943784	0,0657421	0,7747558	0,5430065	0,3534648	0,7570611	0,0318411	0,2426239	0,6701091	0,0137305	0,6625004	0,6053377	0,6561049	0,7787595
440	0,9519952	0,4403328	0,5837995	0,0549497	0,6711593	0,3680748	0,3488937	0,6622554	0,0271044	0,2992621	0,7425790	0,0367442	0,6045825	0,6361548	0,7094658	0,7613688
460	0,6673120	0,4385682	0,5822983	0,0463889	0,7584805	0,3233605	0,5028779	0,6337275	0,0293655	0,3523985	0,6617126	0,0072592	0,6866812	0,5545321	0,6397594	0,6927236
480	0,6912786	0,4436286	0,4947741	0,0338043	0,7658964	0,3710299	0,4540539	0,5996666	0,0489456	0,2364206	0,5426466	0,0232046	0,6371370	0,5675847	0,4987564	0,5846624
500	0,6512773	0,4885219	0,5182680	0,0405320	0,6539636	0,3736851	0,3752258	0,6488618	0,0403312	0,2463110	0,5692623	0,0073523	0,7022428	0,5246061	0,6345125	0,5596744
520	0,6811882	0,5244200	0,5396071	0,0314178	0,7036062	0,4392256	0,3718477	0,7295252	0,0535148	0,2460201	0,7212883	0,0075331	0,6368705	0,4444080	0,6582168	0,6509358
540	0,7918460	0,6315056	0,4845250	0,0522139	0,6747576	0,4439249	0,4222046	0,6924668	0,1060367	0,2895732	0,6187819	0,0075776	0,5817107	0,5583639	0,5691305	0,7666488
560	0,7507546	0,5873762	0,5605590	0,0186814	0,7055201	0,4235851	0,3242882	0,6610416	0,1010709	0,2508153	0,7813825	0,0153138	0,6498725	0,6438683	0,6496345	0,8667386
580	0,7007140	0,5344055	0,5945691	0,0641941	0,5855809	0,4040708	0,3163619	0,6642425	0,1139081	0,2841375	0,6133615	0,0675059	0,7380256	0,6038844	0,6477406	0,6953108
600	0,7393476	0,4073405	0,5240955	0,0909070	0,5239804	0,3436925	0,2870465	0,7509683	0,0594524	0,2465250	0,6878121	0,2361570	0,6755243	0,5470286	0,5954618	0,6404786
620	0,6711811	0,4464870	0,5566136	0,1246267	0,5315592	0,1877493	0,3784704	0,6714823	0,0685719	0,2565589	0,6337398	0,2686359	0,5768238	0,5343974	0,7290340	0,6711856
640	0,7483702	0,6420482	0,6359110	0,1016302	0,5988496	0,1734116	0,3184741	0,7570125	0,0834834	0,2692174	0,6150177	0,3809718	0,6100864	0,3899684	0,6331265	0,6600597
660	0,7989122	0,5295230	0,5572674	0,1587529	0,6829347	0,0949631	0,4176519	0,7931315	0,0691710	0,3620762	0,6498963	0,4440174	0,5480164	0,4579302	0,5857720	0,8006680
680	0,7066565	0,4769971	0,5697127	0,0984596	0,6795853	0,0717613	0,2448473	0,6756290	0,0251242	0,2567946	0,5889629	0,4915387	0,5483628	0,4224520	0,6441915	0,8239112
700	0,5732471	0,5345864	0,6199322	0,1901909	0,7035532	0,0872272	0,3360183	0,7745191	0,0516617	0,3055964	0,7104458	0,4389613	0,6403790	0,4282046	0,6651773	0,7224242
720	0,7337418	0,5372314	0,6825280	0,2282404	0,5931517	0,0644761	0,3260859	0,7513105	0,0327607	0,2991547	0,6750207	0,4253620	0,5633688	0,3837169	0,6996388	0,6951026
740	0,5868711	0,4124717	0,8082897	0,1331617	0,6462581	0,0852166	0,2999749	0,7578597	0,0320003	0,3127012	0,6508916	0,2833433	0,5666453	0,4046353	0,6224825	0,6573260
760	0,7021136	0,5083592	0,7433446	0,1414497	0,7668451	0,0911228	0,2886696	0,7210890	0,0258271	0,3238559	0,7421307	0,3295968	0,6741749	0,4611166	0,5637082	0,7000055
780	0,5983123	0,5162902	0,8585994	0,0977356	0,6109466	0,1729441	0,3972468	0,6917381	0,0339408	0,2851869	0,6918377	0,3984881	0,6344998	0,3617490	0,5684894	0,7392126
800	0,6701489	0,5232287	0,6949741	0,0889619	0,5975700	0,0994113	0,3127395	0,7929377	0,0442915	0,1985357	0,6268608	0,3702319	0,6073528	0,4174561	0,6399540	0,6541083
820	0,6924699	0,5190192	0,7752029	0,1479252	0,7056299	0,0633738	0,3452515	0,6515011	0,0332009	0,2742358	0,7263413	0,4025878	0,7378853	0,4624305	0,5640937	0,7728642
840	0,7774355	0,4495332	0,7248971	0,1188237	0,6186364	0,0944025	0,3633951	0,7923090	0,0382143	0,2697284	0,6484311	0,4601159	0,5565204	0,4171032	0,6329094	0,6911914
860	0,7050806	0,4101579	0,6514829	0,1323135	0,7099223	0,0871106	0,2999065	0,7069418	0,0393091	0,2963888	0,7387434	0,3791944	0,5594030	0,4578030	0,4793724	0,8143031
880	0,6433494	0,3911303	0,7879319	0,1471791	0,6568010	0,1120329	0,2887565	0,7272503	0,0475860	0,2087642	0,7360427	0,4453283	0,6052619	0,5446570	0,4747204	0,8360653
900	0,6610180	0,4379771	0,6937116	0,1737835	0,7304518	0,0524767	0,3423557	0,8595920	0,0823682	0,2393740	0,7660575	0,4386297	0,6376333	0,4672589	0,5108687	0,7452339
920	0,7427532	0,4535340	0,6397105	0,0972443	0,7480530	0,0700159	0,3719698	0,6487657	0,0861755	0,2508659	0,7294127	0,4298142	0,6985857	0,4336390	0,4395254	0,6663091
940	0,5819209	0,4516173	0,5745079	0,1313845	0,6518954	0,1116173	0,3067943	0,6653817	0,0749630	0,2624427	0,5643468	0,3464967	0,5590681	0,3528421	0,4117159	0,7280036
960	0,6294162	0,3781471	0,7881693	0,1226654	0,6429823	0,0906497	0,2463440	0,6593608	0,0482152	0,1882385	0,5356705	0,3972323	0,6269315	0,4330939	0,4117927	0,6530678
980	0,6572506	0,3563335	0,8057505	0,0735232	0,6471827	0,1074951	0,3328648	0,7780084	0,0465477	0,2362422	0,6404476	0,3762208	0,6384662	0,3595869	0,4025412	0,6683188
1000	0,6204904	0,3818569	0,8346866	0,0813193	0,6236343	0,1291535	0,2863148	0,7427575	0,0264772	0,2377577	0,5860319	0,3805456	0,5899197	0,3244777	0,4505554	0,6394469
1020	0,8459804	0,3465409	0,9091137	0,0974510	0,6357932	0,1037388	0,2603120	0,7747813	0,0344553	0,2857885	0,6581409	0,4578475	0,6298547	0,2931011	0,3955315	0,6997947
1040	0,8607373	0,4125555	0,7778798	0,0939433	0,8149752	0,1507413	0,3816812	0,7673984	0,0378768	0,1690661	0,7077483	0,5177664	0,5387870	0,3689475	0,4827741	0,7574179
1060	0,6859321	0,4149655	0,7067015	0,1057615	0,8303066	0,1496930	0,3671911	0,8232327	0,0479069	0,2019233	0,7059334	0,5419469	0,5017825	0,3783083	0,4591417	0,6928250
1080	0,7561907	0,4266761	0,7432794	0,1220442	0,7741031	0,1259332	0,3154011	0,6613868	0,0422799	0,1492486	0,7058481	0,5012408	0,5854688	0,3918033	0,4800635	0,5481544
1100	0,8625845	0,4079255	0,9195575	0,1256984	0,6831871	0,1785659	0,2493457	0,5926580	0,0202180	0,1482578	0,7625159	0,3852702	0,6769952	0,3992179	0,4595052	0,7987273

0	0,6830341	0,6835807	0,7090604	0,1926498	0,8014906	0,1083794	0,3156147	0,7229144	0,0176961	0,2591535	0,6090358	0,4932005	0,5296201	0,4153286	0,4868558	0,8135762
20	0,7895422	0,5285216	0,7420179	0,1382987	0,7672142	0,1103703	0,3082483	0,6973882	0,0660530	0,2761344	0,7766227	0,3167656	0,6950331	0,4399738	0,5161091	0,7034064
40	0,7438230	0,5647450	0,6306498	0,1277964	0,7048404	0,0812295	0,3916651	0,7087632	0,0773287	0,2493175	0,7657529	0,4130613	0,6147936	0,4163869	0,6615079	0,7830375
60	0,7653219	0,3550124	0,7010875	0,1382264	0,7068521	0,1089492	0,3728511	0,6439808	0,0418137	0,2833329	0,8640071	0,4158929	0,7252793	0,5341995	0,5859420	0,6456084
80	0,7767074	0,4498519	0,6353989	0,1638179	0,6501088	0,1140078	0,4789340	0,7040521	0,0334671	0,2655644	0,7558487	0,4634488	0,7019656	0,4666905	0,6140617	0,7071321
100	0,8909376	0,4462821	0,8086102	0,1065985	0,6334244	0,1292767	0,5611051	0,7109985	0,0594546	0,2574031	0,7979746	0,4297125	0,7237373	0,4310679	0,4308112	0,7076477
120	0,8837975	0,3616539	0,7652164	0,1345418	0,6195375	0,0899989	0,5126436	0,7366020	0,0397994	0,2639621	0,7235496	0,4908536	0,6614800	0,4559504	0,5285741	0,7640654
140	0,8120754	0,4903623	0,6469214	0,1452997	0,6251538	0,1337279	0,5668983	0,6717958	0,0289740	0,2678964	0,9141733	0,4921518	0,7132010	0,5491869	0,6392623	0,7020763
160	0,7090284	0,5159434	0,6933178	0,0826323	0,6912714	0,1375082	0,4542239	0,7833117	0,0362684	0,2174107	0,5730364	0,5087025	0,6529004	0,4861820	0,7070726	0,7640088
180	0,7014050	0,3794225	0,7067823	0,1397019	0,5816932	0,1298368	0,4513715	0,7065046	0,0371764	0,2530573	0,5703102	0,4984870	0,7907746	0,5170751	0,6573078	0,6791729
200	0,6996178	0,5236458	0,7060477	0,1190003	0,5213769	0,0859021	0,5411563	0,7559868	0,0521951	0,2069549	0,6711123	0,4499747	0,7422789	0,4192158	0,5983345	0,5989565
220	0,6047961	0,5219092	0,7796987	0,1871294	0,5262548	0,1122811	0,4665146	0,7792030	0,0495577	0,2566632	0,5351209	0,4407759	0,7657996	0,4051228	0,5650902	0,6951483
240	0,7175413	0,5788867	0,8340030	0,1280351	0,5555523	0,1221362	0,5895242	0,6920576	0,0269429	0,1296512	0,6954013	0,4056027	0,6954362	0,4189944	0,5042710	0,6649610
260	0,7583202	0,5074906	0,6432768	0,1340503	0,5762003	0,1114547	0,5004500	0,7411560	0,0273291	0,1972539	0,6769891	0,4035132	0,6120917	0,3976227	0,6147314	0,6867236
280	0,6281967	0,4740361	0,7290477	0,0839008	0,4954401	0,1114435	0,5115310	0,6616993	0,0677383	0,1879779	0,6953317	0,4785726	0,6856642	0,4718863	0,5175482	0,8153689
300	0,6684816	0,4741144	0,6633420	0,0674382	0,5478831	0,1432730	0,5735525	0,7517770	0,0316004	0,2436751	0,7077136	0,4844137	0,7005736	0,3884998	0,5567165	0,7185932
320	0,5659899	0,5633005	0,7403193	0,1325958	0,5420470	0,0926966	0,5225422	0,7618195	0,0519426	0,2322717	0,7781538	0,3923453	0,6051209	0,4651955	0,6516572	0,7026949
340	0,8704914	0,4918997	0,7364391	0,1673595	0,5204711	0,1133900	0,4339450	0,6706574	0,0651850	0,2110559	0,7585685	0,5108468	0,6694704	0,3858157	0,5301759	0,6141547
360	0,6857726	0,5238929	0,8203522	0,0787600	0,5165791	0,1105302	0,4884686	0,7116458	0,0452202	0,1997507	0,8517952	0,5021091	0,5516384	0,5969424	0,5992063	0,7312851
380	0,7920015	0,4932639	0,9287753	0,0824140	0,5398707	0,1215207	0,5808611	0,6387849	0,0416517	0,1850063	0,7318519	0,3980798	0,6604123	0,4219689	0,5774324	0,6413214
400	0,7397904	0,5422392	0,9242227	0,1047692	0,5492907	0,1283621	0,6200507	0,7299470	0,0363795	0,2319064	0,6507287	0,5221908	0,7186465	0,4655638	0,4794468	0,7036571
420	0,8168741	0,5665588	0,8748262	0,1249349	0,4944632	0,1363932	0,5657344	0,6951205	0,0350163	0,2288434	0,7343684	0,5373928	0,6734087	0,4825386	0,5007482	0,7745372
440	0,8075440	0,4739555	0,7905061	0,0282509	0,6472622	0,0862235	0,7277841	0,7038420	0,0481264	0,2175661	0,6993269	0,6286437	0,7948265	0,4147336	0,5621701	0,8074127
460	0,8489838	0,5713885	0,7085879	0,0712759	0,5243356	0,1277832	0,5078876	0,6825512	0,0782968	0,1625122	0,7176484	0,5871823	0,7845316	0,3928013	0,4127704	0,7578483
480	0,8420962	0,3674474	0,8603340	0,1187290	0,6295200	0,0687575	0,4569391	0,7248340	0,0469506	0,2494525	0,8680932	0,5603868	0,6230650	0,3797453	0,5250336	0,8462841
500	0,8782136	0,4509677	0,7500017	0,0931028	0,5679492	0,0998685	0,4766479	0,6740078	0,0716472	0,2978069	0,7302247	0,6924900	0,6288187	0,4448257	0,4256846	0,6371320
520	0,8396347	0,5639140	0,7743754	0,1357153	0,5900519	0,0923067	0,5008730	0,9065804	0,0440978	0,2259854	0,7867298	0,5321164	0,6635281	0,5056113	0,4653122	0,7057901
540	0,6512174	0,4247713	0,6343927	0,1371573	0,6095159	0,1022605	0,5499790	0,7215504	0,0335459	0,2206780	0,6829116	0,6604365	0,6069338	0,4943044	0,6285827	0,7306225
560	0,8502354	0,5457339	0,7890578	0,0765302	0,6197004	0,0877759	0,5135127	0,7509484	0,0448842	0,2448264	0,8068068	0,5137135	0,6677233	0,5445548	0,4755688	0,7814224
580	0,8112140	0,4699201	0,6094564	0,1269881	0,6772280	0,1135308	0,4097610	0,6509757	0,0447520	0,2121076	0,6240419	0,5493443	0,7196632	0,4186000	0,4793794	0,7389679
600	0,6492894	0,5077778	0,8543151	0,0926537	0,5611251	0,1124786	0,5022118	0,6844495	0,0673365	0,2244914	0,7833194	0,4680317	0,7062268	0,3500258	0,4472399	0,7047805
620	0,8245456	0,4471494	0,6488796	0,1721229	0,7828321	0,1054719	0,4709142	0,6666153	0,0496487	0,1897460	0,6333505	0,5261633	0,6565006	0,4266821	0,4877511	0,7760652
640	0,8715483	0,5350617	0,7686046	0,1265001	0,6821049	0,0742205	0,4848333	0,7300373	0,0424571	0,2118809	0,8604958	0,3781305	0,6581510	0,4703211	0,4801721	0,7738099
660	0,6830587	0,5395356	0,7786194	0,2050370	0,7144761	0,1105501	0,3897066	0,7104442	0,0512233	0,1638834	0,6518578	0,4234830	0,6951140	0,4329955	0,4568539	0,5996468
680	0,6857586	0,4909354	0,6769274	0,1219734	0,8265580	0,1401577	0,4510589	0,6795233	0,0446929	0,1249399	0,6658070	0,3826111	0,7753248	0,4287448	0,5081444	0,7644209
700	0,7926966	0,4850458	0,6282222	0,1146930	0,7843663	0,1438769	0,4413200	0,8095468	0,0379507	0,1885878	0,7044907	0,4756933	0,6768569	0,3895676	0,4145342	0,7671947
720	0,7176701	0,4561950	0,7015192	0,1148670	0,6778937	0,1240954	0,3561951	0,7432284	0,0604868	0,2024466	0,6519918	0,3592947	0,6328956	0,3877610	0,4041648	0,6632700
740	0,7890839	0,4921698	0,7681781	0,1798802	0,7869157	0,0901161	0,3652628	0,7467381	0,0743444	0,2613263	0,7561185	0,3961305	0,6378336	0,5078763	0,4978663	0,7819263
760	0,9785145	0,4943394	0,7469425	0,1327955	0,7914929	0,1071609	0,3961720	0,8678359	0,0621916	0,1827428	0,7013118	0,4042224	0,6558775	0,4705688	0,6157133	0,7770734
780	0,6754707	0,4689299	0,6357893	0,2237877	0,7028370	0,0771555	0,2912382	0,8186382	0,0830372	0,1576350	0,7297697	0,4303975	0,5795059	0,4255302	0,6256761	0,7570942
800	0,7538746	0,4560890	0,5924830	0,1416782	0,7974106	0,0636082	0,3480589	0,7645332	0,0484813	0,1816131	0,6894287	0,4259085	0,6432753	0,4424960	0,5762223	0,7891394
820	0,8743867	0,4925305	0,5805429	0,1631211	0,7299643	0,1043340	0,3093597	0,6416958	0,0298487	0,2252757	0,8670985	0,3981296	0,6538129	0,3997004	0,4260902	0,7863314
840	0,8164477	0,4692495	0,7626393	0,2105755	0,7357929	0,0890796	0,2653743	0,7852936	0,0529333	0,2890962	0,6330950	0,4434041	0,6797757	0,4854376	0,4975503	0,9100892
860	0,7477275	0,4998385	0,8184573	0,1780527	0,7126725	0,1052881	0,4053155	0,8209408	0,0761967	0,2088923	0,7756635	0,4387112	0,4727062	0,4198766	0,6543747	0,7047606
880	0,8592497	0,5534006	0,7636771	0,1240454	0,8022025	0,0834697	0,4074475	0,7361451	0,0420658	0,2707794	0,7568270	0,3211253	0,6693926	0,4194714	0,5765171	0,7841067
900	0,6156478	0,4831732	0,7204939	0,1599407	0,7697269	0,2704346	0,4323360	0,6953515	0,0320402	0,2305240	0,6521499	0,3141006	0,6819786	0,3753023	0,4628514	0,6065568
920	0,6754648	0,4987925	0,6577816	0,1908187	0,7035126	0,1188953	0,4494473	0,7903637	0,0427640	0,2214331	0,7820592	0,3680721	0,6115621	0,3382357	0,5751221	0,6565863
940	0,8446909	0,5535483	0,7075044	0,0945173	0,7210202	0,1536144	0,3680023	0,5928549	0,0513852	0,1904242	0,7739918	0,4518614	0,4560852	0,3504196	0,5499306	0,6781153
960	0,6189134	0,4795337	0,6911768	0,1324282	0,7883793	0,1007151	0,4521996	0,7043961	0,0359290	0,2398969	0,7280118	0,3416425	0,6028785	0,4134599	0,5172215	0,7498924
980	0,7926635	0,4924210	0,7397708	0,1058382	0,8102837	0,1405579	0,4094269	0,6855920	0,0372935	0,2078550	0,6863333	0,4948451	0,5984699	0,3304259	0,5343331	0,6065479
1000	0,7282520	0,4211212	0,7177430	0,1520757	0,9158874	0,0916079	0,3629578	0,7422371	0,0524369	0,1795724	0,6638734	0,4537271	0,5814606	0,4167120	0,5658994	0,7489962
1020	0,7726101	0,5308578	0,6660401	0,0998738	0,8607980	0,0848512	0,2610315	0,7615659	0,0234368	0,2094405	0,7019395	0,4450715	0,5053075	0,3654982	0,5620628	0,8260414
1040	0,7756962	0,5275755	0,6644809	0,1445263	0,8364957	0,0978157	0,2825200	0,7026313	0,0609070	0,2211049	0,5815582	0,4810539	0,5675367	0,3615186	0,5657203	0,8165688
1060	0,6942477	0,5105408	0,7149946	0,1143719	0,7803757	0,1095932	0,3584236	0,7508409	0,0625961	0,2293131	0,6483078	0,4702214	0,5744463	0,3457647	0,5512662	0,6575450
1080	0,5991435	0,5071009	0,6682745	0,1443072	0,6150701	0,0980062	0,2838547	0,7241528	0,0449530	0,2731092	0,6678932	0,5219162	0,5816841	0,4547305	0,5756848	0,7769379
1100	0,7376190	0,3897285	0,7373723	0,1632169	0,7460276	0,0693044	0,3515929	0,8096388	0,0434962	0,2619033	0,5872216	0,4707559	0,4455694	0,3979453	0,6528697	0,7063176
