"Time"	mqsA	mqsR	alaS	yccA	cpxR	psd	dsbA	motA	ydeH	bacA	ftnB	yidQ	ppiD	rseA	rdoA	cheA

0	0,6323944	0,5603568	0,4774530	0,0424800	0,0165769	0,6625068	0,0558617	0,8134433	0,0830564	0,0529949	0,0537844	0,0193395	0,1366373	0,8808498	0,0006503	0,6051093
20	0,4648493	0,5169711	0,5117383	0,0358185	0,0328380	0,4781984	0,1959352	0,4851890	0,0445924	0,0353672	0,0544632	0,1823757	0,1187020	0,7419943	0,0100238	0,7280459
40	0,5107051	0,4135520	0,4819728	0,0196721	0,0235839	0,2948289	0,3687662	0,3399377	0,0407577	0,0347268	0,0730134	0,2477229	0,1279098	0,6563937	0,0117122	0,6408767
60	0,4371575	0,5522319	0,5107952	0,0298657	0,0139078	0,1878022	0,5055060	0,2520713	0,1218291	0,0181841	0,0330298	0,3708858	0,1268362	0,7690006	0,0115032	0,8014414
80	0,4830297	0,5198945	0,4228694	0,0452143	0,0199726	0,0867180	0,6479413	0,2925833	0,0592591	0,0190250	0,0600100	0,3279536	0,1690301	0,8030729	0,0105396	0,6285058
100	0,4625365	0,4639453	0,4591804	0,0564795	0,0647244	0,1516351	0,5915975	0,2188146	0,0766555	0,0281688	0,0510152	0,3250330	0,1014835	0,7362406	0,0085086	0,6184667
120	0,3603219	0,4011819	0,4581011	0,0432398	0,0178491	0,1171492	0,5519480	0,2429823	0,0543277	0,0349537	0,0715013	0,4322646	0,1174008	0,8772871	0,0175984	0,6281849
140	0,3746216	0,4355041	0,5065726	0,0660119	0,0350320	0,0701056	0,5402460	0,1503601	0,0359697	0,0555166	0,0495185	0,3786023	0,1730705	0,7866982	0,0145964	0,7320193
160	0,4147658	0,4878886	0,5690741	0,0190373	0,0506141	0,0670100	0,6199935	0,2086179	0,0853611	0,0149581	0,0520054	0,4375101	0,0989466	0,6657307	0,0098422	0,5736738
180	0,4210723	0,4664943	0,4749770	0,0914319	0,0740592	0,0318807	0,6013762	0,1173268	0,0440988	0,0185014	0,0623444	0,3457300	0,0935836	0,8892379	0,0173853	0,5920359
200	0,5505329	0,4773026	0,5236702	0,0454078	0,0532444	0,0103684	0,6506601	0,1386793	0,0667669	0,0220508	0,0456269	0,3821553	0,1244366	0,7902466	0,0033294	0,5694265
220	0,3548815	0,5150182	0,4986996	0,0301288	0,0120943	0,0135739	0,6892630	0,1648880	0,0355989	0,0438533	0,0470737	0,3709377	0,1037529	0,7387387	0,0034800	0,5948299
240	0,4776558	0,5238997	0,4770289	0,0242332	0,0155600	0,0435267	0,6973329	0,1666445	0,0638091	0,0514987	0,0582460	0,3425219	0,1143345	0,6867309	0,0047030	0,6194592
260	0,4891040	0,6531395	0,5970484	0,0153394	0,0201600	0,0505373	0,4881755	0,1574371	0,0298469	0,0528315	0,0841139	0,4757618	0,0746370	0,6654996	0,0016949	0,6391887
280	0,4229596	0,4570066	0,4962434	0,0553388	0,0318396	0,0128740	0,5260064	0,1631934	0,0794968	0,0611537	0,0797483	0,4456978	0,0964836	0,6627321	0,0015529	0,6315504
300	0,4762513	0,5255500	0,6303924	0,0462117	0,0113506	0,0160470	0,5638357	0,1664906	0,0818755	0,0308129	0,0526057	0,4745866	0,1690946	0,7792603	0,0072840	0,6210748
320	0,6005633	0,4546899	0,5132840	0,0566380	0,0344109	0,0162012	0,5652999	0,1188143	0,0530206	0,0430802	0,0602601	0,4587319	0,0796187	0,7897453	0,0103387	0,7475403
340	0,4892779	0,5357415	0,4748238	0,0607279	0,0290809	0,0266890	0,6442542	0,2288651	0,0441506	0,0276942	0,0476482	0,3823518	0,1345768	0,7146682	0,0097070	0,6569527
360	0,4698253	0,6009909	0,4537051	0,0421284	0,0327166	0,0054701	0,7193044	0,1547853	0,0667216	0,0267779	0,0550795	0,3914188	0,1601276	0,7813281	0,0035645	0,6733759
380	0,4380179	0,4895538	0,4594174	0,0304089	0,0231606	0,0053068	0,6356438	0,1223381	0,0635045	0,0195562	0,0498393	0,3468307	0,0851794	0,9130283	0,0064761	0,5212888
400	0,4667382	0,4036640	0,3400367	0,0474683	0,0418613	0,0239623	0,7151191	0,1500244	0,0829243	0,0284838	0,0280378	0,3857388	0,0904427	0,5685106	0,0031613	0,5538484
420	0,4730103	0,5843936	0,4076351	0,0245127	0,0332027	0,0211922	0,6372440	0,1319249	0,0802557	0,0342432	0,0545300	0,3642608	0,0838994	0,6267867	0,0131109	0,6704727
440	0,4759279	0,5549225	0,5846668	0,0222968	0,0216242	0,0200836	0,6016625	0,1433744	0,0857228	0,0302171	0,0633902	0,4662172	0,1251248	0,6392557	0,0040371	0,6044763
460	0,4467643	0,5461612	0,4060938	0,0376326	0,0318128	0,0159598	0,5257541	0,1659779	0,0581585	0,0579569	0,0344495	0,4050101	0,0774642	0,6376719	0,0052392	0,5618529
480	0,4026135	0,4790935	0,4163076	0,0302282	0,0261273	0,0115091	0,5743563	0,1342858	0,0742237	0,0442717	0,0355179	0,3885427	0,1441722	0,7139517	0,0095697	0,5171238
500	0,5665330	0,4913929	0,4588762	0,0523834	0,0229114	0,0237180	0,5681928	0,1301894	0,0714010	0,0502581	0,0952412	0,4133069	0,0953357	0,7572568	0,0016677	0,6523716
520	0,4299581	0,5204478	0,5280007	0,0354183	0,0295131	0,0087481	0,5987820	0,1884207	0,0468660	0,0200290	0,0603524	0,3791535	0,1369391	0,7948402	0,0034542	0,5131384
540	0,3920335	0,4302235	0,4781227	0,0836311	0,0272705	0,0227188	0,6152130	0,1710234	0,0475117	0,0511552	0,0759793	0,4457182	0,1107977	0,7232148	0,0121836	0,6709361
560	0,4265038	0,4174536	0,3832597	0,0420852	0,0285288	0,0077622	0,6438173	0,2009425	0,0758038	0,0398170	0,0771213	0,3645115	0,0937045	0,7503339	0,0032126	0,7033429
580	0,5230264	0,5834357	0,3759984	0,0202862	0,0357383	0,2601484	0,4697319	0,3199113	0,0874641	0,0425030	0,0465606	0,2032838	0,0917432	0,7228380	0,0096129	0,5049107
600	0,4722993	0,5722344	0,4691980	0,0186075	0,0336774	0,2643802	0,3068851	0,5315752	0,0499703	0,0595442	0,0524398	0,1292537	0,1100533	0,7423845	0,0020840	0,6861650
620	0,6243376	0,5614564	0,5130096	0,0090473	0,0370032	0,4962030	0,2395769	0,6596124	0,0549329	0,0698695	0,0745583	0,0475864	0,1179976	0,7659956	0,0011338	0,6918612
640	0,4281684	0,6353318	0,4802500	0,0159582	0,0249842	0,5168781	0,2239513	0,7002909	0,0488331	0,0254874	0,0307474	0,0619564	0,0969539	0,8492876	0,0096794	0,7321402
660	0,5785714	0,6707915	0,4850518	0,0134492	0,0227740	0,6289571	0,1831203	0,7197445	0,0719316	0,0590043	0,0443689	0,0324131	0,1534908	0,7040027	0,0034836	0,6940134
680	0,5300942	0,5555149	0,3878740	0,0293255	0,0332414	0,6506365	0,1464623	0,6744635	0,0676598	0,0262882	0,0847667	0,0185654	0,0934102	0,5968029	0,0110598	0,6528539
700	0,6162221	0,6201949	0,4630392	0,0137296	0,0246839	0,8065455	0,0855990	0,7158594	0,1025627	0,0724865	0,0640163	0,0085793	0,0882043	0,8592869	0,0063367	0,7329527
720	0,6272843	0,5783855	0,4493179	0,0156625	0,0162943	0,8297334	0,0880871	0,5998343	0,0819206	0,0289107	0,0413744	0,0040505	0,1185582	0,8719602	0,0019216	0,7246350
740	0,6336729	0,6769281	0,4276084	0,0214638	0,0492009	0,7209761	0,0792241	0,6402009	0,0436251	0,0288614	0,0930714	0,0128084	0,2028353	0,9084963	0,0075750	0,5808829
760	0,6517854	0,6310663	0,5925344	0,0205505	0,0337782	0,7187674	0,1001337	0,7666615	0,0808671	0,0124998	0,0822538	0,0042410	0,1322811	0,7360093	0,0123988	0,6953581
780	0,4964227	0,6885051	0,4858630	0,0132270	0,0565859	0,6933399	0,0944335	0,8066158	0,0518928	0,0372397	0,0610019	0,0094124	0,1164325	0,6871382	0,0067701	0,6665417
800	0,6221469	0,6775468	0,5331920	0,0308154	0,0194331	0,6362179	0,0511089	0,6274959	0,0544376	0,0383634	0,0612057	0,0511272	0,0836781	0,8923222	0,0040310	0,8228112
820	0,5573579	0,6414007	0,4422678	0,0283652	0,0154551	0,7409593	0,0591011	0,6901933	0,0991046	0,0345781	0,0457824	0,0218233	0,1459223	0,7965684	0,0008497	0,7847084
840	0,6510580	0,5938084	0,4368684	0,0337218	0,0418327	0,7057811	0,0483180	0,7333113	0,0582077	0,0368316	0,0414667	0,0344197	0,1322496	0,7657314	0,0020603	0,7517582
860	0,5951655	0,7632535	0,5161937	0,0304394	0,0178461	0,8454631	0,0486334	0,6821528	0,0925771	0,0448882	0,0642748	0,0224024	0,1018222	0,7456918	0,0064264	0,6842462
880	0,4740240	0,8007823	0,4410415	0,0453588	0,0187463	0,8987346	0,0402595	0,8091399	0,0629113	0,0376347	0,0792278	0,0230727	0,1391347	0,7227302	0,0184726	0,7224712
900	0,5118428	0,6708800	0,4432972	0,0308629	0,0270321	0,7679672	0,0618416	0,6492770	0,0740738	0,0413304	0,0469383	0,0323157	0,1419849	0,6987007	0,0012054	0,7267187
920	0,5576080	0,6950652	0,6292353	0,0230967	0,0481380	0,8381367	0,0810348	0,7785715	0,0442149	0,0328092	0,0552603	0,0231739	0,1147494	0,6383467	0,0017834	0,6473452
940	0,6229196	0,7299434	0,5007955	0,0208844	0,0522747	0,9279938	0,0467047	0,7449427	0,0408350	0,0559353	0,0725817	0,0189080	0,1336451	0,7728479	0,0004156	0,8103700
960	0,6280426	0,6503995	0,5142805	0,0421867	0,0407272	0,8391046	0,0522663	0,8553827	0,0600794	0,0378233	0,0441367	0,0253938	0,1004058	0,6601798	0,0015386	0,7211472
980	0,5886228	0,6508440	0,5812168	0,0246621	0,0205587	0,8080358	0,0483137	0,8016507	0,0550527	0,0308542	0,0350080	0,0043748	0,1301467	0,7184928	0,0017446	0,7373901
1000	0,4530387	0,6152089	0,3620567	0,0293939	0,0509397	0,6470708	0,0370170	0,7691185	0,0431531	0,0606377	0,0587320	0,0134020	0,1045198	0,8293097	0,0095632	0,7036045
1020	0,6059629	0,7758389	0,4529686	0,0358723	0,0399413	0,6781004	0,0558870	0,7106113	0,0524188	0,0514345	0,0856636	0,0468058	0,1322742	0,6690677	0,0036994	0,6651861
1040	0,5379234	0,6289646	0,4022042	0,0338647	0,0467996	0,7317063	0,0708244	0,7361030	0,0541259	0,0780174	0,0483342	0,0230660	0,1018754	0,7950295	0,0052022	0,6461406
1060	0,5366346	0,7410773	0,3803904	0,0400336	0,0255918	0,7370623	0,1035006	0,7443670	0,0513549	0,0427056	0,0394112	0,0230746	0,0951726	0,7432721	0,0103341	0,7071717
1080	0,5276571	0,6363875	0,3609629	0,0423422	0,0531847	0,7597402	0,0372090	0,7341445	0,0437924	0,0343633	0,0499886	0,0258760	0,1119613	0,7582584	0,0018086	0,7316504
1100	0,5950844	0,6601299	0,3730268	0,0315371	0,0284992	0,7507621	0,0540166	0,6808868	0,0572584	0,0489218	0,0446680	0,0256374	0,2046724	0,7802467	0,0036111	0,6822170

0	0,5829344	0,7468860	0,4377274	0,0713265	0,0359878	0,8012039	0,0576978	0,7551054	0,0435692	0,0298907	0,0264546	0,0289787	0,1391442	0,8138626	0,0113022	0,7141851
20	0,5891037	0,6603160	0,4949232	0,0262768	0,0973343	0,7487829	0,0632304	0,6961931	0,4807207	0,0458534	0,0774510	0,1533642	0,0588942	0,6346862	0,0132214	0,6492962
40	0,4940225	0,6616774	0,4530520	0,0172540	0,1337114	0,8850751	0,1256347	0,7532579	0,5946943	0,1148047	0,0395924	0,1807806	0,1021248	0,3778302	0,0098026	0,8228850
60	0,5331584	0,6016676	0,4855840	0,0292789	0,2477722	0,6218739	0,1131927	0,6761761	0,7273430	0,0984191	0,1149981	0,3453047	0,1232568	0,3542122	0,0134713	0,8150190
80	0,5992159	0,5852393	0,5594610	0,0482953	0,2098934	0,7959323	0,0522936	0,7687544	0,6283137	0,0607925	0,0630282	0,3379149	0,1714386	0,2271543	0,0153850	0,7367148
100	0,4929229	0,6202893	0,4694925	0,0764164	0,2569360	0,8190545	0,0446331	0,7584073	0,6689821	0,1489707	0,0777488	0,2046082	0,2064202	0,1721620	0,0184644	0,7659272
120	0,7210970	0,6186717	0,4177282	0,0976973	0,2580483	0,7354370	0,0955185	0,8064869	0,7320099	0,1433367	0,0767307	0,3295304	0,3313464	0,1931692	0,0490120	0,8437064
140	0,6113782	0,7033920	0,5215074	0,1909702	0,3250513	0,8167346	0,0459906	0,7248529	0,6219999	0,1707804	0,1468934	0,4807017	0,2856277	0,1188503	0,0999894	0,7042019
160	0,5744901	0,6893024	0,4110633	0,2366592	0,3833300	0,8040111	0,0740395	0,6620682	0,7036581	0,2307036	0,0864475	0,3978812	0,3847278	0,1469792	0,0790190	0,7586848
180	0,4858460	0,6712530	0,4545652	0,3239097	0,3957681	0,5910130	0,0867931	0,5496853	0,7545656	0,2153055	0,1234975	0,4262216	0,3507010	0,0811679	0,1497177	0,7141648
200	0,6123901	0,6589054	0,5315615	0,4117150	0,5029051	0,6510589	0,0809816	0,6404758	0,7537151	0,2084942	0,1767330	0,3686423	0,4463426	0,0945231	0,1785635	0,6604887
220	0,6313961	0,6028209	0,4779924	0,5346139	0,3889817	0,6608078	0,1200737	0,5658379	0,7022864	0,3272423	0,2573670	0,4697882	0,4478762	0,1153506	0,1840580	0,6119321
240	0,6318768	0,5618375	0,3801156	0,5854994	0,4698199	0,4807316	0,1892148	0,5197785	0,7386922	0,3331256	0,1767482	0,4641678	0,3817470	0,0300440	0,2713378	0,6916427
260	0,5971438	0,6342749	0,4276142	0,6659829	0,4979724	0,5015068	0,2221000	0,4756494	0,7266314	0,2907812	0,2654380	0,3922407	0,5399880	0,0150456	0,2501020	0,5265699
280	0,6836616	0,5914081	0,4517571	0,6747756	0,5003109	0,5248442	0,1854115	0,4544990	0,7230502	0,3793083	0,2381341	0,4715266	0,6660388	0,0105116	0,2695226	0,6299389
300	0,5327432	0,6950681	0,4324646	0,6163431	0,6310611	0,4507626	0,2491098	0,5399142	0,6760695	0,4318311	0,3288653	0,5492760	0,6126676	0,0137799	0,3174499	0,5184702
320	0,5173169	0,7914548	0,4979546	0,6846288	0,6200500	0,3882361	0,3132266	0,5168660	0,6938763	0,3784200	0,3122041	0,4806402	0,5293573	0,0054380	0,3784316	0,5533403
340	0,5112001	0,5481724	0,4929731	0,6329753	0,6335599	0,5185257	0,2726118	0,4455550	0,7510333	0,3477408	0,3847359	0,5928820	0,5192294	0,0012608	0,3710809	0,5356628
360	0,6393554	0,5390974	0,3779425	0,7845881	0,5131947	0,4711175	0,3564539	0,4433471	0,8800380	0,4333378	0,3955339	0,4436946	0,4895374	0,0000000	0,3476604	0,3895949
380	0,4942786	0,6379103	0,4490555	0,7106030	0,5408808	0,4566669	0,3859306	0,3367165	0,7286773	0,4900094	0,5126387	0,5142822	0,5599336	0,0008872	0,4322729	0,5609612
400	0,6034256	0,5067489	0,4184512	0,7766571	0,4952159	0,3811694	0,3855419	0,5011753	0,7459557	0,4299287	0,4180382	0,5866317	0,6307273	0,0008269	0,4431302	0,3844951
420	0,5496965	0,6499497	0,4359540	0,7021079	0,5983102	0,4369418	0,4558495	0,4581130	0,7928963	0,5130333	0,4218873	0,4631101	0,7044207	0,0006987	0,4169116	0,2982391
440	0,5810542	0,5787175	0,4620459	0,7296618	0,5714343	0,4234115	0,4751346	0,3996376	0,6323112	0,4937222	0,5638833	0,5679055	0,5770539	0,0010756	0,5074609	0,3831726
460	0,6847124	0,6142931	0,5288135	0,5519945	0,6606425	0,4774529	0,4600848	0,4766208	0,7293997	0,6241930	0,5100431	0,5638275	0,5260240	0,0015871	0,4600363	0,3084096
480	0,5053659	0,5795496	0,5444354	0,6318603	0,6653909	0,3390384	0,4672227	0,4193467	0,7221220	0,4150056	0,4872608	0,5014022	0,6892056	0,0016160	0,3606131	0,3448274
500	0,5914596	0,6405090	0,6260767	0,7585982	0,7147522	0,4220279	0,5677396	0,4517741	0,7740841	0,3856073	0,4632263	0,5140864	0,6071851	0,0004179	0,4482746	0,3879870
520	0,5760977	0,5029130	0,6112726	0,7311845	0,6376870	0,4182142	0,5441805	0,5152089	0,7076467	0,4586976	0,4135507	0,6653219	0,5669356	0,0057515	0,3952781	0,4110942
540	0,5218800	0,5882259	0,5218367	0,7619537	0,5963077	0,4094615	0,4952770	0,3740888	0,6906042	0,4470450	0,5018755	0,6287947	0,4808969	0,0004411	0,5018028	0,4361205
560	0,6123257	0,6530246	0,4426310	0,6521801	0,5997099	0,4038254	0,6348483	0,4192097	0,7105431	0,3619620	0,3906526	0,5222095	0,5974557	0,0011988	0,4126331	0,3595947
580	0,5408830	0,7588547	0,4190199	0,6050333	0,6632492	0,3998628	0,5926453	0,4779538	0,7181077	0,3780441	0,5100368	0,3965721	0,5093038	0,0075821	0,3854366	0,4231026
600	0,5715374	0,6325123	0,4489271	0,6168418	0,6863804	0,3275887	0,6261230	0,3454871	0,6155998	0,4314331	0,5881886	0,4174695	0,6990451	0,0320920	0,4704504	0,4290244
620	0,5522976	0,5732019	0,4166265	0,8163462	0,6695873	0,3519591	0,5315706	0,4989950	0,4924936	0,4292499	0,4346190	0,4446425	0,6160313	0,0293663	0,5080089	0,4494499
640	0,5404511	0,5711991	0,4326245	0,8348192	0,6553815	0,3407359	0,5233114	0,4606149	0,5937711	0,3748094	0,4688587	0,3858656	0,5704891	0,0135176	0,4230570	0,4077496
660	0,6764376	0,5671442	0,4828108	0,7848483	0,6038513	0,3824387	0,5850470	0,5000554	0,6861972	0,4240092	0,5377096	0,3687693	0,6522982	0,0288504	0,4139027	0,3959579
680	0,7289683	0,6548718	0,4855371	0,8012050	0,6079368	0,2934396	0,5453993	0,4402727	0,5605875	0,3834349	0,4680055	0,2784362	0,6464756	0,0285509	0,4847629	0,4377520
700	0,5836576	0,6466915	0,5457392	0,8014019	0,7089601	0,3897063	0,6801764	0,4237030	0,5437400	0,4403511	0,3969737	0,3808114	0,6789127	0,0198189	0,4743526	0,4008687
720	0,5775744	0,6199178	0,5448186	0,8533060	0,5960591	0,3782554	0,5817865	0,4297646	0,5794318	0,3692441	0,5320981	0,4284043	0,6210666	0,0228990	0,4568205	0,3314965
740	0,5473525	0,7186598	0,4765439	0,8461810	0,5957826	0,4645150	0,5734258	0,3986155	0,6606330	0,4595731	0,6611832	0,4656353	0,5965400	0,0220633	0,4326917	0,3051733
760	0,5101027	0,5230925	0,5083114	0,7456834	0,6381164	0,4064416	0,5259860	0,3267922	0,6737759	0,3572509	0,5118877	0,4164130	0,6231036	0,0364456	0,4810766	0,3823796
780	0,5120837	0,6201969	0,4592536	0,7487363	0,5669417	0,3577451	0,5243926	0,4187215	0,6343959	0,3872714	0,4562803	0,3781592	0,6343672	0,0403059	0,4357858	0,3571891
800	0,6094633	0,6430347	0,4739752	0,6896798	0,5733918	0,3658223	0,5532658	0,5452590	0,5515838	0,4394688	0,4822359	0,3156980	0,6092086	0,0262002	0,3408291	0,3562802
820	0,5850837	0,6581370	0,4099109	0,6279147	0,8744680	0,4007670	0,6084965	0,4302727	0,5954529	0,3629926	0,5584170	0,3251040	0,6969622	0,0483260	0,4209969	0,2926612
840	0,5716562	0,7206628	0,4482460	0,7649354	0,6102419	0,3833366	0,4972203	0,4634996	0,5257396	0,3564008	0,5497874	0,2981444	0,5684620	0,0362126	0,3985692	0,3264899
860	0,4864697	0,6056031	0,4980790	0,6960553	0,5689318	0,4383665	0,4996989	0,3404445	0,5607818	0,3806373	0,4960123	0,2827577	0,5700037	0,0098267	0,5110513	0,4147884
880	0,5627838	0,6946613	0,5467083	0,6751299	0,6843819	0,4475906	0,5189983	0,4067047	0,6048407	0,4052561	0,4147152	0,3054735	0,5897762	0,0281420	0,4377515	0,3459128
900	0,6101775	0,6001317	0,5500339	0,8286309	0,6948685	0,3831634	0,5278018	0,4822771	0,5821009	0,4234682	0,4782174	0,2760030	0,5338424	0,0372155	0,4513308	0,3374279
920	0,5663000	0,6666883	0,5117111	0,6798928	0,7527665	0,5108197	0,4955207	0,3858109	0,5430668	0,3478357	0,4885554	0,3716532	0,5238269	0,0275526	0,4835001	0,3694318
940	0,6568629	0,6846285	0,4922907	0,8213269	0,6063323	0,3553124	0,5900180	0,3754376	0,5820372	0,3681238	0,5195815	0,4445712	0,5454206	0,0240882	0,4109717	0,4295839
960	0,5989029	0,5606561	0,6241645	0,7564310	0,5877881	0,4043559	0,6364458	0,4563813	0,4538664	0,4272895	0,5174808	0,3838561	0,6011729	0,0341512	0,3763494	0,2553756
980	0,6244736	0,6033313	0,5394541	0,6752572	0,6653122	0,4384207	0,5804652	0,4328045	0,6033585	0,4135586	0,5527912	0,4122996	0,5500265	0,0283903	0,5583273	0,3893434
1000	0,5931932	0,5907673	0,5521021	0,7274249	0,5962679	0,3215349	0,5408455	0,5115742	0,6730299	0,4533741	0,5398714	0,4357497	0,6347652	0,0249653	0,4566735	0,2893214
1020	0,5123201	0,6072969	0,5243133	0,7056883	0,7201294	0,4536222	0,6880421	0,3769339	0,6561089	0,4117135	0,4615696	0,5129790	0,5648155	0,0583467	0,3999677	0,3830759
1040	0,4536429	0,5597866	0,5656056	0,6422944	0,7311195	0,5525849	0,7736718	0,3619144	0,7119564	0,3831633	0,6102062	0,4416706	0,5727457	0,0345329	0,4411076	0,3379177
1060	0,5811678	0,5101980	0,5394724	0,6998978	0,7717241	0,3631956	0,5594635	0,4956363	0,6846858	0,4279834	0,5323972	0,3559032	0,5262997	0,0696185	0,4684840	0,3006687
1080	0,6675158	0,7008128	0,4714579	0,5959396	0,6952557	0,3880475	0,5612977	0,4006552	0,6282477	0,5198642	0,5945878	0,3819338	0,5483677	0,0268821	0,4121944	0,3580495
1100	0,6424305	0,6613527	0,5412301	0,7074917	0,9320820	0,3835218	0,5294025	0,4351492	0,6507909	0,4953381	0,5321630	0,3924190	0,6198757	0,0664149	0,4280079	0,3582667

0	0,5732190	0,5506914	0,4442025	0,0181060	0,0173769	0,7748612	0,0977163	0,6632416	0,0512951	0,0497531	0,0565135	0,0050133	0,1124229	0,8020818	0,0028774	0,7818843
20	0,5775566	0,6607821	0,4491903	0,2302695	0,0372613	0,5496035	0,0492436	0,7976283	0,2469028	0,0346112	0,2078862	0,0948065	0,2329059	0,8435587	0,1955278	0,5799667
40	0,6461324	0,5809722	0,4070005	0,3560625	0,0244677	0,5268540	0,0482339	0,7746262	0,2682343	0,0342258	0,3555174	0,1573542	0,2554554	0,5438311	0,3415168	0,3191604
60	0,5982479	0,6643829	0,5338706	0,5802311	0,0184630	0,5138223	0,0538942	0,7605665	0,2863770	0,0242042	0,4171713	0,2222773	0,3054043	0,6842762	0,3362825	0,2200167
80	0,5542133	0,6324323	0,4228655	0,5267686	0,0163810	0,4569708	0,0523050	0,6643752	0,2981708	0,0470605	0,4890101	0,2694112	0,3014418	0,7166914	0,3471871	0,2311109
100	0,5349564	0,5892194	0,4618030	0,6348941	0,0419120	0,4443657	0,0547316	0,7059186	0,3025859	0,0339387	0,5039611	0,2392843	0,3615358	0,7733832	0,4235463	0,1892437
120	0,5354194	0,5741704	0,5227432	0,6921548	0,0449789	0,3864259	0,0613629	0,8630190	0,2901301	0,0195822	0,6610266	0,2322701	0,2646732	0,6434666	0,5503244	0,1515037
140	0,6108911	0,6424969	0,5098557	0,5209988	0,0618751	0,4079439	0,0303695	0,7609862	0,3030638	0,0356086	0,4805039	0,2403107	0,3450879	0,7232390	0,5430364	0,1042516
160	0,5717918	0,5635963	0,4818540	0,5457488	0,0398377	0,2707933	0,0557948	0,6550076	0,3015313	0,0335464	0,5479958	0,2615815	0,4057532	0,7362985	0,6439503	0,1256058
180	0,4810452	0,5476709	0,4979037	0,7353113	0,0800872	0,3090599	0,0725857	0,7307000	0,3244782	0,0325123	0,4344632	0,2612836	0,3157016	0,8352374	0,6213812	0,0941850
200	0,4853349	0,6247153	0,6096751	0,6137921	0,0463275	0,3212261	0,1048682	0,7500101	0,3578935	0,0329686	0,5524508	0,2526126	0,3506160	0,7810277	0,6118331	0,0784426
220	0,6543495	0,5668084	0,5329763	0,6879192	0,0557513	0,2896023	0,1009464	0,7491978	0,3129995	0,0453342	0,5715809	0,2300058	0,3717340	0,7599890	0,5174915	0,0513064
240	0,6126900	0,5682240	0,4048807	0,6399865	0,0394997	0,2813471	0,0592527	0,6685856	0,2988927	0,0475304	0,5693292	0,1718990	0,3365584	0,7304338	0,5151139	0,0746304
260	0,6033667	0,5400475	0,5013930	0,5055054	0,0244615	0,2985570	0,0347241	0,7627379	0,3801411	0,0736800	0,5380157	0,2280660	0,3110107	0,8219402	0,4748440	0,0539658
280	0,4997508	0,4934705	0,5816258	0,6137779	0,0294556	0,3242082	0,0392714	0,7061003	0,3094671	0,0534884	0,5830339	0,2750696	0,4015877	0,7486966	0,5142185	0,0702577
300	0,5298467	0,6334721	0,4757894	0,7080710	0,0221231	0,3270516	0,0281614	0,8543816	0,3552119	0,0174320	0,4608602	0,2748104	0,4782636	0,7505185	0,6185969	0,0657552
320	0,4612032	0,5928370	0,4997251	0,6902553	0,0287876	0,2653710	0,0760386	0,7626482	0,2214735	0,0467930	0,5968616	0,2866924	0,3725216	0,6980698	0,5679474	0,0788964
340	0,5904058	0,6842200	0,5879467	0,6856294	0,0199455	0,3550993	0,0777291	0,6917201	0,2981975	0,0535371	0,4790145	0,3298540	0,3979624	0,6451813	0,5382040	0,0682642
360	0,5623625	0,6031332	0,5557790	0,6841911	0,0205337	0,3322969	0,0356156	0,7552478	0,3636676	0,0153680	0,6716168	0,2150990	0,4011206	0,7993561	0,5934443	0,0801473
380	0,4830323	0,5946032	0,4926160	0,7070545	0,0327332	0,3181100	0,0273877	0,7221472	0,3245984	0,0264574	0,5278039	0,2365821	0,4944034	0,6988325	0,7036943	0,1477604
400	0,5401052	0,6465679	0,5241864	0,5958002	0,0483329	0,3100486	0,0530182	0,7986066	0,3913977	0,0353930	0,7165083	0,2749199	0,3997292	0,8206172	0,5729682	0,1179037
420	0,4621765	0,4925004	0,4059810	0,6111313	0,0365973	0,2714838	0,0493047	0,7053035	0,3395087	0,0556611	0,5393385	0,2752545	0,3424778	0,7904489	0,6368673	0,0781661
440	0,5820162	0,5666252	0,4490676	0,6759105	0,0731177	0,3022773	0,0690939	0,7846459	0,3108650	0,0355109	0,6438232	0,2476957	0,2869669	0,8110728	0,5484943	0,0960841
460	0,5429491	0,6099500	0,5610407	0,5543873	0,0229516	0,3213372	0,0491814	0,6887797	0,2845459	0,0524537	0,4484333	0,2603863	0,4095878	0,8722415	0,5696823	0,0771015
480	0,5535290	0,6875649	0,5427176	0,7015559	0,0179255	0,3428118	0,0705551	0,7418422	0,3092922	0,0386318	0,6148009	0,2547312	0,4532312	0,7748544	0,4972174	0,1226450
500	0,5380472	0,6013924	0,4928896	0,6662085	0,0123647	0,3144713	0,0719165	0,7239253	0,3650025	0,0563785	0,5486879	0,1929604	0,3724168	0,6644710	0,4745140	0,0818448
520	0,5834831	0,5579266	0,5156802	0,6735383	0,0239624	0,3722496	0,0585092	0,7145559	0,3553826	0,0591472	0,5940601	0,3003410	0,3199179	0,7407065	0,5544100	0,0936065
540	0,5411492	0,6343662	0,4396290	0,7892481	0,0201309	0,2827224	0,0587992	0,6846349	0,3897877	0,0313986	0,5420966	0,2873367	0,3812325	0,8417506	0,5858103	0,0501641
560	0,5533389	0,5662280	0,4049132	0,6549781	0,0095490	0,3272619	0,0756062	0,6686606	0,2586367	0,0372231	0,5793713	0,2554259	0,3838146	0,7184906	0,6377154	0,0413348
580	0,5048398	0,5736038	0,4057476	0,3877805	0,0408059	0,5240126	0,0434274	0,5891982	0,2010767	0,0217410	0,3220666	0,1976433	0,3129496	0,6878491	0,4581528	0,3539327
600	0,6984622	0,5418169	0,3834778	0,1901908	0,0457703	0,5810761	0,0422431	0,7690913	0,1454496	0,0779590	0,1689067	0,0952013	0,2149484	0,7875499	0,2697871	0,4783279
620	0,6149412	0,6364203	0,4707327	0,1743945	0,0311067	0,6492057	0,0335203	0,6174696	0,1183194	0,0417424	0,1904638	0,0563920	0,1867346	0,8101611	0,2024005	0,6197426
640	0,6432737	0,5708768	0,4017004	0,1356356	0,0505269	0,7074540	0,0746894	0,6932341	0,0580084	0,0374994	0,0910580	0,0211955	0,1751246	0,6885362	0,1232240	0,6341626
660	0,5026733	0,5784875	0,4476793	0,0858136	0,0333730	0,5010626	0,0732561	0,7501331	0,0571447	0,0501490	0,1033268	0,0357502	0,1664571	0,7354675	0,0882044	0,7243572
680	0,6444639	0,5324783	0,4658833	0,0566130	0,0159979	0,5475991	0,0697012	0,7035471	0,0523527	0,0737386	0,0903090	0,0223934	0,1113795	0,6000967	0,0724572	0,6365911
700	0,4865430	0,6350493	0,4876982	0,0352932	0,0391952	0,6315519	0,0853794	0,7060003	0,0659807	0,0475620	0,0761995	0,0149338	0,0881684	0,7134083	0,0715155	0,6281667
720	0,4788020	0,6566850	0,5113469	0,0620565	0,0110471	0,7334273	0,0670146	0,8566036	0,0354470	0,0514435	0,0897648	0,0074604	0,1208363	0,7097803	0,0454258	0,6409669
740	0,4505652	0,6174269	0,4170388	0,0392169	0,0381770	0,7718948	0,0793469	0,7883154	0,0748589	0,0660526	0,0706755	0,0120509	0,0703200	0,7674286	0,0324662	0,6618360
760	0,5760742	0,6216970	0,4919381	0,0297840	0,0334426	0,7119633	0,0623822	0,7702612	0,0303207	0,0382633	0,0526276	0,0112496	0,1435948	0,7866961	0,0243996	0,8164498
780	0,5858190	0,5964113	0,4974186	0,0484354	0,0410543	0,6010450	0,0887074	0,6550730	0,1194834	0,0671697	0,0576229	0,0153747	0,1546451	0,7676977	0,0057077	0,6732530
800	0,4803561	0,5925622	0,4662586	0,0322192	0,0239930	0,7929353	0,0552959	0,6830887	0,0897288	0,0740983	0,0289901	0,0176315	0,1975837	0,6662301	0,0092532	0,7903110
820	0,5151885	0,6805756	0,5113186	0,0213834	0,0408510	0,7124334	0,0682249	0,6998554	0,1011046	0,0333796	0,0214228	0,0408085	0,1712854	0,6288711	0,0089166	0,5872950
840	0,5680007	0,5809763	0,4608241	0,0249011	0,0425080	0,8305164	0,1067362	0,7971146	0,0699447	0,0564803	0,0375855	0,0085154	0,1523064	0,6921570	0,0102450	0,7507523
860	0,6497160	0,5863081	0,4000775	0,0124400	0,0296056	0,7750205	0,1028167	0,6870205	0,0720827	0,0246466	0,0891078	0,0088127	0,1989257	0,7551892	0,0186718	0,7206748
880	0,5054606	0,6028015	0,4686841	0,0233484	0,0342743	0,6431617	0,0740115	0,7476086	0,0536436	0,0277722	0,0798634	0,0134357	0,2377552	0,6187309	0,0088020	0,7049597
900	0,5866974	0,6021405	0,4492957	0,0197900	0,0312206	0,7859955	0,0343771	0,6848510	0,0908559	0,0334939	0,0826646	0,0269581	0,1534513	0,9073483	0,0082260	0,7937138
920	0,5183625	0,6018095	0,4870541	0,0275950	0,0498464	0,6549328	0,0487830	0,8894759	0,0879303	0,0483988	0,0509995	0,0188898	0,1622706	0,8589197	0,0098222	0,8894575
940	0,5164425	0,6225344	0,4737950	0,0454337	0,0283834	0,7079896	0,0446226	0,8567909	0,0746275	0,0269367	0,0577170	0,0178162	0,1129739	0,7877411	0,0220973	0,8241022
960	0,5995580	0,5111112	0,5357428	0,0224292	0,0248131	0,7157412	0,0608985	0,6952499	0,0729219	0,0449143	0,0402644	0,0116091	0,1565740	0,7218846	0,0189895	0,8387208
980	0,6506935	0,5958164	0,4775910	0,0261780	0,0511880	0,6293066	0,0505530	0,6793715	0,0850188	0,0245276	0,0534672	0,0080282	0,0971243	0,6314743	0,0098624	0,7947783
1000	0,7324282	0,6378469	0,5168549	0,0271247	0,0294480	0,6188971	0,0494921	0,6781019	0,0908194	0,0506268	0,0333202	0,0195088	0,0969582	0,6884438	0,0176821	0,7272769
1020	0,6074739	0,6157655	0,5424627	0,0568904	0,0330767	0,7539275	0,0368171	0,7286840	0,0476363	0,0233602	0,0402224	0,0178184	0,1501773	0,7553358	0,0080525	0,5747088
1040	0,6628296	0,5159274	0,4322471	0,0217308	0,0222192	0,7204246	0,0518825	0,8317651	0,0466578	0,0232012	0,0556275	0,0228879	0,0845938	0,7833195	0,0205523	0,7532027
1060	0,5499227	0,6509585	0,4768778	0,0458417	0,0689842	0,7779653	0,0333904	0,8374838	0,0905255	0,0548633	0,0574860	0,0096460	0,0826326	0,7823193	0,0104069	0,7084923
1080	0,4955921	0,6177216	0,5458368	0,0287949	0,0175959	0,7391548	0,0345281	0,6644184	0,0425825	0,0284432	0,0256543	0,0086684	0,0637913	0,7432207	0,0061519	0,7335899
1100	0,5634262	0,5631344	0,5229340	0,0201733	0,0201393	0,6784290	0,0529511	0,6787578	0,0494113	0,0275731	0,0612780	0,0083067	0,0923692	0,9366834	0,0108242	0,6638074

0	0,6097447	0,5705728	0,4668938	0,0480215	0,0241563	0,7136297	0,0603320	0,7389433	0,0450970	0,0414742	0,0498960	0,0050188	0,1438772	0,7416024	0,0015509	0,7469163
20	0,6122761	0,6130125	0,4861653	0,0495222	0,0464534	0,6902221	0,0608320	0,6783440	0,0741678	0,1429422	0,0491379	0,2474062	0,0633432	0,7718045	0,0055480	0,6462327
40	0,5697749	0,7251368	0,5121113	0,0160789	0,0661622	0,8387011	0,0764162	0,6878449	0,0874555	0,1849557	0,0483459	0,2797205	0,0895318	0,7540430	0,0202348	0,6617045
60	0,6251509	0,6492098	0,4913539	0,0192192	0,0363348	0,8369888	0,0678953	0,7342178	0,1042655	0,2306329	0,0543043	0,4196180	0,1213725	0,6847049	0,0118810	0,7529215
80	0,5251825	0,4896366	0,6004251	0,0500609	0,0562168	0,7472827	0,0827095	0,7060945	0,0500181	0,1863810	0,0711260	0,5112069	0,1620085	0,7379414	0,0090508	0,6953649
100	0,7254851	0,5972774	0,5017128	0,0198274	0,0206765	0,6686714	0,0452182	0,7103026	0,0534998	0,2001583	0,0809299	0,5062277	0,1036228	0,7581737	0,0168519	0,6232436
120	0,6392255	0,6451579	0,5400953	0,0518646	0,0279746	0,7625723	0,0618514	0,7812537	0,0876842	0,2712752	0,1145052	0,5462777	0,1150780	0,8276501	0,0093261	0,7928799
140	0,5722810	0,6931062	0,4988355	0,0298100	0,0338907	0,6820859	0,0615354	0,6830405	0,0538480	0,1681267	0,0593852	0,5026684	0,1466827	0,9219489	0,0054110	0,6525850
160	0,6053555	0,6936991	0,5425794	0,0335444	0,0313414	0,7157795	0,0440408	0,7812047	0,0522604	0,2615401	0,0383746	0,5190388	0,0998021	0,6322258	0,0064790	0,6885985
180	0,6136042	0,6397785	0,4168172	0,0433694	0,0364075	0,7548974	0,0755419	0,8010076	0,0317685	0,2053617	0,0706897	0,5415273	0,0794606	0,7108695	0,0104350	0,6957065
200	0,6150275	0,6407538	0,4044072	0,0271299	0,0236606	0,8062477	0,0845821	0,6250455	0,0547408	0,2206945	0,1120353	0,5698971	0,1581626	0,7615809	0,0096417	0,6468100
220	0,5599951	0,6741714	0,4250751	0,0307664	0,0172927	0,5936585	0,0494588	0,8307799	0,0569668	0,1928436	0,0597621	0,5737786	0,0945927	0,6357307	0,0145336	0,6644027
240	0,4773620	0,6182316	0,4864898	0,0397289	0,0389367	0,5712176	0,0681630	0,5955433	0,0471644	0,2316290	0,0660098	0,6171640	0,1631089	0,6230827	0,0045954	0,7133681
260	0,5230324	0,6871927	0,4144333	0,0607979	0,0326889	0,7707709	0,0427687	0,6354813	0,0353737	0,1376043	0,0652209	0,4923699	0,1298331	0,7036895	0,0147924	0,7493121
280	0,4999486	0,6076216	0,5785228	0,0556128	0,0240029	0,7196902	0,0532239	0,6234701	0,0512971	0,2474030	0,0472504	0,5523022	0,1265081	0,8326661	0,0030399	0,6973882
300	0,6132337	0,5739132	0,5303857	0,0650885	0,0180406	0,7717450	0,0592535	0,8572600	0,0707733	0,2908126	0,0372012	0,5088025	0,0740539	0,6423552	0,0016442	0,7359042
320	0,5506022	0,6552634	0,5905058	0,0470754	0,0248336	0,7929889	0,0801833	0,8041860	0,0373604	0,2443264	0,0313050	0,5033432	0,1508800	0,7397472	0,0014630	0,7554312
340	0,4949507	0,6772214	0,4733015	0,0546759	0,0241984	0,7765983	0,0981226	0,8185324	0,0344994	0,3039399	0,0630448	0,4740652	0,1670422	0,6837664	0,0007182	0,6709783
360	0,5990248	0,6791462	0,4263659	0,0324600	0,0213437	0,6932390	0,0405394	0,7709655	0,0368192	0,2434131	0,1119334	0,5210976	0,1136397	0,6862234	0,0002169	0,8352161
380	0,4407103	0,5919991	0,4400295	0,0539610	0,0169634	0,6255377	0,0715418	0,6074723	0,0926732	0,2504008	0,0827581	0,5342619	0,1226730	0,8030173	0,0120303	0,6865687
400	0,6867689	0,6680151	0,4086553	0,0440359	0,0355716	0,7487659	0,0409505	0,6981047	0,0433072	0,2590571	0,0440388	0,5549106	0,1054582	0,8926289	0,0016351	0,7652296
420	0,6039713	0,6408112	0,4736495	0,0388950	0,0304862	0,6071496	0,0393730	0,6624782	0,0286964	0,2284346	0,0464067	0,5847060	0,1117539	0,7960419	0,0046308	0,7765576
440	0,7745753	0,6063737	0,3457555	0,0199156	0,0255333	0,8021167	0,0258888	0,7540947	0,0228738	0,2261921	0,0545526	0,5075389	0,1105785	0,8068253	0,0069130	0,7418283
460	0,6074228	0,6218814	0,4647410	0,0142962	0,0383419	0,7998337	0,0710061	0,7537736	0,0737501	0,2413990	0,0467865	0,6630695	0,0957063	0,7732486	0,0148100	0,7503159
480	0,5654386	0,6180807	0,5166271	0,0266632	0,0263148	0,7590106	0,0499907	0,6222720	0,0832405	0,2546544	0,0579165	0,5932163	0,1280550	0,6231778	0,0065558	0,7021960
500	0,6295755	0,5378406	0,5010124	0,0183072	0,0450991	0,8566029	0,0590471	0,6790040	0,1056757	0,3113261	0,0550130	0,6927707	0,1527623	0,6870920	0,0118441	0,7308164
520	0,5790615	0,7429181	0,4189684	0,0497204	0,0411477	0,7228034	0,0815179	0,7438646	0,0531732	0,2551038	0,0418439	0,5147092	0,0780279	0,6578190	0,0223114	0,6474713
540	0,5477009	0,5791711	0,4396155	0,0219003	0,0495322	0,7603278	0,0607275	0,6517979	0,0503084	0,3011666	0,0415778	0,5434683	0,1078851	0,7817090	0,0080665	0,7561737
560	0,5634668	0,7095993	0,6097434	0,0153478	0,0303632	0,7660833	0,0641322	0,7657470	0,0849786	0,2570926	0,0444697	0,5347224	0,1512786	0,7103635	0,0028011	0,7187780
580	0,7580886	0,5922273	0,4620889	0,0201493	0,0322956	0,7420441	0,0748401	0,7717442	0,0522419	0,1390810	0,0787917	0,3076780	0,1096597	0,8865154	0,0021705	0,6359854
600	0,5942523	0,5816200	0,5012172	0,0483833	0,0758799	0,6344127	0,0479442	0,7047150	0,0596554	0,0848026	0,0593900	0,2165759	0,1006718	0,7046308	0,0056776	0,6742040
620	0,7005773	0,6755951	0,4862868	0,0328304	0,0289545	0,7930615	0,0550720	0,6621417	0,0806837	0,0602670	0,1126433	0,1197481	0,0925581	0,7511745	0,0069073	0,6114128
640	0,5671212	0,6717324	0,4029056	0,0084193	0,0305706	0,6786561	0,0410376	0,6180441	0,0451372	0,0231293	0,0223095	0,0517851	0,1006651	0,8823508	0,0104636	0,7331603
660	0,5645913	0,6305906	0,5121682	0,0402753	0,0440169	0,8169321	0,0520622	0,7668246	0,0656505	0,0236587	0,0604451	0,0421579	0,0784801	0,8263286	0,0225901	0,8578227
680	0,5789024	0,6221347	0,4840917	0,0521156	0,0623765	0,7291089	0,0503515	0,6393712	0,0681092	0,0226600	0,0551885	0,0087133	0,0673104	0,8207029	0,0194848	0,6990014
700	0,5040351	0,8097046	0,5011436	0,0380141	0,0471523	0,6846307	0,0778804	0,7002032	0,0550219	0,0458179	0,0527940	0,0154056	0,1325264	0,7811489	0,0026293	0,8155562
720	0,4727922	0,7328831	0,4749452	0,0307656	0,0245877	0,7793232	0,0322729	0,7025614	0,0581456	0,0221465	0,0207980	0,0245400	0,1625780	0,7205660	0,0055234	0,7902446
740	0,6400205	0,6240917	0,4388733	0,0352167	0,0579402	0,5379307	0,0312250	0,6517065	0,0479599	0,0458416	0,0273872	0,0161479	0,1332949	0,6991515	0,0085730	0,6820817
760	0,6101738	0,8069621	0,4111242	0,0256021	0,0176295	0,7199991	0,0348712	0,6884504	0,0821565	0,0431095	0,0412824	0,0185983	0,1327501	0,8203673	0,0063167	0,6480598
780	0,6187398	0,7045434	0,4270309	0,0227840	0,0292220	0,7107447	0,0369711	0,8211640	0,0791813	0,0218948	0,0440107	0,0219907	0,1424307	0,7355143	0,0095978	0,6051099
800	0,5249854	0,6830199	0,4619514	0,0230783	0,0279963	0,7171983	0,0489251	0,7303488	0,0668388	0,0313115	0,0584858	0,0122426	0,1449567	0,8659700	0,0078082	0,7803019
820	0,4340364	0,6402668	0,4658111	0,0260735	0,0477431	0,8156128	0,0392002	0,7809747	0,0502709	0,0438272	0,0269773	0,0191241	0,1578157	0,9542693	0,0049069	0,7843302
840	0,5271359	0,8190345	0,5236480	0,0172223	0,0344952	0,7652243	0,0250923	0,7824355	0,0424476	0,0359635	0,0603271	0,0106144	0,1423360	0,8011342	0,0039705	0,6449555
860	0,7278863	0,7388966	0,5169627	0,0402584	0,0385047	0,8709255	0,0303795	0,7410357	0,0678006	0,0602649	0,0679539	0,0132716	0,1150237	0,7335812	0,0015135	0,8065894
880	0,4981811	0,7018652	0,4086065	0,0283355	0,0182109	0,8407173	0,0539574	0,7422298	0,0647299	0,0909332	0,0560062	0,0042711	0,0852265	0,8130966	0,0011255	0,7920284
900	0,6232287	0,6577412	0,4071138	0,0222748	0,0286424	0,7099050	0,0812849	0,6846939	0,0597013	0,0351130	0,0413363	0,0170240	0,0901588	0,7694473	0,0030502	0,8472156
920	0,4977299	0,5444746	0,4085424	0,0238573	0,0169146	0,7473076	0,0702989	0,7065461	0,0816847	0,0536303	0,0314274	0,0186548	0,0859051	0,8557001	0,0001870	0,8728891
940	0,5971393	0,5436315	0,4396013	0,0202366	0,0173416	0,7606260	0,0675806	0,7849779	0,0494145	0,0226328	0,0444377	0,0128528	0,1101015	0,7532709	0,0000055	0,9175804
960	0,5698679	0,7195668	0,4296343	0,0278874	0,0535216	0,7675025	0,0299217	0,8626548	0,0350302	0,0559010	0,0343598	0,0277338	0,1131373	0,8950881	0,0000499	0,7843681
980	0,6277629	0,6511655	0,4870217	0,0226503	0,0231380	0,7937178	0,0382163	0,8955182	0,0406008	0,0390925	0,0285729	0,0110873	0,0676985	0,7673696	0,0030781	0,7146070
1000	0,5224135	0,6523721	0,5787807	0,0297001	0,0204500	0,8096532	0,0658265	0,9775626	0,0614887	0,0342704	0,0787266	0,0177528	0,1098763	0,8430913	0,0058702	0,6390662
1020	0,4911650	0,6246143	0,4457193	0,0486196	0,0323202	0,7448054	0,0356881	0,8127676	0,0407611	0,0429404	0,0538322	0,0179285	0,1310793	0,9097250	0,0022012	0,7176089
1040	0,5501941	0,5859330	0,5211396	0,0639780	0,0302393	0,8698906	0,1150369	0,6218647	0,0875036	0,0184234	0,0962621	0,0059215	0,1197894	0,9012954	0,0032685	0,7328411
1060	0,5832761	0,6510027	0,5536112	0,0675322	0,0529715	0,7568029	0,0793067	0,8339295	0,0903559	0,0359440	0,0566471	0,0160532	0,0823849	0,8319909	0,0047513	0,7215916
1080	0,4213424	0,7860368	0,4793814	0,0369088	0,0257976	0,6619306	0,0927064	0,7474610	0,0528905	0,0436992	0,0892432	0,0245449	0,0933821	0,7059890	0,0041045	0,6818481
1100	0,5854041	0,6120787	0,4543924	0,0414976	0,0346769	0,7018283	0,0654897	0,8119061	0,0684334	0,0254869	0,0562240	0,0105592	0,0829064	0,8307679	0,0033116	0,7127779

0	0,6872386	0,6651798	0,4646906	0,0800414	0,0137366	0,7593533	0,0819933	0,7538790	0,0516397	0,0320921	0,0248999	0,0163483	0,1176271	0,7372513	0,0003079	0,7432500
20	0,5488522	0,6634668	0,3758441	0,0104498	0,0146255	0,7086960	0,0750013	0,4987404	0,0458374	0,0383005	0,0707484	0,0192142	0,2570222	0,8039218	0,0037177	0,8042809
40	0,5722937	0,6716128	0,4975256	0,0262238	0,0394964	0,7048024	0,0645777	0,2094086	0,0336586	0,0455385	0,0270070	0,0418653	0,4164550	0,6667258	0,0037751	0,7075985
60	0,5167261	0,7034036	0,4789867	0,0221747	0,0251058	0,7035324	0,0824090	0,1285052	0,0393714	0,0129751	0,0602524	0,0165562	0,3838887	0,7177882	0,0147400	0,7013217
80	0,5526556	0,6872222	0,4450488	0,0456826	0,0385320	0,6596036	0,1226170	0,0476134	0,0412636	0,0243939	0,0852398	0,0172065	0,5254843	0,8308433	0,0125658	0,6643796
100	0,5578269	0,7501171	0,4455014	0,0253124	0,0298610	0,7622383	0,1515712	0,0488439	0,0499936	0,0319894	0,0205341	0,0123683	0,4924817	0,6553764	0,0127885	0,7430004
120	0,6237269	0,8327325	0,4670871	0,0137092	0,0332861	0,6635866	0,1236199	0,0471301	0,0440333	0,0173632	0,0393995	0,0123442	0,4776734	0,7237159	0,0037501	0,7272944
140	0,5352321	0,6658896	0,3784320	0,0211607	0,0217161	0,8980535	0,1343910	0,0297567	0,0404875	0,0710877	0,0412324	0,0324373	0,4810210	0,7345739	0,0159865	0,9381129
160	0,5983636	0,6352315	0,5113423	0,0232208	0,0231494	0,7261505	0,1250171	0,0261920	0,0252625	0,0521002	0,0691525	0,0267346	0,5391570	0,6940849	0,0180946	0,8152096
180	0,5908338	0,5677045	0,4864117	0,0388604	0,0194681	0,7364680	0,1130454	0,0280896	0,0452891	0,0642987	0,0491316	0,0223309	0,5123213	0,6986432	0,0068929	0,7569176
200	0,7514370	0,6574388	0,4783155	0,0359228	0,0463722	0,7250585	0,1231449	0,0379735	0,0237597	0,0358218	0,0735906	0,0167051	0,5071420	0,6416756	0,0036273	0,7168811
220	0,5815984	0,6762965	0,4554277	0,0366503	0,0309988	0,7374880	0,1347285	0,0214521	0,0247873	0,0276533	0,0722474	0,0060430	0,4999998	0,7491315	0,0024356	0,7693697
240	0,6145598	0,6971478	0,4698123	0,0426028	0,0371038	0,6462429	0,1490548	0,0141349	0,0358618	0,0415157	0,0635731	0,0202710	0,6120552	0,7642217	0,0034248	0,7695660
260	0,5986017	0,6467989	0,4948576	0,0279634	0,0382567	0,7638336	0,1001047	0,0213595	0,0390291	0,0354446	0,0567118	0,0127595	0,5562794	0,7009885	0,0055926	0,7717794
280	0,6202298	0,6363407	0,3993475	0,0401420	0,0211397	0,7652730	0,2229103	0,0105928	0,0663349	0,0777045	0,0359492	0,0209678	0,5483210	0,8543529	0,0125324	0,7446730
300	0,5832505	0,7014790	0,5214680	0,0763103	0,0240794	0,7978503	0,1476762	0,0115592	0,0596650	0,0570014	0,0396034	0,0114932	0,4944855	0,7682861	0,0019922	0,6062474
320	0,6451159	0,5814721	0,4295390	0,0248624	0,0246653	0,8595678	0,1027102	0,0203031	0,0478153	0,0498789	0,0414892	0,0162420	0,5432310	0,8581394	0,0026296	0,6672590
340	0,5253306	0,7023187	0,3617689	0,0233304	0,0460910	0,7766818	0,1917314	0,0028672	0,0484710	0,0451869	0,0539858	0,0235055	0,6110932	0,7849429	0,0028582	0,7337519
360	0,5963170	0,6968688	0,4495936	0,0241487	0,0322884	0,6201228	0,1238501	0,0102170	0,0610906	0,0435978	0,0377015	0,0168489	0,5501975	0,7348709	0,0018376	0,7544823
380	0,5884638	0,7281242	0,4669905	0,0343116	0,0370931	0,5626157	0,1151224	0,0133894	0,0407816	0,0404093	0,0624988	0,0120845	0,5201161	0,7166961	0,0013949	0,8151460
400	0,5904415	0,7256467	0,4745118	0,0199999	0,0182371	0,6455884	0,1085893	0,0184777	0,0790289	0,0892786	0,0522429	0,0120339	0,5634894	0,7977418	0,0011461	0,7573201
420	0,5847240	0,5514393	0,4876799	0,0452523	0,0480043	0,6106205	0,0997228	0,0271369	0,0620740	0,0235175	0,0696002	0,0167139	0,4981069	0,7902998	0,0039395	0,8437622
440	0,6797625	0,5720265	0,4330502	0,0469916	0,0382739	0,8042894	0,1058412	0,0346916	0,0844893	0,0506221	0,0621419	0,0295936	0,5339012	0,7041429	0,0019215	0,8257535
460	0,5621366	0,5593784	0,4750500	0,0364772	0,0385874	0,6502677	0,1155521	0,0222499	0,0630295	0,0897108	0,0555429	0,0213508	0,5389475	0,8869196	0,0022172	0,7255352
480	0,5436792	0,6330797	0,5704351	0,0434139	0,0325271	0,6982378	0,0852428	0,0215904	0,0944336	0,0435102	0,0496372	0,0265136	0,6170309	0,6767289	0,0021290	0,8548252
500	0,6279192	0,6114805	0,4638726	0,0418110	0,0362069	0,6912950	0,1898969	0,0181064	0,0735654	0,0378007	0,0194099	0,0139995	0,5097134	0,7861921	0,0020965	0,6756059
520	0,6146849	0,6625016	0,4630024	0,0144837	0,0224035	0,7933415	0,1048334	0,0286030	0,0349653	0,0190203	0,0640714	0,0132425	0,5785015	0,9316508	0,0019165	0,7652443
540	0,5989626	0,7018675	0,4422484	0,0233370	0,0167841	0,7707170	0,1647003	0,0113035	0,0476545	0,0453756	0,0688277	0,0068655	0,5289444	0,8127318	0,0105398	0,8013617
560	0,5267033	0,7268563	0,5268230	0,0360011	0,0264094	0,7646312	0,1620976	0,0156231	0,0401577	0,0387416	0,0617319	0,0371071	0,6428628	0,6479510	0,0038080	0,8052456
580	0,5771307	0,6713748	0,4615454	0,0773069	0,0531147	0,7011605	0,0969886	0,3065650	0,1134307	0,0193066	0,0288419	0,0077800	0,3690444	0,7068596	0,0093558	0,6220624
600	0,5899088	0,6239285	0,4101252	0,0233548	0,0253541	0,8213113	0,0852989	0,4695471	0,0887363	0,0396681	0,0541814	0,0286799	0,2783702	0,8283524	0,0021532	0,6079880
620	0,4860063	0,6924883	0,4688718	0,0509313	0,0211333	0,8234241	0,0308348	0,6553859	0,0598657	0,0433625	0,0441046	0,0096448	0,1816861	0,8386125	0,0014251	0,8656623
640	0,5872792	0,7003902	0,4897815	0,0175945	0,0268824	0,9203519	0,0670828	0,7499652	0,0454266	0,0498814	0,0579609	0,0181215	0,1380946	0,6339247	0,0028609	0,7568911
660	0,5507854	0,6909484	0,4897683	0,0520467	0,0165698	0,7143242	0,0763001	0,5979681	0,0935899	0,0543186	0,0610513	0,0321626	0,1315262	0,8125662	0,0116057	0,6704436
680	0,4926764	0,5703145	0,5432136	0,0226876	0,0221434	0,9042191	0,0584030	0,7221417	0,0638769	0,0277985	0,0436790	0,0136614	0,1504624	0,8098414	0,0020265	0,7074385
700	0,6025922	0,6652991	0,5609965	0,0150173	0,0239363	0,7272521	0,0411143	0,7347399	0,0825812	0,0389400	0,0439729	0,0043192	0,1485437	0,6794694	0,0010676	0,6480045
720	0,6557853	0,7078466	0,5241497	0,0272192	0,0337295	0,7107733	0,0383436	0,7511563	0,0471349	0,0365458	0,0435667	0,0066450	0,1552769	0,8103045	0,0117010	0,7418511
740	0,5834024	0,6338563	0,5619881	0,0451112	0,0317424	0,8752646	0,0407058	0,7527512	0,0543993	0,0322422	0,0459388	0,0238933	0,1433427	0,6468771	0,0077663	0,8714647
760	0,5422817	0,6709560	0,4150623	0,0316489	0,0705143	0,7355233	0,0420748	0,5356449	0,0655861	0,0344777	0,0536585	0,0070629	0,1085457	0,7883853	0,0030474	0,7648584
780	0,6230539	0,5883832	0,3410456	0,0373562	0,0536692	0,6940688	0,0394641	0,7105919	0,0924935	0,0233548	0,0229775	0,0232005	0,1578551	0,8044836	0,0034038	0,6542071
800	0,5366008	0,5441703	0,4594019	0,0373610	0,0417009	0,7192794	0,0312855	0,7484503	0,0750034	0,0221227	0,0280905	0,0181786	0,1631677	0,7428468	0,0046925	0,7073643
820	0,6139553	0,6215210	0,4283059	0,0196738	0,0242545	0,7110981	0,0429116	0,7842795	0,0562683	0,0378112	0,0484739	0,0432650	0,1186469	0,8516059	0,0057683	0,7208271
840	0,6694597	0,6035370	0,4682709	0,0108830	0,0297036	0,8269557	0,0229919	0,6699528	0,0752840	0,0310575	0,0779820	0,0185510	0,1187287	0,8413413	0,0009898	0,8466178
860	0,6367219	0,5462156	0,4857813	0,0166915	0,0656001	0,8671343	0,0278000	0,6794626	0,0666836	0,0475933	0,0684014	0,0147476	0,1227186	0,8586778	0,0027589	0,7734298
880	0,6636479	0,5419629	0,4357545	0,0332897	0,0398096	0,6778855	0,0510178	0,8121374	0,0665113	0,0262486	0,0791109	0,0083675	0,1290020	0,7521253	0,0019744	0,7688054
900	0,5096600	0,6365349	0,4280799	0,0313319	0,0254813	0,6182676	0,0696291	0,7346946	0,0968849	0,0380064	0,0303128	0,0170972	0,1344434	0,6939219	0,0015966	0,6779380
920	0,5305805	0,5462019	0,4869043	0,0220580	0,0500689	0,7245863	0,0647154	0,8296221	0,0329636	0,0317494	0,0405980	0,0148234	0,1503559	0,8520342	0,0101185	0,7732776
940	0,6046861	0,6169481	0,4708706	0,0334564	0,0519344	0,7475357	0,0566382	0,7678000	0,0268048	0,0501343	0,0409762	0,0206086	0,1689082	0,8370119	0,0058818	0,7902185
960	0,5591150	0,5883429	0,4712632	0,0459094	0,0243406	0,8384551	0,0607513	0,7693727	0,0311014	0,0354253	0,0286161	0,0123383	0,1341195	0,7824515	0,0139796	0,7246639
980	0,6435463	0,5997130	0,4346728	0,0415129	0,0589820	0,8069008	0,0552243	0,7355129	0,0536252	0,0658865	0,0571817	0,0231265	0,1903892	0,7559807	0,0163655	0,6693989
1000	0,5639962	0,6659385	0,3502064	0,0675090	0,0241750	0,7914546	0,0750237	0,7648138	0,0525666	0,0633837	0,0396809	0,0288595	0,0815678	0,7871932	0,0103246	0,7826816
1020	0,6282289	0,5449760	0,5235145	0,0599775	0,0247927	0,7624294	0,0623362	0,8300942	0,0386352	0,0369436	0,0460700	0,0163550	0,1322599	0,8591413	0,0011815	0,7504217
1040	0,5723495	0,7360578	0,5021084	0,0490785	0,0245663	0,6899928	0,0821113	0,6428696	0,0378720	0,0314785	0,0403085	0,0220888	0,1178141	0,6938021	0,0163503	0,8148769
1060	0,5069629	0,5990610	0,6109468	0,0324375	0,0525281	0,7142162	0,0405834	0,6014353	0,0641062	0,0318175	0,0462544	0,0189760	0,1544379	0,7977100	0,0048259	0,7105682
1080	0,4355350	0,7025553	0,4659384	0,0270961	0,0760262	0,7507446	0,0826586	0,6345977	0,0569054	0,0380032	0,0604400	0,0061920	0,0792985	0,6701175	0,0048076	0,7867542
1100	0,5306777	0,7124710	0,4855135	0,0214764	0,0294515	0,7969502	0,0705053	0,7009558	0,0180388	0,0357621	0,0802022	0,0119466	0,0962191	0,6619685	0,0029199	0,5887237

0	0,6655535	0,6974809	0,3834039	0,0651517	0,0147414	0,8716346	0,0451779	0,7030790	0,0857042	0,0508946	0,0394745	0,0027600	0,1490674	0,7618089	0,0037084	0,8068600
20	0,5637603	0,7610434	0,4583898	0,0344217	0,2662688	0,5399565	0,0682470	0,6918090	0,2984287	0,0265661	0,0808466	0,0519005	0,1454556	0,6885841	0,0027874	0,7592117
40	0,5350935	0,6239931	0,5003415	0,0357638	0,2656943	0,5232463	0,0497308	0,7284598	0,4592981	0,0521549	0,0277560	0,1264371	0,2526674	0,7007926	0,0072957	0,8030199
60	0,6266196	0,6829923	0,4659069	0,0376738	0,2643709	0,4672644	0,0655658	0,7553262	0,4401702	0,0655613	0,0315902	0,1242226	0,3644745	0,6498573	0,0109096	0,6509925
80	0,5697765	0,6267087	0,5311717	0,1220739	0,3495421	0,3485665	0,0648741	0,5956996	0,6023528	0,1075076	0,0574790	0,2198046	0,3586130	0,6572381	0,0343882	0,6368314
100	0,6729245	0,5765712	0,4982010	0,2374490	0,4416903	0,3396004	0,0592130	0,6288448	0,6025959	0,0984417	0,0685992	0,2241546	0,4115120	0,4925380	0,0643900	0,6390924
120	0,5795086	0,6024407	0,5055233	0,3673646	0,5221998	0,2682162	0,0601890	0,5335480	0,5979454	0,1872221	0,0999031	0,2924207	0,5093233	0,3411295	0,1313548	0,7272071
140	0,6614893	0,6726065	0,4652027	0,5515572	0,5141705	0,2955242	0,0801317	0,5582652	0,7429326	0,1899657	0,1050747	0,2603935	0,4651088	0,3529697	0,0935098	0,6487684
160	0,6081827	0,6918504	0,5216104	0,5647210	0,5500243	0,2463433	0,0921318	0,5454407	0,5978941	0,2845398	0,1721819	0,3176537	0,6234812	0,2027594	0,1950692	0,5670884
180	0,5457014	0,6299015	0,3987807	0,5554688	0,5575227	0,1694874	0,1302622	0,5805280	0,6387603	0,2774401	0,1791357	0,3540723	0,5124647	0,1308518	0,1497533	0,5527898
200	0,5490407	0,7552435	0,4244882	0,5703878	0,5346532	0,2015275	0,1031958	0,5609992	0,6696886	0,3196962	0,3125251	0,3465757	0,5065252	0,1089465	0,2079268	0,5287765
220	0,5456443	0,6891448	0,3601130	0,6060075	0,4843881	0,2746142	0,2055129	0,4313857	0,5947415	0,3835556	0,3249801	0,4732176	0,5309047	0,0750337	0,2205958	0,5970118
240	0,4908129	0,7442830	0,5384555	0,7593214	0,6935638	0,2613992	0,2168956	0,4941285	0,6438321	0,4615120	0,3626644	0,5107171	0,6800003	0,1185751	0,3659747	0,5393638
260	0,5548674	0,5464584	0,4850671	0,7147470	0,6590050	0,1988893	0,3027959	0,3833576	0,5990038	0,3559641	0,3406546	0,4294768	0,6049733	0,0782332	0,3254632	0,5119937
280	0,5957096	0,6338656	0,5382123	0,7825459	0,6286518	0,1814678	0,3695010	0,5450342	0,6781238	0,3637914	0,4235087	0,4017640	0,6423058	0,0588081	0,2886633	0,5684258
300	0,5471356	0,7799878	0,4797461	0,7338628	0,7450454	0,1998878	0,3613528	0,6090612	0,7353637	0,3182245	0,3531808	0,3994815	0,5719349	0,0621162	0,3521880	0,4449492
320	0,5607456	0,6769964	0,3814833	0,9410742	0,6268106	0,1174042	0,3535555	0,4466267	0,7451226	0,3981139	0,4153955	0,4623334	0,6901170	0,0523555	0,4628265	0,3882772
340	0,5623071	0,5956873	0,3744137	0,6605397	0,5913259	0,1644134	0,4369876	0,5259222	0,6071771	0,3012733	0,5145936	0,4185613	0,6643039	0,0439283	0,3569192	0,3887180
360	0,6280661	0,7307334	0,4654909	0,5346016	0,7569323	0,1714166	0,3997710	0,4716409	0,7961035	0,3760966	0,5066390	0,4258456	0,7492555	0,0462437	0,4364688	0,3844916
380	0,6204317	0,7675079	0,5987706	0,6354537	0,6276289	0,1443943	0,4553540	0,5190478	0,7116738	0,3763279	0,5584615	0,3452234	0,6450414	0,0268768	0,4947791	0,3467343
400	0,7352013	0,7137318	0,5525901	0,7266887	0,6591020	0,1296189	0,4058460	0,3689539	1,0000000	0,3980667	0,4917386	0,4032013	0,6348066	0,0385426	0,4326994	0,3528902
420	0,5618385	0,5498679	0,4931193	0,6906426	0,6391546	0,1156385	0,4364815	0,4390714	0,6129400	0,3364575	0,5719089	0,4218652	0,5427784	0,0200675	0,4573660	0,3296676
440	0,6925257	0,7505713	0,4715492	0,7651183	0,6111076	0,1087460	0,4368582	0,4230223	0,6910696	0,3675408	0,5899983	0,5154369	0,7140496	0,0291473	0,5544345	0,3926861
460	0,5958591	0,6189794	0,4999111	0,7215756	0,6117149	0,1701177	0,5617599	0,6027999	0,6567301	0,4033748	0,5427082	0,3456300	0,6379715	0,0199135	0,6007606	0,3944542
480	0,5665437	0,6445622	0,6106225	0,7213548	0,6554073	0,1457011	0,4208819	0,5350398	0,7943667	0,3431761	0,5694173	0,4903956	0,4966611	0,0224880	0,5041595	0,3040965
500	0,6024729	0,6232809	0,5008110	0,7185619	0,6442763	0,1603795	0,4364872	0,5353051	0,6939327	0,4393876	0,5956007	0,4124792	0,6593018	0,0317073	0,4640966	0,3121541
520	0,4830509	0,6815880	0,4180275	0,5675991	0,7080969	0,1169467	0,6319791	0,4164821	0,7196976	0,4226627	0,4986496	0,4136442	0,7489775	0,0568487	0,5118275	0,3528672
540	0,5599858	0,5832455	0,4279040	0,7481058	0,5545980	0,1304872	0,6412806	0,4225968	0,7590289	0,4468054	0,5783391	0,4463867	0,5355215	0,0402725	0,4531480	0,3376370
560	0,4641634	0,6102643	0,5355567	0,7351042	0,6353896	0,1139062	0,4305313	0,4111743	0,6512844	0,4178900	0,4422604	0,5115656	0,6047856	0,0393724	0,4354509	0,3589598
580	0,6237550	0,5898003	0,4931145	0,7811273	0,7041309	0,2421232	0,4806675	0,4180943	0,6300959	0,4577067	0,6140920	0,3603100	0,6101116	0,0226954	0,5019213	0,2912720
600	0,4609030	0,5824522	0,4686705	0,7812351	0,5644168	0,2250808	0,5079748	0,3582830	0,5900931	0,3473557	0,5100405	0,3640958	0,5444145	0,0524582	0,4977125	0,2817139
620	0,5978088	0,6602939	0,4615082	0,7696168	0,8480694	0,2480925	0,6224320	0,4350359	0,5791957	0,5037015	0,5281490	0,3488846	0,6182453	0,0247990	0,4660980	0,3418195
640	0,6763990	0,6065707	0,4506092	0,6561274	0,6469639	0,3479288	0,5663036	0,5946874	0,7300630	0,5069662	0,5980888	0,3565170	0,5730398	0,0113110	0,5224617	0,4215902
660	0,5964186	0,7089405	0,4523527	0,6796577	0,6259694	0,3423071	0,6984270	0,3924221	0,5561930	0,4083214	0,5212813	0,4412019	0,5353409	0,0267069	0,4850464	0,3833123
680	0,6570103	0,8015909	0,3998601	0,6408776	0,6113968	0,3635979	0,6725712	0,4552586	0,6669756	0,4275998	0,5952665	0,4151591	0,5634351	0,0278241	0,4766789	0,3652677
700	0,5676590	0,7304798	0,4980471	0,9024621	0,7081879	0,2647532	0,4688877	0,4997569	0,6261189	0,4793749	0,5478265	0,3594035	0,5114293	0,0365252	0,5994265	0,2537230
720	0,7224713	0,5887988	0,5100818	0,8585985	0,6520218	0,2981960	0,5248033	0,4203575	0,5558614	0,4887482	0,4730823	0,3063566	0,5814409	0,0368481	0,6030907	0,3678488
740	0,6798125	0,5854761	0,4398941	0,8665238	0,5931785	0,4418430	0,5147953	0,3386483	0,6290352	0,4462130	0,5270556	0,3276931	0,6581121	0,0068545	0,5153509	0,4168746
760	0,5947975	0,6824671	0,4086235	0,6935545	0,7130312	0,3965252	0,4990424	0,4356500	0,6062871	0,4835230	0,5670681	0,4391802	0,4792004	0,0188331	0,5170095	0,4270255
780	0,5762788	0,6690246	0,3766206	0,8396468	0,6344718	0,3666734	0,5242642	0,3812847	0,5875527	0,3891707	0,4607575	0,3349856	0,6048949	0,0157067	0,5064353	0,3904408
800	0,6884340	0,5786589	0,5177214	0,8632639	0,6435721	0,3736319	0,5247932	0,3250913	0,7390987	0,4297812	0,5004017	0,3987541	0,9252739	0,0171719	0,4438680	0,3396215
820	0,6209492	0,5289135	0,4969835	0,6785488	0,6509537	0,4245504	0,6098949	0,4090098	0,5465549	0,5202961	0,6488795	0,4116356	0,5633354	0,0417385	0,4760874	0,3362431
840	0,6619767	0,6781873	0,4918274	0,7692060	0,6307486	0,3081247	0,6033408	0,4656371	0,6212624	0,4738557	0,6162056	0,4207494	0,5787545	0,0151338	0,5092054	0,2763603
860	0,5572565	0,6363433	0,5577032	0,6902764	0,6390309	0,3917685	0,5304576	0,4524674	0,7349310	0,4419570	0,5753539	0,3867678	0,6371037	0,0090860	0,4082949	0,2697115
880	0,5482981	0,5928981	0,4624303	0,7109167	0,5948397	0,4379314	0,6775614	0,4130200	0,5603846	0,4052660	0,5010273	0,3676213	0,7017542	0,0069452	0,5056733	0,2942857
900	0,6504014	0,6324321	0,4850284	0,6656292	0,6973214	0,3758660	0,6117543	0,4843776	0,5080166	0,4937318	0,5855690	0,3857664	0,6567805	0,0197912	0,5015328	0,3951233
920	0,7824279	0,6454984	0,4225384	0,8398924	0,6376046	0,3919785	0,7503496	0,3309983	0,6111936	0,4773084	0,4543479	0,2815292	0,5129302	0,0211104	0,5149291	0,3387960
940	0,6653164	0,5703812	0,4547373	0,7591054	0,5980191	0,3424930	0,5174624	0,4390172	0,6207253	0,4500752	0,4902267	0,3861690	0,6263235	0,0198340	0,5337691	0,3754565
960	0,6616890	0,5930628	0,3980671	0,8677281	0,4614698	0,4074972	0,5422710	0,4125359	0,6236426	0,4312682	0,4574112	0,3584444	0,4596021	0,0167192	0,5004316	0,4016776
980	0,6151983	0,5671618	0,5699202	0,7238805	0,5492108	0,4289232	0,5409458	0,4489549	0,6494356	0,3439689	0,4008803	0,4344322	0,5396877	0,0219611	0,4718012	0,3614514
1000	0,6430121	0,5905617	0,4919321	0,6032323	0,5771862	0,4078884	0,5596617	0,4506177	0,5452031	0,3971167	0,3436239	0,3637728	0,5526592	0,0088724	0,4226335	0,3472700
1020	0,4366396	0,5169944	0,4311234	0,7768490	0,6190713	0,5382901	0,4908803	0,4815521	0,5479921	0,4382991	0,4754938	0,3313754	0,6074897	0,0133568	0,5112301	0,4481517
1040	0,5729207	0,5016979	0,4602142	0,8095782	0,6937349	0,4355905	0,5850963	0,4820203	0,5676175	0,4295149	0,4449394	0,3563646	0,5438448	0,0211634	0,4836569	0,3080005
1060	0,7497714	0,5817566	0,5417112	0,7891206	0,6156957	0,3520781	0,5811726	0,3972155	0,5712889	0,4465734	0,4635026	0,3743940	0,6461122	0,0421872	0,5480107	0,3112948
1080	0,5612852	0,6429803	0,4999666	0,7508508	0,5722084	0,4042750	0,4683161	0,4104467	0,7557493	0,4033357	0,4956156	0,3709365	0,5665075	0,0388306	0,5161393	0,3170981
1100	0,6217390	0,5810897	0,4347649	0,9655652	0,5634760	0,4341434	0,5031840	0,3387715	0,6879200	0,4206444	0,4531762	0,3436425	0,5917484	0,0394620	0,4343265	0,3717396

0	0,5354301	0,6258784	0,4958763	0,0562166	0,0184747	0,7218602	0,0927643	0,7173834	0,0917437	0,0373400	0,0705960	0,0169980	0,1125165	0,7986326	0,0006005	0,8696812
20	0,5252922	0,5181779	0,5279438	0,0562667	0,1349342	0,4954491	0,0389390	0,6324294	0,0818528	0,0218866	0,0474290	0,0246386	0,0774065	0,7458012	0,0579974	0,7565009
40	0,5515002	0,4948195	0,4858103	0,0395120	0,2755358	0,4835549	0,0424203	0,6267618	0,0964057	0,0140352	0,0372463	0,0311791	0,0978577	0,6990284	0,0538693	0,6492180
60	0,6712151	0,3386607	0,4504684	0,0640220	0,3765581	0,3476031	0,0442200	0,6429195	0,0865884	0,0648518	0,0577893	0,0659538	0,1847418	0,7182729	0,1671563	0,7176801
80	0,5765342	0,3649568	0,3772208	0,1497842	0,4957704	0,2976224	0,0408265	0,6277192	0,1427933	0,1028254	0,0735910	0,0944490	0,2993657	0,6025957	0,1378872	0,8581952
100	0,6773708	0,3320813	0,4568196	0,2824803	0,4641267	0,1877976	0,0594074	0,5551261	0,2366308	0,1625486	0,1177574	0,1391701	0,3467640	0,4208102	0,2059616	0,7099305
120	0,5772034	0,2781563	0,5377579	0,3635971	0,4254622	0,1786162	0,0917689	0,6222955	0,2706457	0,1648185	0,1549099	0,2069515	0,3203922	0,3438090	0,2233684	0,7804236
140	0,5894537	0,2170939	0,4201518	0,5355876	0,5658341	0,1244078	0,1817063	0,5477046	0,2561404	0,2120787	0,1487551	0,1386161	0,4694079	0,1610553	0,2666179	0,5622546
160	0,6080044	0,2233018	0,4258710	0,5057397	0,6373139	0,2287025	0,1626361	0,6290926	0,4998029	0,2255795	0,2464862	0,2412316	0,4293142	0,1020201	0,2579640	0,5004176
180	0,7839496	0,2254859	0,5153897	0,5594677	0,7545912	0,1164001	0,2522777	0,5644041	0,5318961	0,2498994	0,2882482	0,2285874	0,4332816	0,1199995	0,3464021	0,5988286
200	0,7075591	0,2134407	0,3822555	0,7352896	0,7767180	0,1158617	0,3329385	0,4752370	0,4748617	0,3721168	0,4090228	0,2808225	0,4926094	0,0978676	0,3646093	0,4983552
220	0,7160983	0,2383845	0,4922984	0,5006859	0,6849755	0,1224015	0,4581833	0,5667438	0,6053160	0,3824234	0,3599116	0,2963628	0,4836497	0,0911822	0,3964567	0,3808815
240	0,6012292	0,1611520	0,3873789	0,6418819	0,7003531	0,1570180	0,3561538	0,3805779	0,7437507	0,4369488	0,4304294	0,3174857	0,3975983	0,0490399	0,4101902	0,3220598
260	0,6872855	0,1687985	0,5074299	0,6100661	0,8206043	0,1306033	0,5489594	0,4570615	0,6812837	0,4740357	0,4755120	0,3795773	0,5293993	0,0561280	0,4529223	0,3552367
280	0,7634651	0,1178295	0,4281628	0,6426315	0,6360354	0,1024888	0,4372409	0,3935162	0,6648276	0,4495650	0,5243972	0,3450068	0,5045881	0,0390660	0,5168723	0,3794981
300	0,6611212	0,1581615	0,5791353	0,7423511	0,7238140	0,1415792	0,5108132	0,3952749	0,7337500	0,5013524	0,6648165	0,3521683	0,5443301	0,0577873	0,4627002	0,2803913
320	0,7253511	0,2807901	0,4205772	0,7928502	0,7936595	0,1764124	0,4755177	0,3968465	0,7471378	0,6128907	0,5813310	0,3789091	0,7536129	0,0406749	0,4977998	0,2716703
340	0,8866351	0,2357195	0,4486844	0,7226812	0,8165913	0,1306902	0,6085514	0,3427937	0,8209167	0,4562127	0,5950349	0,3873154	0,6143417	0,0255493	0,5513519	0,3341636
360	0,7370536	0,2326745	0,5056988	0,6524368	0,6956570	0,1183431	0,5974017	0,3423507	0,6808372	0,4513611	0,4485506	0,3605126	0,4961724	0,0146063	0,5423871	0,3413733
380	0,7187786	0,2408288	0,5272788	0,7283486	0,7796617	0,0799955	0,7786769	0,4601878	0,6908253	0,3933375	0,5573285	0,5825376	0,5649484	0,0248450	0,5651532	0,3271139
400	0,7162182	0,2613235	0,4425774	0,8024295	0,6609276	0,1006305	0,6257392	0,4931856	0,6895099	0,4198785	0,5454774	0,3991122	0,6805212	0,0276362	0,5354743	0,3017444
420	0,7177312	0,2118365	0,3888062	0,8100495	0,8302658	0,0906043	0,6504991	0,4035725	0,5086736	0,4555020	0,4385371	0,4730208	0,5873518	0,0421506	0,5127436	0,3470426
440	0,6870454	0,1989934	0,4141206	0,8064199	0,6709286	0,1341257	0,6051493	0,3514680	0,5285376	0,4144239	0,6185602	0,4549574	0,6374625	0,0506463	0,6014063	0,2904145
460	0,6711534	0,2457678	0,4834714	0,8027774	0,7444713	0,1670595	0,6157705	0,4892971	0,6382983	0,4587568	0,5922269	0,4530142	0,6294988	0,0341840	0,5537939	0,2968449
480	0,7422196	0,2216029	0,4878728	0,8071660	0,7276202	0,1022587	0,5045892	0,3346045	0,6976860	0,4314318	0,6742292	0,4567298	0,5806862	0,0319324	0,6476432	0,3092645
500	0,8546504	0,2564318	0,4428773	0,6816557	0,7445428	0,0712458	0,6361038	0,4491755	0,6497001	0,5453609	0,5625289	0,4367510	0,5825421	0,0440357	0,4732968	0,4867538
520	0,6923769	0,2836720	0,5747781	0,8762975	0,7392386	0,0930587	0,4174969	0,4215973	0,6030249	0,3855555	0,6675308	0,4729407	0,5043116	0,0298510	0,4247273	0,2492103
540	0,6276244	0,2072346	0,3783761	0,7669107	0,7979680	0,0526947	0,7360345	0,5060659	0,6632025	0,3830772	0,5739334	0,4262664	0,6108383	0,0149475	0,5653889	0,3290296
560	0,6668658	0,1913034	0,4192960	0,6221739	0,5927639	0,1006225	0,7116471	0,5285595	0,6412883	0,4222766	0,5641724	0,4600609	0,5522503	0,0103553	0,6355741	0,3310473
580	0,8223480	0,3237465	0,4293309	0,8215283	0,6710696	0,1739982	0,7201649	0,3806947	0,7474152	0,5255507	0,5643128	0,4914941	0,5220668	0,0083786	0,4957564	0,2740431
600	0,8670507	0,5023862	0,3820185	0,6940798	0,6662226	0,2309086	0,6062821	0,3814435	0,6067187	0,5023083	0,6393748	0,3821986	0,6320935	0,0073300	0,5983037	0,2908113
620	0,7229261	0,7292922	0,4782611	0,9137249	0,6185795	0,2651161	0,5259580	0,3854867	0,6084686	0,4038744	0,5374765	0,3763175	0,6684259	0,0251590	0,5829473	0,2828975
640	0,5933061	0,6638151	0,5147553	0,6141958	0,6596612	0,3224114	0,5951781	0,3636369	0,5474182	0,3472063	0,3961922	0,4899858	0,6145804	0,0238150	0,4371523	0,3303991
660	0,5585072	0,5959248	0,5658337	0,6462193	0,4951755	0,4600184	0,6136300	0,4246609	0,6252220	0,4090773	0,4394140	0,3526554	0,5502246	0,0205604	0,4161945	0,2888849
680	0,6435734	0,6351096	0,4774972	0,6435647	0,7256722	0,3401126	0,5090302	0,5312460	0,5890600	0,4362369	0,4452668	0,4289483	0,5927819	0,0388646	0,4365606	0,3702970
700	0,5728452	0,6699219	0,4936965	0,7295035	0,5673359	0,3811834	0,4732532	0,5144593	0,5594229	0,4497968	0,4003241	0,4360195	0,6233546	0,0696973	0,4586052	0,3305894
720	0,5379875	0,5415432	0,4463455	0,6999008	0,7192421	0,3374941	0,5588835	0,4107710	0,7189354	0,4640652	0,5204077	0,4162037	0,6270768	0,0408434	0,5391340	0,4265100
740	0,5043393	0,6906794	0,5371117	0,7686222	0,7134397	0,3504376	0,6100491	0,5481483	0,5676904	0,4356569	0,4968249	0,3660553	0,5371465	0,0470919	0,4864935	0,3385960
760	0,5150675	0,8024958	0,5208566	0,6547767	0,6182503	0,3865209	0,6124793	0,3391555	0,5676521	0,3630330	0,5252807	0,3873896	0,5934647	0,0129589	0,5249427	0,3328521
780	0,5489863	0,5891614	0,5585482	0,8042276	0,6971929	0,4073824	0,5855738	0,4276468	0,6750936	0,3603929	0,5253747	0,3419971	0,5190072	0,0218500	0,5599113	0,2724925
800	0,4425207	0,7259254	0,4455958	0,7096405	0,7386408	0,3278243	0,6163298	0,4817629	0,6981235	0,4942348	0,5842375	0,3509446	0,5144309	0,0269647	0,5293685	0,3227782
820	0,7043012	0,5689892	0,5163419	0,6894748	0,6111506	0,3693650	0,4811376	0,3622165	0,6866774	0,6476560	0,5543330	0,3811148	0,6100602	0,0189012	0,6823788	0,3673740
840	0,6936395	0,6439850	0,5373655	0,6880723	0,7466680	0,4428532	0,5270216	0,4213076	0,6150337	0,4160723	0,5580781	0,3829603	0,5305668	0,0231319	0,5454167	0,4154870
860	0,5768577	0,6376147	0,4460401	0,7023153	0,6964035	0,3082136	0,6307992	0,4917345	0,5601117	0,3050625	0,5936710	0,3894609	0,5143766	0,0172275	0,4275885	0,3669932
880	0,7075530	0,6489004	0,4711645	0,6096693	0,6993232	0,3851942	0,5545046	0,3690635	0,6075523	0,4129756	0,5189869	0,4741233	0,6388525	0,0129319	0,5362527	0,3283055
900	0,5764634	0,6893443	0,4357222	0,7713269	0,6254382	0,3514917	0,6149417	0,4726533	0,6189849	0,4228173	0,5720022	0,5497358	0,6733923	0,0246492	0,4210147	0,2807988
920	0,7060281	0,6057249	0,4997427	0,7352444	0,5735391	0,3738797	0,4799525	0,4867275	0,5428046	0,3726907	0,5414352	0,5308457	0,6641346	0,0166254	0,4830142	0,2787775
940	0,5980675	0,4957503	0,4510949	0,7435770	0,6216663	0,2784235	0,4726265	0,4256990	0,7313902	0,4811456	0,5191422	0,3892267	0,7041089	0,0468546	0,4638953	0,2708059
960	0,5300669	0,6686420	0,4183245	0,7228900	0,6914480	0,2855805	0,6195594	0,4205023	0,6087282	0,3817326	0,6582995	0,3892672	0,5340256	0,0451283	0,3525383	0,2480782
980	0,6724977	0,5976171	0,4282680	0,6773796	0,7535480	0,3430698	0,5625044	0,4972148	0,5869505	0,4221893	0,6143697	0,5290843	0,5303897	0,0416457	0,4719506	0,3238256
1000	0,6856393	0,7501468	0,5087188	0,8070534	0,6936144	0,3104145	0,6510814	0,3724701	0,5689436	0,4462815	0,5849891	0,5304372	0,5294611	0,0247239	0,4383967	0,3054740
1020	0,6005030	0,7086524	0,5407641	0,6476503	0,6886293	0,3533374	0,6359344	0,3534295	0,6739230	0,3954132	0,5278298	0,3872508	0,5150347	0,0144440	0,4953463	0,2658396
1040	0,6082977	0,6452373	0,4797807	0,7029865	0,6497146	0,4272279	0,6560300	0,4311801	0,5485859	0,4140901	0,5456933	0,3420283	0,5642646	0,0375745	0,4209425	0,3269803
1060	0,5766383	0,7256769	0,5065771	0,6528813	0,6478548	0,3630209	0,7124102	0,5136374	0,6284338	0,3441968	0,4757881	0,3769517	0,5339036	0,0231069	0,4180265	0,3486707
1080	0,5893113	0,7433875	0,4781311	0,8203634	0,6007339	0,3463112	0,5969564	0,4580787	0,7252641	0,4058029	0,5454690	0,3994387	0,5087128	0,0206497	0,3969352	0,3881216
1100	0,5399862	0,5908147	0,5356882	0,7757198	0,7392528	0,4141697	0,5234341	0,4124054	0,6584694	0,5402088	0,5764748	0,3685406	0,5344637	0,0239102	0,4108209	0,3830129

0	0,5962282	0,6088422	0,4112971	0,0535362	0,0295922	0,8050814	0,1033494	0,6348028	0,0529649	0,0421341	0,0556871	0,0087825	0,1035566	0,8031647	0,0002609	0,8173215
20	0,5864343	0,5855693	0,3543539	0,0245550	0,0680529	0,8271377	0,0359430	0,7360829	0,0535047	0,2144782	0,0744436	0,3437879	0,2591087	0,7213718	0,1387917	0,7069136
40	0,5256655	0,5490866	0,5999187	0,0284586	0,1108945	0,8005166	0,0508541	0,5817482	0,0647607	0,3277960	0,0303726	0,4046734	0,2899692	0,7787507	0,2021317	0,5885115
60	0,5333156	0,5338645	0,4630512	0,0391175	0,0853184	0,6300628	0,0447043	0,6243616	0,0429591	0,3757571	0,0384437	0,6179012	0,4299509	0,8066001	0,2915818	0,6137105
80	0,6279277	0,6215822	0,4742849	0,0268434	0,1335203	0,5883789	0,0356858	0,6705866	0,0529424	0,3870401	0,0481407	0,4474210	0,5134279	0,7223416	0,2773320	0,8195470
100	0,6495853	0,6379064	0,4666202	0,0683172	0,1099969	0,6835598	0,0888817	0,6156308	0,0806630	0,4050741	0,0690784	0,5264838	0,4609881	0,6584320	0,2984616	0,7075965
120	0,6173907	0,5661774	0,4362461	0,0515814	0,1221202	0,6290307	0,0208060	0,6381241	0,1253495	0,5014736	0,0407127	0,5393627	0,4938400	0,6659758	0,3021327	0,7594940
140	0,6119259	0,6617541	0,5171562	0,0329379	0,1600802	0,5136901	0,0408221	0,6420836	0,0955211	0,4556867	0,0629885	0,5278533	0,6333344	0,6582549	0,3964887	0,7785613
160	0,6070417	0,5909815	0,3806753	0,0678494	0,1108763	0,6307441	0,0159283	0,5768315	0,1032666	0,4285079	0,0506679	0,5279478	0,6508663	0,5900117	0,4428048	0,6438449
180	0,6109283	0,6794844	0,4157766	0,0924622	0,1436178	0,6137101	0,0681566	0,6058955	0,0614751	0,4982799	0,0829663	0,5229096	0,6450972	0,5809133	0,4438908	0,6537097
200	0,5575252	0,5349289	0,4639869	0,1333928	0,1828282	0,5327247	0,0450393	0,7016329	0,0771229	0,4380502	0,0786255	0,5657092	0,6017772	0,5737954	0,5071802	0,7335322
220	0,5073585	0,7310191	0,5735792	0,1241359	0,2277173	0,5374031	0,0320933	0,5955292	0,0581768	0,4599999	0,1159205	0,5569140	0,4957798	0,4794976	0,4582708	0,7832558
240	0,6972042	0,6814810	0,4480139	0,1922731	0,2606883	0,6787445	0,0184904	0,5962654	0,1034479	0,4588078	0,1204809	0,6755639	0,5714710	0,3800965	0,4198062	0,7096342
260	0,4550499	0,6271978	0,4677643	0,2464703	0,3142628	0,6483283	0,0402966	0,4950449	0,1183518	0,4144704	0,1263457	0,4967501	0,5877776	0,3366858	0,3792848	0,7023644
280	0,7127988	0,6400063	0,5047360	0,2603884	0,2989862	0,5803141	0,0142620	0,5164095	0,1226072	0,4429625	0,1075181	0,5785332	0,7022504	0,3085053	0,4646813	0,6399634
300	0,4936733	0,6909813	0,5651279	0,2385809	0,2798030	0,7059958	0,0247921	0,5935060	0,1555835	0,5153209	0,0889886	0,4387652	0,6308327	0,3217010	0,4301707	0,6928019
320	0,5499588	0,6492806	0,4167884	0,2606269	0,3563522	0,5441762	0,0277054	0,5423429	0,0759636	0,4311453	0,1451373	0,4854681	0,7250088	0,3500328	0,4728177	0,7020043
340	0,5457051	0,6557427	0,4848813	0,3005897	0,3861236	0,5598238	0,0313064	0,6776996	0,0938699	0,4287832	0,0821828	0,5670923	0,6380801	0,3417192	0,4759880	0,6998251
360	0,5285403	0,5819742	0,5132936	0,3019163	0,3642083	0,5810735	0,0467197	0,5184933	0,1410926	0,4861731	0,1118743	0,6377427	0,6843366	0,4090226	0,4758279	0,7173206
380	0,5927820	0,6465602	0,4242484	0,4032440	0,3234421	0,5519902	0,0449366	0,6127316	0,1932283	0,4427943	0,1152331	0,5089549	0,5167511	0,2068303	0,5129520	0,7116452
400	0,6081109	0,5966703	0,4822829	0,3573802	0,3633853	0,4565236	0,0348405	0,6461750	0,1653644	0,4315695	0,0880750	0,6155821	0,6664817	0,2144371	0,4589524	0,7603226
420	0,5701908	0,6593529	0,5279331	0,4533437	0,3889740	0,4716995	0,0361675	0,6914455	0,2516167	0,4220230	0,1534661	0,5414956	0,6528241	0,2061353	0,4694719	0,7692196
440	0,7075208	0,6371292	0,4378039	0,4780567	0,3519433	0,4566878	0,0483397	0,5633184	0,1852730	0,4907829	0,1744102	0,5689511	0,5572159	0,1547527	0,5719268	0,6602262
460	0,6156873	0,6208909	0,4702727	0,5451914	0,3300768	0,6589701	0,0529938	0,5025507	0,2905594	0,4775729	0,1603150	0,5857732	0,7411498	0,1397843	0,7071854	0,7614593
480	0,7016659	0,6982960	0,4772116	0,6099844	0,4558825	0,5172526	0,0802602	0,5369020	0,3327289	0,5609180	0,1659106	0,6603851	0,5932127	0,1292755	0,5839479	0,6762285
500	0,6417363	0,6492938	0,4472980	0,6141497	0,4790205	0,4529916	0,0934152	0,4663884	0,3318481	0,5600158	0,2192715	0,5460935	0,7147889	0,0814986	0,5700733	0,7498017
520	0,6506848	0,6549233	0,5571055	0,6280985	0,4735639	0,5014113	0,0638533	0,4925437	0,3257661	0,5140570	0,2331004	0,4740440	0,5711815	0,1243781	0,5573274	0,6072185
540	0,5941918	0,6623749	0,4422365	0,6621118	0,3932566	0,3773320	0,0839398	0,5631318	0,3396088	0,4628447	0,3098063	0,4572078	0,6773209	0,0642074	0,5233084	0,6633553
560	0,5570955	0,5898696	0,4133160	0,7243671	0,5109811	0,3615241	0,1840934	0,4934889	0,2660633	0,3935774	0,2678211	0,5173697	0,5461138	0,0787379	0,5961255	0,6051130
580	0,7234307	0,5543163	0,4208869	0,5959145	0,4865812	0,5676143	0,2087100	0,5671964	0,4675834	0,3674473	0,2777976	0,3086001	0,6282071	0,0531334	0,3955047	0,5640901
600	0,5793594	0,6730489	0,4375722	0,6438813	0,5270249	0,5900022	0,1644282	0,4940181	0,4483077	0,3491701	0,4361346	0,3860543	0,4489720	0,0526218	0,3784724	0,6337791
620	0,6275133	0,6022165	0,5121448	0,6153907	0,6114053	0,5079399	0,2227016	0,4446839	0,3417329	0,3062703	0,3261850	0,3390473	0,4886715	0,0507900	0,3921433	0,5740933
640	0,5805538	0,6592273	0,4166185	0,6338116	0,5109614	0,5139692	0,2613996	0,5623143	0,3768055	0,3531874	0,2983854	0,2929231	0,5578022	0,0483169	0,3454515	0,4666553
660	0,6722458	0,7530676	0,5041796	0,6075864	0,5236819	0,4909647	0,2990454	0,4427728	0,4163717	0,2640686	0,3774307	0,3743890	0,5522736	0,0467439	0,3817377	0,4586509
680	0,5253502	0,6108359	0,4645430	0,7117094	0,5990661	0,3302434	0,2877920	0,5570028	0,5125570	0,3385556	0,4080245	0,2761698	0,5157435	0,0574582	0,3485735	0,3724544
700	0,5443330	0,6681122	0,4487860	0,7040867	0,6981518	0,4233864	0,3747725	0,4933091	0,5217646	0,3616521	0,3608970	0,3174944	0,6467631	0,0566082	0,3744767	0,4493450
720	0,5287335	0,6559092	0,5237773	0,8520047	0,5830635	0,4740959	0,3500776	0,4569337	0,5613243	0,3426868	0,3476820	0,3948942	0,5969696	0,0543133	0,3631753	0,3904368
740	0,5060719	0,6209232	0,4135528	0,7981412	0,6884498	0,4589614	0,3714925	0,4222536	0,6160276	0,4010118	0,4001077	0,4007022	0,6313513	0,0772099	0,4826945	0,4392346
760	0,5768211	0,5915258	0,3892122	0,6844457	0,5923090	0,4406783	0,3792812	0,3860527	0,5202103	0,4013858	0,4672899	0,3002516	0,5616807	0,0461654	0,4265729	0,3922837
780	0,4381279	0,5154568	0,4840606	0,6611695	0,6963545	0,4016970	0,3889511	0,3686021	0,6850299	0,4143822	0,4990357	0,2797350	0,5664272	0,0226758	0,4060201	0,4544563
800	0,4865464	0,5952773	0,5021392	0,7558982	0,6277067	0,4764093	0,4422751	0,4130188	0,5655915	0,4067164	0,4913564	0,3362097	0,5821517	0,0253599	0,4106608	0,4011482
820	0,5348097	0,7054351	0,6563576	0,7208476	0,7329387	0,4763554	0,5380154	0,4396791	0,6125902	0,4326476	0,5118359	0,3099062	0,5566893	0,0412947	0,4051803	0,4037536
840	0,4901386	0,6594199	0,5297581	0,7150450	0,5633137	0,4797978	0,4800398	0,4841683	0,5338871	0,4149568	0,5083056	0,3404135	0,5382702	0,0341305	0,3870673	0,2957165
860	0,5652318	0,6570796	0,4773449	0,7831109	0,5653282	0,3639453	0,5065812	0,4428275	0,6008534	0,4279044	0,4284458	0,4001042	0,6033225	0,0173690	0,3843193	0,3640244
880	0,6796221	0,7151993	0,4702261	0,7359119	0,6760691	0,3460737	0,5615935	0,4034446	0,4948186	0,4570817	0,5644083	0,3446455	0,6729030	0,0310125	0,3870398	0,3281343
900	0,5921660	0,6111687	0,5303783	0,6273092	0,6687337	0,3800466	0,4716225	0,3418869	0,6050217	0,3683601	0,5465241	0,3023342	0,5495427	0,0516741	0,4667362	0,3499939
920	0,4478296	0,6384997	0,5234060	0,7896145	0,6104173	0,4254572	0,5498601	0,3253309	0,5776115	0,4263561	0,6168825	0,3927253	0,6224109	0,0099319	0,4904105	0,3800595
940	0,4570188	0,5992535	0,4100819	0,9126729	0,6849969	0,3780308	0,5510586	0,3338588	0,6526787	0,3394247	0,5118310	0,3941121	0,5040731	0,0337455	0,5167203	0,4167573
960	0,5687829	0,6568146	0,5291683	0,7375722	0,7108987	0,4022600	0,6192607	0,3884542	0,6451036	0,4295841	0,4560936	0,3888159	0,5300661	0,0257937	0,6435784	0,3811475
980	0,5483279	0,5605812	0,4086152	0,8723600	0,6529741	0,4217792	0,5074993	0,4155562	0,6790964	0,5274542	0,5581976	0,3338560	0,5353688	0,0095672	0,4564883	0,3459343
1000	0,5423227	0,6009305	0,4443857	0,7898954	0,6451243	0,4565717	0,5091129	0,5407921	0,6171283	0,4314434	0,5790913	0,3751337	0,5921664	0,0342655	0,4960745	0,2974517
1020	0,5304984	0,7373985	0,5080752	0,7534897	0,6954154	0,4007726	0,5555357	0,3909275	0,7262209	0,5458128	0,4349416	0,3831677	0,5179592	0,0321522	0,4999385	0,3041812
1040	0,5562600	0,6519366	0,4695968	0,6782337	0,7010825	0,4081616	0,5649023	0,4606871	0,5668266	0,3746341	0,5558663	0,3631864	0,5222727	0,0474587	0,5498635	0,4124556
1060	0,5672990	0,7179060	0,4755333	0,7227077	0,6030320	0,4157184	0,5498965	0,3927230	0,6173676	0,4725160	0,5540304	0,3403334	0,5384348	0,0205962	0,5437913	0,3271547
1080	0,5928036	0,6630722	0,5386224	0,8477758	0,6022985	0,4001149	0,7181974	0,3616212	0,6069309	0,4774419	0,5697423	0,3605587	0,5796263	0,0459517	0,4440634	0,3587789
1100	0,5717229	0,6551377	0,5049365	0,8685790	0,6686900	0,3676382	0,5612738	0,4137592	0,5730459	0,4191472	0,6154138	0,4099741	0,5933333	0,0609911	0,4373318	0,3338174

0	0,6529858	0,6057704	0,5190549	0,0357200	0,0167677	0,7876295	0,0575154	0,7610306	0,0563648	0,0435989	0,0674829	0,0105312	0,1897339	0,8465145	0,0003282	0,6747519
20	0,4720843	0,7436073	0,4682728	0,0143261	0,1029101	0,6494660	0,0993603	0,6248012	0,2512198	0,3529203	0,1921415	0,0417813	0,0774613	0,5993567	0,1413214	0,6674633
40	0,5337001	0,7493222	0,5231808	0,0103268	0,2140415	0,7163417	0,1879662	0,5181355	0,2545260	0,5530763	0,3258880	0,0215115	0,1374609	0,4509089	0,1975940	0,6352545
60	0,5882370	0,6440518	0,4967832	0,0423726	0,2166495	0,7838348	0,2214772	0,4505842	0,3195897	0,4835637	0,3919588	0,0662228	0,1374979	0,4029900	0,2291877	0,6184818
80	0,5239267	0,5278587	0,5379497	0,0674823	0,2756568	0,6393625	0,1424435	0,4784272	0,3794106	0,5381743	0,3825540	0,0494116	0,2323167	0,2853324	0,3059892	0,6416874
100	0,6014046	0,6744950	0,4930141	0,1869571	0,3643927	0,6880663	0,1789897	0,5677613	0,3611399	0,5969362	0,4753409	0,0605846	0,1797854	0,2830685	0,2483129	0,5805448
120	0,7042649	0,7269085	0,4797241	0,2268757	0,2754385	0,5778212	0,2175143	0,3945238	0,3486471	0,6292981	0,4793423	0,0934450	0,2847121	0,2483046	0,2793261	0,3915903
140	0,5380725	0,6318723	0,3410537	0,2393829	0,4553545	0,6114560	0,1979848	0,4123119	0,3542199	0,5620960	0,3932281	0,0862004	0,3048259	0,1973548	0,3205708	0,4475592
160	0,6582260	0,5950505	0,3897861	0,2813212	0,3346474	0,6681343	0,2390059	0,4298439	0,3530104	0,6932170	0,4419158	0,1287025	0,4044066	0,1423894	0,3808195	0,4226656
180	0,4841008	0,6345360	0,4936509	0,3758005	0,4349884	0,7155097	0,2383129	0,4135447	0,4198437	0,6589166	0,5920770	0,1291258	0,4660374	0,0859563	0,4087964	0,5543643
200	0,5538500	0,6395625	0,5385312	0,4556493	0,4958417	0,7267399	0,2835971	0,3812906	0,4934182	0,6550891	0,4981733	0,2605265	0,4222130	0,1063146	0,4211766	0,5414041
220	0,5736611	0,5511215	0,4339937	0,6302009	0,5138145	0,6107859	0,2660456	0,4585393	0,4768662	0,6179006	0,4284690	0,2581614	0,5032722	0,0483676	0,4825550	0,3829372
240	0,6016713	0,5540829	0,5704224	0,6903072	0,4915326	0,5258080	0,2578656	0,3783331	0,5743606	0,6281140	0,5782431	0,2842940	0,5391742	0,0580848	0,3758977	0,3974026
260	0,4836576	0,6194582	0,5670851	0,7270070	0,5818279	0,5540442	0,2687563	0,3780073	0,5325946	0,5371480	0,6028044	0,2296617	0,5761407	0,0624222	0,4556664	0,3284415
280	0,5571272	0,6410922	0,5455139	0,6009223	0,5128653	0,6926748	0,4867093	0,2758847	0,5337415	0,7552605	0,6551722	0,2862034	0,6010834	0,0329055	0,5569377	0,3062645
300	0,5189619	0,6305289	0,5150140	0,6989630	0,7106723	0,5525085	0,5167160	0,3223679	0,6781190	0,6928834	0,5997722	0,2817571	0,4334019	0,0470952	0,5036005	0,2418546
320	0,5029845	0,7205481	0,4579249	0,7740336	0,6545128	0,4832078	0,4094014	0,2828231	0,5874213	0,6817102	0,5548691	0,3910004	0,3887454	0,0396560	0,4622551	0,2011510
340	0,5372619	0,7298181	0,5465544	0,8077147	0,8598136	0,4409733	0,4462084	0,3165253	0,5241646	0,7132030	0,5984730	0,2897736	0,5212381	0,0148224	0,5973187	0,2082397
360	0,7104668	0,7880791	0,5220571	0,7573758	0,5705437	0,4716374	0,5186623	0,3345376	0,6136679	0,6969957	0,6146305	0,3502659	0,4400333	0,0066996	0,5134498	0,2504766
380	0,5640093	0,6100837	0,4858070	0,7019217	0,5679719	0,4086076	0,4938984	0,3593495	0,7268871	0,5685946	0,6260732	0,3636833	0,4872360	0,0068238	0,6061052	0,1365535
400	0,5375045	0,7503684	0,6016823	0,7477771	0,5316305	0,4388616	0,5239293	0,2777619	0,6610427	0,6019348	0,7244735	0,3227096	0,5772055	0,0004645	0,5052583	0,1643887
420	0,5561551	0,6825833	0,4436075	0,7881273	0,5539901	0,4862486	0,4998361	0,2404179	0,8249636	0,7524174	0,5522902	0,3170349	0,5589106	0,0028909	0,6271162	0,1698855
440	0,5732240	0,5219993	0,5124697	0,8197401	0,6102569	0,4698769	0,5282545	0,2901028	0,5290759	0,7038844	0,5781786	0,3508857	0,5613057	0,0017700	0,5224521	0,1967289
460	0,5754921	0,5614901	0,6142493	0,6476277	0,5318674	0,4066621	0,5611697	0,3095629	0,6684373	0,6340931	0,6203350	0,3772209	0,5203667	0,0025484	0,5891141	0,1532324
480	0,4085706	0,6023429	0,3620716	0,7279840	0,6490718	0,4377455	0,4534461	0,2747271	0,6620590	0,6482696	0,6911523	0,4084237	0,6825818	0,0020544	0,5012344	0,1941086
500	0,6178354	0,7228493	0,4083687	0,7950222	0,6457853	0,4222286	0,5381962	0,2310448	0,7413445	0,5954349	0,8020386	0,3448111	0,5716569	0,0093560	0,5723985	0,2394771
520	0,5964929	0,5625717	0,2900417	0,7075362	0,7600091	0,4337876	0,5244695	0,2151226	0,6182703	0,7740019	0,8356738	0,4376263	0,5972519	0,0029987	0,5406357	0,1971125
540	0,5887726	0,6071559	0,5166085	0,6970356	0,7591510	0,4531399	0,6393345	0,2274343	0,7238084	0,8816932	0,8067197	0,3652267	0,5225552	0,0028487	0,6117820	0,2275389
560	0,5488502	0,6047200	0,4593938	0,6865397	0,6934226	0,4762201	0,5215313	0,2631291	0,6630723	0,6944542	0,6423303	0,4161717	0,4415994	0,0090757	0,6234682	0,2026969
580	0,6002859	0,6713099	0,3943665	0,5466230	0,6203493	0,5050360	0,5055740	0,3828278	0,5512078	0,4803824	0,6114396	0,3850989	0,6848363	0,0054142	0,6456168	0,2610554
600	0,5728170	0,5687325	0,4847974	0,6468569	0,6299902	0,4342626	0,5279721	0,4825231	0,6080946	0,5480253	0,4625207	0,3991064	0,5370628	0,0524083	0,4976593	0,3115629
620	0,6716814	0,5561773	0,5806249	0,7318713	0,7833632	0,3954273	0,5393950	0,4178178	0,6104942	0,4345587	0,5093738	0,3738648	0,6324709	0,0295465	0,5781759	0,3782729
640	0,7833777	0,5840082	0,4898958	0,7428145	0,6538327	0,4358877	0,4966765	0,3709700	0,5760000	0,4890659	0,5516391	0,3428584	0,6364276	0,0174119	0,6081223	0,3405445
660	0,7286688	0,6415397	0,4312321	0,6993354	0,6994794	0,4378739	0,5392954	0,3997420	0,6682395	0,3979896	0,4875928	0,3264967	0,6125799	0,0231396	0,4747625	0,3009153
680	0,6819348	0,5214558	0,4828280	0,6932415	0,6253776	0,4132354	0,5486300	0,3322703	0,8096780	0,4898154	0,4809845	0,3738106	0,7175448	0,0609240	0,5505173	0,2972029
700	0,5181655	0,6533607	0,3689207	0,6886115	0,6440367	0,3454476	0,5438791	0,3191639	0,5171171	0,4382124	0,5228097	0,3668294	0,6662998	0,0181568	0,4726146	0,4963770
720	0,5828582	0,5964053	0,4739943	0,7011530	0,5894059	0,3588346	0,6760138	0,3575058	0,6520712	0,5002653	0,5568404	0,2960649	0,6280359	0,0226945	0,4550378	0,3131824
740	0,6747629	0,5715414	0,4228020	0,7396738	0,6496462	0,3383810	0,5315252	0,3357007	0,7158847	0,4158756	0,6278144	0,4524838	0,6471443	0,0304267	0,5070987	0,3433818
760	0,5801828	0,5403275	0,3927942	0,7735692	0,5581345	0,3849954	0,5789050	0,3547937	0,6453077	0,4071586	0,4578686	0,2644670	0,5563482	0,0061652	0,4378263	0,3273914
780	0,4907786	0,8304496	0,5451075	0,6431133	0,6558273	0,4502968	0,4860114	0,4153265	0,6232216	0,3816634	0,5828757	0,4159153	0,6622422	0,0310247	0,4415122	0,3389295
800	0,4390665	0,7454636	0,4401063	0,7106239	0,7942387	0,3884987	0,5820389	0,4154201	0,6895963	0,4497355	0,5199111	0,4586974	0,7744680	0,0069178	0,3802010	0,3176749
820	0,6239550	0,6445105	0,4287321	0,7337465	0,6242792	0,4499539	0,5972518	0,3914875	0,5550442	0,3797424	0,6221566	0,3617456	0,5443851	0,0217079	0,3706640	0,3876630
840	0,5740950	0,5570400	0,4590634	0,7260365	0,6155187	0,3676618	0,5164471	0,4738011	0,6146651	0,3743151	0,4546013	0,3056469	0,5475782	0,0178405	0,5075860	0,3476081
860	0,6066960	0,5577754	0,4996750	0,7445280	0,5231826	0,4237296	0,5616295	0,4950552	0,5205385	0,4592183	0,5792942	0,3409254	0,5267501	0,0168988	0,4269442	0,3129514
880	0,5875457	0,6433430	0,4079944	0,6815116	0,5044638	0,3423365	0,5133796	0,3845154	0,5940377	0,3355778	0,6044812	0,4075781	0,5674122	0,0217818	0,4406023	0,3848963
900	0,5841619	0,5936740	0,4705021	0,7051706	0,5085356	0,3838657	0,5105596	0,3952949	0,5949408	0,2968418	0,5610461	0,2838701	0,5691822	0,0160012	0,3900538	0,2935745
920	0,5628821	0,6572022	0,5086544	0,7590690	0,5613903	0,4114127	0,4765072	0,4432606	0,6724989	0,3326544	0,5587572	0,3179519	0,6151447	0,0195273	0,3748803	0,3433601
940	0,5958329	0,6252147	0,4455631	0,8076242	0,5407925	0,3541672	0,4496804	0,5220401	0,6602057	0,3328270	0,4430495	0,3967674	0,4672999	0,0466821	0,4429302	0,3358101
960	0,5786300	0,7381143	0,3980622	0,7348595	0,6265782	0,3985443	0,4473629	0,4722364	0,6658661	0,3766611	0,5361668	0,2953351	0,5749917	0,0317828	0,4633028	0,4098368
980	0,5962878	0,6435021	0,4359359	0,6919740	0,6595526	0,4360268	0,5230488	0,4735504	0,5788314	0,4051571	0,4663323	0,3134815	0,5564159	0,0333649	0,4013491	0,3767019
1000	0,5619828	0,6475263	0,4620928	0,8700312	0,6393107	0,3922637	0,4302429	0,4572439	0,6606952	0,3531572	0,3494560	0,3171061	0,4484983	0,0372657	0,5166789	0,2852876
1020	0,5551431	0,5840354	0,4389136	0,9743261	0,6216466	0,4993877	0,4164157	0,4343177	0,5221980	0,4347559	0,5134537	0,3930265	0,3711650	0,0229520	0,3605515	0,3356910
1040	0,6969482	0,6349569	0,4270675	0,7167020	0,6518759	0,3443210	0,4251944	0,5159215	0,5288982	0,3823434	0,4562027	0,3267785	0,4398895	0,0313029	0,3682676	0,3973798
1060	0,5920279	0,6847804	0,4585880	0,6864234	0,6105742	0,3764126	0,4399427	0,3378325	0,6049091	0,3704628	0,4559385	0,3752099	0,5549594	0,0384347	0,4182188	0,3469961
1080	0,5502557	0,6378806	0,5326294	0,7079419	0,5683521	0,4847442	0,4155944	0,3949279	0,6363464	0,4622030	0,3757120	0,3876023	0,5290695	0,0378566	0,4772314	0,3889741
1100	0,4989853	0,5950280	0,3635479	0,7390011	0,5618799	0,4822574	0,5105991	0,4722508	0,4680819	0,4458680	0,4679128	0,3758511	0,5034195	0,0497048	0,3975152	0,3441029

0	0,6206115	0,6686172	0,4646173	0,0601653	0,0149705	0,7373414	0,0934482	0,7102634	0,0785756	0,0271556	0,0414752	0,0062529	0,1547279	0,6518947	0,0005966	0,6896537
20	0,5068763	0,5513031	0,2747287	0,0636116	0,1440774	0,7201526	0,0558486	0,6917403	0,0625603	0,0514158	0,2832991	0,0210689	0,1572694	0,6622110	0,1396908	0,6676872
40	0,4281790	0,7342271	0,2074687	0,0331148	0,2600290	0,7312982	0,0401840	0,7263499	0,0801785	0,0955296	0,3645198	0,0386379	0,1558362	0,5837297	0,2602958	0,6885209
60	0,2671535	0,6238506	0,2113564	0,0498887	0,2607825	0,6400983	0,0550706	0,7154452	0,0649850	0,0927475	0,4313343	0,0582849	0,1562447	0,5109022	0,2344272	0,6879841
80	0,2076799	0,6476801	0,1160757	0,1341159	0,3836722	0,6752554	0,0258558	0,6461936	0,0670389	0,1045677	0,4683284	0,0754766	0,2048974	0,3542902	0,2870464	0,4478369
100	0,2175794	0,7046879	0,0859773	0,2226713	0,3675709	0,6831202	0,0732407	0,8300769	0,1026540	0,1242097	0,6296105	0,1780201	0,1926387	0,3384984	0,4176501	0,4641802
120	0,2827497	0,6394192	0,1126195	0,2606287	0,4490667	0,5749540	0,0656711	0,7046457	0,1873332	0,1237767	0,6178563	0,1601571	0,2343218	0,3003449	0,4191266	0,5047374
140	0,2634903	0,6996769	0,1551154	0,4539012	0,5336405	0,5591935	0,1301442	0,6097765	0,2205713	0,1837750	0,5918438	0,1795358	0,3224088	0,3026025	0,4937833	0,5444021
160	0,3011946	0,7810479	0,1145785	0,3767341	0,6076613	0,5546911	0,1304103	0,6087042	0,3052346	0,2638717	0,7061264	0,2288984	0,4736941	0,1626269	0,3930405	0,4140382
180	0,3461000	0,6613819	0,0886297	0,5365686	0,4990514	0,5525336	0,1547728	0,5344692	0,3129986	0,2290139	0,5790238	0,2039576	0,4802738	0,1533118	0,5410026	0,5408210
200	0,3065137	0,7145534	0,0763501	0,5073579	0,5302582	0,6209086	0,1165976	0,5775243	0,2954114	0,2133114	0,5550194	0,2475469	0,5107819	0,1027767	0,4653166	0,5304731
220	0,3295871	0,8270263	0,1432752	0,5959845	0,6060897	0,5423894	0,1637020	0,4659143	0,2595372	0,2921064	0,5964725	0,2588592	0,5698573	0,0901638	0,5685072	0,3371879
240	0,3228744	0,8175488	0,1194656	0,5988668	0,6763987	0,6072007	0,2489731	0,4847669	0,4136082	0,3173884	0,6869627	0,2467530	0,5795480	0,0713333	0,5710448	0,3234351
260	0,3417125	0,7106493	0,1251291	0,5951595	0,5703843	0,5166387	0,2376681	0,5124152	0,4058982	0,2818739	0,6846614	0,2957200	0,4956741	0,0512095	0,5620489	0,3131027
280	0,2167398	0,9249305	0,1064976	0,6459076	0,6706029	0,3837781	0,2902990	0,3946336	0,4561489	0,3063391	0,6015984	0,2406509	0,5140173	0,0301209	0,5210799	0,2587381
300	0,2825408	0,6725891	0,0815924	0,6551033	0,4444274	0,5010575	0,4265014	0,4829597	0,5150521	0,3278591	0,7422966	0,4605211	0,5503213	0,0262741	0,5859588	0,2554246
320	0,2798884	0,6151817	0,1109816	0,6543407	0,5893205	0,4282256	0,4009548	0,5447708	0,5773196	0,3531440	0,6936353	0,3347226	0,5161875	0,0169593	0,6323176	0,2693172
340	0,2482151	0,7870820	0,1420883	0,6935306	0,7869989	0,4727341	0,4662654	0,5589565	0,4319847	0,4204102	0,7219866	0,3131710	0,5853188	0,0159400	0,5714269	0,1774677
360	0,3541328	0,7181775	0,1129475	0,7034312	0,5617091	0,4674889	0,4499151	0,4515280	0,5699586	0,3736202	0,7021856	0,3602239	0,5820763	0,0071702	0,6281268	0,1914032
380	0,2892947	0,7293155	0,1820010	0,6727371	0,6588042	0,3458887	0,4250236	0,4944935	0,6637568	0,5065010	0,5924377	0,3336629	0,5728724	0,0168860	0,6205095	0,2215075
400	0,2735230	0,8228221	0,1426215	0,8377394	0,6497975	0,4428385	0,4800511	0,4383169	0,7349289	0,5507624	0,6357166	0,3870490	0,5895789	0,0193703	0,5953592	0,1213105
420	0,2565074	0,7753005	0,1199884	0,7775487	0,6835092	0,3640556	0,4443617	0,3986341	0,5480287	0,4054258	0,6852784	0,3487479	0,5740509	0,0330557	0,6014391	0,1532140
440	0,2900897	0,7375939	0,1610344	0,7758583	0,6760829	0,4651216	0,5839976	0,3653494	0,6089120	0,5760936	0,6425764	0,4390891	0,6034131	0,0229421	0,6674895	0,1242498
460	0,2766112	0,8061462	0,1508038	0,9377893	0,7001522	0,3955940	0,6355790	0,4150649	0,5940734	0,4505548	0,5820093	0,3309957	0,5813703	0,0265161	0,5207957	0,1503261
480	0,3377042	0,6934432	0,0921784	0,6904484	0,7104904	0,4076462	0,6398002	0,3633007	0,7287451	0,4093202	0,7326545	0,3562856	0,5354435	0,0047968	0,5640183	0,1436990
500	0,2992604	0,7583890	0,0981213	0,7193584	0,6358410	0,2832804	0,6053519	0,4258941	0,6724761	0,4285411	0,8822958	0,3188942	0,5973462	0,0105231	0,6169515	0,1430198
520	0,3475996	0,7182969	0,1640423	0,8007317	0,7046305	0,4074412	0,5787118	0,5305161	0,6323040	0,4122235	0,6442564	0,2828549	0,6396584	0,0037833	0,6908089	0,1699220
540	0,2343736	0,8337383	0,1050052	0,7277948	0,7106634	0,3074294	0,5588959	0,4993342	0,5811863	0,3885107	0,7109024	0,3891948	0,5579370	0,0030484	0,6415898	0,1657998
560	0,3301487	0,7904119	0,1278925	0,6966410	0,7005967	0,3665738	0,5293788	0,4016930	0,6546643	0,3530471	0,7010688	0,2817417	0,5694839	0,0183186	0,5692056	0,1628287
580	0,5851849	0,7966024	0,3171397	0,6700481	0,6191254	0,4138544	0,5637966	0,4798171	0,5955330	0,4875502	0,6564975	0,4259598	0,4913772	0,0307460	0,6964482	0,1915267
600	0,4759337	0,8430969	0,4486416	0,8053071	0,5339007	0,4546530	0,5200218	0,4410133	0,5924406	0,5052459	0,5405195	0,3695537	0,5711370	0,0191491	0,5698463	0,1780078
620	0,5436141	0,7417256	0,4489750	0,8093902	0,5104229	0,3696869	0,5830230	0,4355029	0,5889794	0,3804876	0,5304952	0,4008955	0,6268157	0,0326958	0,5543179	0,2222738
640	0,5938200	0,6580489	0,6507079	0,8126483	0,6112065	0,3331851	0,5343702	0,4092839	0,5640847	0,3919910	0,5710206	0,3846896	0,3499365	0,0306933	0,5595429	0,3279343
660	0,5938490	0,7141507	0,6001834	0,8111702	0,6329555	0,5148922	0,5531539	0,3062755	0,5780887	0,4551686	0,5260669	0,3482419	0,5330815	0,0553419	0,5866659	0,3892625
680	0,6198814	0,6380541	0,4819913	0,7191338	0,5187219	0,4684375	0,5674566	0,4106205	0,6549859	0,4227969	0,5264675	0,3579904	0,5202822	0,0402815	0,4238330	0,3278358
700	0,5755593	0,6130172	0,4719528	0,7149174	0,6311579	0,4057352	0,4766418	0,5049456	0,5658289	0,4151128	0,4225989	0,2818154	0,5541592	0,0349177	0,5724006	0,3584420
720	0,6362813	0,5409041	0,5241217	0,6241177	0,6666940	0,4123530	0,6437268	0,4606754	0,5841994	0,3640854	0,4390577	0,4352795	0,5575134	0,0356240	0,5342297	0,2956414
740	0,5006892	0,6205016	0,4604405	0,6934339	0,5744268	0,4543476	0,5746047	0,4449428	0,5593559	0,3854447	0,5268802	0,3934685	0,6326475	0,0185798	0,5098493	0,3141197
760	0,5992408	0,6016223	0,3697084	0,6690457	0,7112976	0,4114067	0,5667943	0,4133655	0,5093610	0,3298931	0,4559509	0,3937650	0,7044805	0,0140509	0,4579392	0,3756662
780	0,6565930	0,6421038	0,4763089	0,7236401	0,6766883	0,3229271	0,6053052	0,4141612	0,5804042	0,5070337	0,5414988	0,4031729	0,5742068	0,0292216	0,4624867	0,2587148
800	0,5868372	0,6367377	0,5319941	0,7705261	0,5592271	0,4088422	0,5251184	0,3757469	0,6658464	0,4311369	0,5284611	0,4630502	0,6308943	0,0542470	0,4436447	0,3248507
820	0,5650871	0,6361296	0,5595842	0,8280329	0,6021877	0,3617907	0,5614427	0,3621283	0,6895069	0,3958790	0,5322888	0,4647387	0,5595663	0,0412562	0,4405017	0,2762523
840	0,5663553	0,5215100	0,5259842	0,8029388	0,7258148	0,4919156	0,5359769	0,3450088	0,5396721	0,4932292	0,6485957	0,3335930	0,5026742	0,0271022	0,5031456	0,3735563
860	0,5306037	0,6259974	0,4674008	0,7951786	0,8149980	0,4159468	0,6061107	0,3615349	0,7762784	0,4476540	0,5108250	0,4283822	0,5686029	0,0180205	0,4498863	0,3413282
880	0,6566892	0,5727742	0,4211076	0,7929880	0,7863082	0,3701608	0,3822072	0,3241766	0,7451592	0,3788543	0,5539486	0,3670121	0,6013481	0,0179367	0,5030523	0,2621802
900	0,5200425	0,7622796	0,4126836	0,8434409	0,8558985	0,4265269	0,4420194	0,3902629	0,7458589	0,5002703	0,5458014	0,3562612	0,6178642	0,0190403	0,5748683	0,2867315
920	0,5737661	0,6254052	0,4949281	0,8022204	0,5169515	0,4150147	0,6017209	0,4867273	0,6063498	0,5292312	0,4151118	0,4463329	0,6009425	0,0306207	0,4799108	0,2331291
940	0,6101823	0,6332179	0,4313782	0,7658592	0,6134199	0,4125442	0,6452386	0,4649545	0,6954641	0,3732437	0,5139415	0,3617153	0,6490616	0,0136232	0,4619502	0,4180104
960	0,5488434	0,7214471	0,4324276	0,7099020	0,6102501	0,3848318	0,5548016	0,3781150	0,6431464	0,4286983	0,5741165	0,3953205	0,5132170	0,0129135	0,4317854	0,3068284
980	0,4827201	0,6884971	0,5489293	0,5974705	0,6552476	0,3947652	0,6399775	0,4361421	0,7399529	0,4029231	0,5797826	0,4118786	0,6243947	0,0243686	0,4158515	0,3400087
1000	0,6296682	0,5918050	0,4719463	0,7464278	0,6650199	0,3812855	0,6724535	0,3354504	0,5026772	0,4746132	0,5080279	0,3740272	0,5912535	0,0186342	0,4197837	0,3662272
1020	0,5260945	0,6548868	0,4303443	0,7847728	0,7292158	0,5019058	0,6755620	0,4180434	0,6640022	0,3272694	0,4141624	0,4679995	0,5192949	0,0102050	0,4128451	0,3526141
1040	0,5701795	0,7576721	0,4153399	0,7852765	0,6586976	0,4454779	0,5851790	0,5269361	0,6333425	0,3895796	0,4261267	0,4498697	0,6060468	0,0143746	0,4249161	0,2919736
1060	0,4998325	0,7113016	0,4491652	0,7463266	0,6680519	0,4134760	0,5975386	0,4610686	0,5471052	0,3726969	0,5202888	0,4349840	0,6966862	0,0275240	0,3975895	0,2953555
1080	0,6086768	0,5624964	0,4221784	0,7070988	0,6569444	0,3816200	0,5242256	0,5645533	0,6462148	0,4234331	0,6790891	0,3434086	0,6042827	0,0279003	0,3807368	0,4006579
1100	0,6574043	0,8455250	0,3983257	0,8480912	0,5081734	0,3874424	0,5065541	0,4688600	0,6749200	0,3223599	0,4938751	0,3492069	0,4742322	0,0319082	0,4172981	0,2917998
