"Time"	yoeB	yefM	alaS	mngB	mngR	mngA	artJ	argR	argB	artI	artQ	argA	artM	argC	argE	artP

0	0,4000132	0,6515465	0,5796497	1,0480861	0,5080704	0,1654157	0,3372386	0,4314835	0,0065202	0,8968690	0,1676354	1,0203437	0,8801678	0,6643341	0,0184241	0,3004976
20	0,3915257	0,7184648	0,4957076	0,5531852	0,3706162	0,1366344	0,3445359	0,4228136	0,0168348	0,9415592	0,1062043	1,0046243	0,8168608	0,5974211	0,0161334	0,2920185
40	0,3795026	0,6698582	0,3780445	0,3311894	0,2897335	0,0769906	0,3622105	0,3995901	0,0194043	0,9467394	0,0765819	1,0137795	0,8024887	0,5680275	0,0172613	0,2822962
60	0,3667283	0,6734817	0,3051339	0,2337637	0,2399862	0,0479871	0,3745644	0,3925233	0,0143050	1,0203006	0,0684772	1,0214464	0,8096487	0,6489897	0,0110532	0,2826129
80	0,3762761	0,6345702	0,2977118	0,1564590	0,2106502	0,0458820	0,3916808	0,4385676	0,0173755	0,9960539	0,0525702	1,0535027	0,8827254	0,6561069	0,0044048	0,3085740
100	0,3834566	0,6636661	0,3029228	0,1434082	0,1682682	0,0492787	0,3684703	0,4273093	0,0146382	0,9876944	0,0269224	1,0463025	0,8871300	0,6457420	0,0025858	0,3086908
120	0,3460021	0,6428142	0,3195473	0,1159101	0,1369208	0,0249936	0,3534824	0,3952444	0,0124003	0,9328932	0,0295419	1,0378316	0,8374573	0,6534804	0,0028478	0,2783643
140	0,3345900	0,7504539	0,3049511	0,0923991	0,1619471	0,0342516	0,3899409	0,4199967	0,0242199	0,9279753	0,0230672	1,0451043	0,8580949	0,6636715	0,0012199	0,2620272
160	0,3576132	0,7292548	0,2892710	0,0858538	0,1440404	0,0620517	0,3898421	0,3805248	0,0181323	0,9049077	0,0191646	1,0737000	0,8568275	0,6152688	0,0000373	0,2317905
180	0,3836640	0,6935336	0,2994538	0,1019359	0,1458212	0,0845151	0,3492376	0,3942549	0,0218627	0,9004341	0,0145077	0,9954830	0,8431428	0,6054817	0,0000394	0,2686367
200	0,4158281	0,6661507	0,2424483	0,0783456	0,1477041	0,0681599	0,3765448	0,3930446	0,0183150	0,8754608	0,0156352	0,9943682	0,8452747	0,5986436	0,0001577	0,2811308
220	0,4033949	0,6481983	0,2544893	0,0829053	0,1562629	0,0612287	0,3431578	0,3756243	0,0178637	0,8730967	0,0110677	0,9891636	0,8303726	0,6340149	0,0004301	0,2868342
240	0,4169793	0,6103223	0,2746828	0,0995639	0,1409825	0,0599861	0,3487008	0,4062443	0,0250196	0,9549345	0,0126182	1,0774144	0,8402996	0,6312343	0,0008538	0,2978819
260	0,4322893	0,6239820	0,2448237	0,1138278	0,1176424	0,0909357	0,3305500	0,3958910	0,0199001	0,9244671	0,0168376	1,0310397	0,8800619	0,6048780	0,0000316	0,3049828
280	0,4131258	0,6065667	0,2279772	0,1036081	0,1091490	0,0837009	0,3068798	0,4413598	0,0176072	0,9648533	0,0122116	1,0670201	0,8424647	0,6305553	0,0000079	0,3104261
300	0,3957712	0,6536132	0,2381315	0,1099610	0,1298188	0,0873572	0,3497682	0,4541579	0,0182252	0,9395853	0,0112456	1,0975197	0,8713084	0,6541405	0,0002631	0,2944537
320	0,4109175	0,6414522	0,2893787	0,0911126	0,1291452	0,1076728	0,3531779	0,4154251	0,0288663	0,9121901	0,0160214	1,0418567	0,8860495	0,6532783	0,0000542	0,2660886
340	0,3995336	0,5976540	0,2851629	0,0999506	0,1204407	0,0958803	0,3350439	0,4469763	0,0261885	0,8629306	0,0170785	0,9924313	0,8551735	0,6174425	0,0001698	0,2763720
360	0,3913834	0,6545097	0,2550520	0,0905580	0,1293070	0,0785634	0,3412226	0,4579287	0,0243573	0,8380676	0,0139022	1,0124846	0,8034420	0,6441900	0,0000638	0,2919901
380	0,3851475	0,7221532	0,2766509	0,1122376	0,1170026	0,0739908	0,3377966	0,4153297	0,0226617	0,8292057	0,0135597	1,0707738	0,8112757	0,6234759	0,0000374	0,3082743
400	0,3725338	0,6979962	0,2926449	0,1357298	0,1129285	0,0825186	0,3349378	0,3695607	0,0110119	0,8112770	0,0136545	1,0797708	0,8666184	0,6522271	0,0003458	0,2843137
420	0,3595652	0,6934602	0,2364557	0,0914980	0,1367833	0,0983888	0,3125473	0,4101700	0,0111122	0,8214854	0,0150661	1,1213439	0,8591364	0,6391606	0,0000550	0,2997378
440	0,3759531	0,6981981	0,2273785	0,1224879	0,1338669	0,0973963	0,3197491	0,4091745	0,0071531	0,8686157	0,0125506	1,0747733	0,8070998	0,6086634	0,0010530	0,2621666
460	0,3485770	0,6838650	0,2319438	0,1126542	0,1215023	0,0601555	0,3256653	0,3870532	0,0071446	0,9255608	0,0172056	1,0331956	0,8589520	0,5540044	0,0015745	0,2514122
480	0,3642355	0,6507079	0,2349673	0,1099348	0,1232648	0,0828212	0,2999289	0,4038010	0,0047401	0,9231690	0,0112542	1,0571551	0,8839047	0,5646372	0,0013861	0,2546081
500	0,3526554	0,6580329	0,2653269	0,1004149	0,1238550	0,0900357	0,3138703	0,4054916	0,0082256	0,9238070	0,0155718	1,0052042	0,8450443	0,5972996	0,0033591	0,2666461
520	0,3490610	0,7004567	0,3211237	0,1226319	0,1023610	0,0744580	0,3102200	0,3852596	0,0079122	0,8401880	0,0192780	0,9873591	0,9051696	0,6027341	0,0078309	0,2968571
540	0,3295098	0,6840858	0,3137791	0,1268688	0,0878211	0,0843013	0,3137564	0,4233471	0,0039187	0,8634186	0,0187625	0,9760841	0,9544623	0,6578014	0,0042926	0,2812099
560	0,3534851	0,7342418	0,2964604	0,1187095	0,0903603	0,0971211	0,3240198	0,3826444	0,0117007	0,8750959	0,0221798	0,9314819	0,8844970	0,6834841	0,0033313	0,2773801
580	0,3348097	0,7124657	0,5261542	0,5180752	0,3618176	0,4700184	0,3284273	0,3868822	0,0116575	0,9515581	0,0801106	0,9477624	0,8986300	0,6369418	0,0158205	0,2773184
600	0,3064071	0,7251969	0,6876438	0,7274841	0,5752736	0,6018805	0,3109369	0,4006280	0,0248392	0,9431930	0,0802731	0,9703132	0,9086778	0,6739389	0,0113984	0,2617652
620	0,3037836	0,7531137	0,7900763	0,8703443	0,6738427	0,4862217	0,3275483	0,3996719	0,0147843	0,9825738	0,1159068	0,9868505	0,8487461	0,6342696	0,0080407	0,2618136
640	0,3389412	0,7340387	0,7582069	0,8372943	0,5749635	0,3558675	0,3452519	0,4154428	0,0268372	0,9298077	0,1286742	0,9487199	0,8325785	0,6232160	0,0135212	0,2511747
660	0,3806880	0,6800558	0,7525455	0,7932721	0,4959645	0,3021030	0,3323421	0,3711831	0,0235934	0,8962106	0,1485422	0,9674168	0,8906869	0,6218839	0,0048806	0,2416653
680	0,3502562	0,6640923	0,6913949	0,8155987	0,4566609	0,2191373	0,3304278	0,3809121	0,0137548	0,9516186	0,1401167	0,9409017	0,9211554	0,6349349	0,0088206	0,2781263
700	0,3280235	0,6593849	0,6543898	0,8305125	0,4231873	0,2121317	0,3101501	0,4152769	0,0169833	0,9859040	0,1333628	0,9942698	0,8552302	0,6765981	0,0093819	0,3085514
720	0,3600733	0,6498745	0,6215283	0,8695932	0,4521854	0,2203903	0,3134654	0,3899891	0,0106289	0,9914790	0,1717204	0,9944508	0,8478376	0,6661375	0,0132215	0,2962412
740	0,3455042	0,6213579	0,6046965	0,8917313	0,4501826	0,1962162	0,2946258	0,4010683	0,0119914	0,8760360	0,1568737	0,9750134	0,8618925	0,6160216	0,0166871	0,2906280
760	0,3511675	0,6424384	0,6347908	0,9392234	0,5137079	0,2321256	0,3013669	0,4221699	0,0195738	0,8341527	0,1557904	0,9663643	0,8328475	0,6183108	0,0028241	0,3130009
780	0,3803621	0,6833818	0,6183784	0,9196931	0,5240615	0,2579336	0,2737014	0,3977692	0,0187743	0,8460286	0,1401794	0,9874101	0,8406710	0,5794372	0,0091150	0,2771638
800	0,4055987	0,6473996	0,7220041	0,9057422	0,5144336	0,2099765	0,2879725	0,3738652	0,0147021	0,8491447	0,1422720	0,9502251	0,8433381	0,5685882	0,0110526	0,3095960
820	0,3697685	0,6621747	0,6529939	0,8782162	0,4690235	0,2558813	0,3172306	0,4098146	0,0133370	0,9137152	0,1413709	0,9623393	0,9023927	0,5794062	0,0118919	0,3155631
840	0,3767023	0,6499985	0,6821832	0,8638049	0,4435886	0,2098044	0,2876505	0,4064376	0,0149781	0,9346852	0,1567087	0,9411106	0,9032834	0,6010252	0,0131326	0,3397684
860	0,3873138	0,6540352	0,5855656	0,9322464	0,4449999	0,2002259	0,3361941	0,4236189	0,0062829	0,9412128	0,1626462	0,9443785	0,8939935	0,6257983	0,0088484	0,3316923
880	0,3917295	0,6451394	0,5366577	0,9130826	0,5006749	0,1937844	0,3478897	0,4331853	0,0018054	0,8381308	0,1471533	0,9301896	0,8341645	0,6099580	0,0076273	0,3034600
900	0,3970829	0,6189873	0,5821340	0,9662991	0,5284809	0,1807069	0,3765302	0,4030541	0,0099297	0,8521813	0,1412050	0,9147383	0,8593465	0,6218248	0,0057058	0,2856897
920	0,4154479	0,6854918	0,6754712	0,9926469	0,5668412	0,1858147	0,3422713	0,4071258	0,0195084	0,8414889	0,1745908	0,9449885	0,9432350	0,6302497	0,0102636	0,3234672
940	0,4232110	0,6558193	0,5953592	0,9871404	0,5534965	0,1810068	0,3377176	0,4273559	0,0129127	0,8617985	0,1870822	0,9768725	0,9471652	0,6335003	0,0098678	0,2910395
960	0,4368351	0,6802224	0,5909292	0,9632608	0,4821664	0,2042826	0,3549900	0,4192264	0,0042547	0,8291659	0,1555822	0,9628842	0,8848437	0,6091496	0,0116293	0,2718734
980	0,4093384	0,6063713	0,6516968	0,9809468	0,4439884	0,2276652	0,3440704	0,4166127	0,0039900	0,8348627	0,1575431	0,9262768	0,9545910	0,5915167	0,0089388	0,2933298
1000	0,3769859	0,6057754	0,5742453	0,9408273	0,4778408	0,2419282	0,3464484	0,4083286	0,0094000	0,8245485	0,1438094	0,9014820	0,9447728	0,6496549	0,0083508	0,3162606
1020	0,3684967	0,6419865	0,6200445	1,0503591	0,5618593	0,2746732	0,3672553	0,3923841	0,0175995	0,7985726	0,1351112	0,9365981	0,9281860	0,6692026	0,0085761	0,2991595
1040	0,3805823	0,6892885	0,5731861	1,0183425	0,5355222	0,2619432	0,3335786	0,3587603	0,0144928	0,7963237	0,1392228	0,9889093	0,8995342	0,6467207	0,0055739	0,3438116
1060	0,3936258	0,6459831	0,5708700	1,0118396	0,5145909	0,2662197	0,3469907	0,3751439	0,0156623	0,7942632	0,1292253	0,8918223	0,8947228	0,6023617	0,0022720	0,3147695
1080	0,4095528	0,6199485	0,5896063	0,9324236	0,5418452	0,1995723	0,3469318	0,3765259	0,0190858	0,8339986	0,1236079	0,8961499	0,8429331	0,6099932	0,0095995	0,3041822
1100	0,3646752	0,5940578	0,6026976	0,9510957	0,5215506	0,2085655	0,3284908	0,4166521	0,0350847	0,8181963	0,1295014	0,9048135	0,8391302	0,6509957	0,0053271	0,2567534

0	0,4000132	0,6515465	0,5796497	1,0480861	0,5080704	0,1654157	0,3372386	0,4314835	0,0065202	0,8968690	0,1676354	1,0203437	0,8801678	0,6643341	0,0184241	0,3004976
20	0,3337188	0,6147224	0,6041608	0,9653994	0,3148657	0,2012933	0,3538321	0,3710659	0,0056614	0,8800767	0,0961498	1,0393222	0,9907043	0,6147252	0,0085466	0,2903016
40	0,2652056	0,6361802	0,6259965	0,9373770	0,2254248	0,2075167	0,3263860	0,3682084	0,0044783	0,9018383	0,0772306	0,9701685	0,9394481	0,5957708	0,0036220	0,2919536
60	0,2103489	0,6414180	0,6203525	0,9720965	0,1523000	0,2806550	0,3329243	0,3745339	0,0046297	0,8421287	0,0657435	1,0032384	0,8920046	0,6421439	0,0018806	0,2949318
80	0,1905775	0,7179646	0,6755616	0,9442237	0,0958285	0,3961028	0,3621557	0,3658055	0,0031406	0,9213568	0,0558501	0,9694085	0,9274084	0,6920263	0,0006187	0,3252718
100	0,1997583	0,7205404	0,6870444	1,0033620	0,0675248	0,4626409	0,3152279	0,3873679	0,0017437	0,8966810	0,0519178	0,9549190	0,8837090	0,6865106	0,0000000	0,3213585
120	0,1637512	0,7782184	0,6261917	0,9679542	0,0532309	0,6102585	0,3062648	0,3324878	0,0001880	0,8212946	0,0438261	0,9466260	0,8885249	0,6359694	0,0003800	0,3361188
140	0,1539534	0,8091275	0,5998719	0,9729771	0,0314725	0,7395556	0,3142086	0,3120964	0,0004623	0,8490881	0,0490244	0,9095114	0,8792165	0,6997032	0,0001902	0,3311865
160	0,1252290	0,8328611	0,6197361	1,0173858	0,0420664	0,7605463	0,3222289	0,3292697	0,0005408	0,8750972	0,0527849	0,9080548	0,9525059	0,6768732	0,0000612	0,3289048
180	0,1246449	0,8162225	0,6168866	0,9520141	0,0315723	0,8357619	0,3498333	0,3243308	0,0031264	0,8502551	0,0615208	0,9801073	0,9104347	0,7507073	0,0002247	0,3604884
200	0,1153170	0,8090256	0,6066379	1,0159509	0,0287476	0,9716302	0,4086476	0,3566627	0,0071130	0,9137424	0,0671860	0,9497124	0,9528402	0,7459471	0,0007857	0,3507020
220	0,0989342	0,8243642	0,6234203	0,9688656	0,0418257	0,8752592	0,3838941	0,3790992	0,0069922	0,9414768	0,0575486	0,9596069	0,9985817	0,7686444	0,0022151	0,3936324
240	0,0799944	0,8132325	0,5892715	0,9637538	0,0373704	0,9383477	0,4029042	0,3612691	0,0062368	0,9436509	0,0599785	1,0651968	0,9527109	0,7459076	0,0011313	0,3856642
260	0,0858453	0,8085063	0,5606017	0,9445265	0,0479204	0,9041895	0,4009296	0,3587269	0,0059999	0,9591421	0,0605894	1,0477046	0,9283817	0,7394275	0,0000000	0,3527540
280	0,0876703	0,8483873	0,5735164	0,9558531	0,0493684	1,0484070	0,3830987	0,3591203	0,0038430	0,9689884	0,0684469	1,0057209	0,9528661	0,7088362	0,0020376	0,3346704
300	0,1059890	0,8984448	0,5471458	1,0125472	0,0401011	1,0445984	0,3506681	0,3385824	0,0036732	0,9708992	0,0500424	0,9860332	0,9824863	0,7337436	0,0025285	0,3576526
320	0,1014024	0,9109901	0,6077194	0,9684082	0,0338620	0,9914722	0,3468122	0,3299941	0,0020783	0,9749502	0,0602546	0,9480974	0,9175475	0,7393922	0,0046842	0,3790494
340	0,0957716	0,9100856	0,6426094	0,9174327	0,0335947	0,9650583	0,3459978	0,3513176	0,0018937	0,9424644	0,0656542	0,9071238	0,9053073	0,7151756	0,0044207	0,3458636
360	0,1054450	0,8717599	0,6438749	0,9248940	0,0328501	0,8846613	0,3298288	0,3249901	0,0037072	0,8938053	0,0557079	0,9246472	0,8602628	0,7373508	0,0036532	0,3383483
380	0,1030748	0,8517986	0,6543664	0,8928602	0,0269824	0,9467007	0,3291209	0,3277202	0,0034150	0,9560265	0,0516652	0,9214542	0,9195997	0,7240011	0,0037528	0,3374165
400	0,1055734	0,8623906	0,6291675	0,9368711	0,0352946	1,0053719	0,3088863	0,3041219	0,0007610	0,9436851	0,0617617	0,9170342	0,9616575	0,7252535	0,0010677	0,3221643
420	0,0975868	0,8862460	0,6781871	0,9123318	0,0373075	0,9843742	0,3296648	0,3129883	0,0015245	0,8875906	0,0438208	0,8732714	0,9236712	0,7506103	0,0005457	0,3618129
440	0,0903722	0,8274361	0,6490843	0,8348112	0,0273261	1,0011059	0,3349711	0,3532955	0,0034418	0,9730101	0,0582454	0,8859152	0,9378722	0,7820826	0,0020515	0,3790259
460	0,0839827	0,8443579	0,6802791	0,9320973	0,0209204	0,9948556	0,3726878	0,3478225	0,0034771	1,0024117	0,0453021	0,9182354	0,9896450	0,7819098	0,0007349	0,3967873
480	0,0865751	0,8514218	0,7149859	0,9355308	0,0159651	0,9556063	0,3849937	0,3115197	0,0034778	1,0166765	0,0325622	0,9994576	0,9772750	0,8173516	0,0002234	0,3723739
500	0,1154276	0,8503236	0,6586507	0,9707264	0,0211865	0,9815667	0,4014078	0,2823276	0,0022598	0,9674221	0,0304598	0,9460038	0,9303706	0,7470644	0,0010995	0,3409208
520	0,1169494	0,8322660	0,6606122	0,9491070	0,0208810	1,0136990	0,3991251	0,3039213	0,0057370	0,9152888	0,0202008	0,9506297	0,9499726	0,7382300	0,0007756	0,3404825
540	0,1091123	0,8381801	0,6354574	0,9724891	0,0149916	1,0270742	0,4009177	0,3401689	0,0043379	0,9640771	0,0258186	0,9566085	0,9245779	0,7424047	0,0002279	0,3547655
560	0,1125837	0,7966294	0,6318810	0,9724224	0,0229241	1,0795746	0,3883081	0,3626710	0,0031964	0,9513299	0,0369722	0,9682386	0,9709693	0,7977197	0,0008252	0,3316662
580	0,1401454	0,8362668	0,6641797	0,9518607	0,3528726	1,0463395	0,3678209	0,4142662	0,0170442	0,9911112	0,0558135	0,9291709	0,9498047	0,7745147	0,0083376	0,3207978
600	0,2126798	0,8443127	0,6133623	0,9864406	0,6079889	0,9853256	0,3807466	0,4215311	0,0101989	0,9588215	0,0838742	0,9751959	0,9221501	0,7572495	0,0062282	0,3360489
620	0,2430259	0,8567066	0,6783609	0,9502613	0,6556903	0,7082831	0,3437223	0,3953056	0,0140401	0,9457565	0,0962757	1,0310390	0,8632031	0,7244791	0,0091371	0,2857977
640	0,2943506	0,8721048	0,6203204	0,9721759	0,6665854	0,5345107	0,3412141	0,4470762	0,0149454	0,9139564	0,0834708	1,0087137	0,8497648	0,6620479	0,0030757	0,2498329
660	0,3209520	0,8813283	0,6217424	0,9329350	0,5555245	0,3821442	0,3520472	0,4397475	0,0097250	0,9167823	0,1037716	1,0225720	0,8350856	0,6269323	0,0077424	0,2616532
680	0,3085281	0,7786448	0,6026612	0,9952325	0,4707535	0,2659722	0,2986668	0,4049010	0,0195597	0,9301702	0,1143710	1,0578713	0,8146251	0,5881366	0,0230100	0,2439268
700	0,3093906	0,7878282	0,6564313	0,9616522	0,4159387	0,2226683	0,3286491	0,3564884	0,0216635	0,9269039	0,1043827	1,0637048	0,8160668	0,5692920	0,0201180	0,2713811
720	0,3200080	0,7307021	0,6664674	0,9492602	0,4211834	0,1792366	0,3313447	0,3493161	0,0161078	0,9051624	0,0934068	0,9951883	0,8051438	0,5568713	0,0107938	0,2544761
740	0,3080382	0,7242719	0,6751141	0,9740447	0,5420585	0,2053127	0,3419818	0,4184740	0,0229251	0,9639981	0,1210068	0,9692989	0,8133715	0,6082585	0,0113164	0,2831933
760	0,3147732	0,7145827	0,7001835	0,9633555	0,5568769	0,2074359	0,3787237	0,4107717	0,0103029	0,9364884	0,1129966	0,9413394	0,8232876	0,6154685	0,0082341	0,2849061
780	0,3315182	0,6707132	0,6700833	1,0290980	0,5035843	0,2108823	0,3886256	0,4358075	0,0155650	0,9193005	0,1304125	0,9701560	0,8356077	0,6329104	0,0156622	0,2977391
800	0,3672482	0,6670783	0,6671277	0,9445617	0,4653549	0,1865963	0,3752438	0,4819477	0,0165597	0,8281985	0,1355822	1,0292686	0,9001821	0,6375213	0,0219114	0,2805364
820	0,3740972	0,6276593	0,6196585	0,9646233	0,5002305	0,1901825	0,3455071	0,4473145	0,0251389	0,8378750	0,1389709	1,0596788	0,9384768	0,6269446	0,0086695	0,2807771
840	0,3932476	0,6879994	0,6173892	1,0116485	0,4648299	0,2435553	0,3090284	0,4499721	0,0207045	0,8840060	0,1454303	1,0171667	0,9542589	0,6380714	0,0084625	0,2679497
860	0,3917387	0,6962386	0,6581900	1,0004452	0,5262658	0,2797759	0,3058936	0,4297005	0,0212130	0,8705775	0,1637608	0,9684001	0,9226964	0,6292425	0,0104196	0,2636242
880	0,3953606	0,6872546	0,6565290	1,0474991	0,5635063	0,2262248	0,3118462	0,3669498	0,0168205	0,8707980	0,1385869	0,9533859	0,9285173	0,6095534	0,0067210	0,2487480
900	0,3826931	0,6925229	0,6207849	0,9467581	0,5469345	0,2350772	0,3384591	0,3896801	0,0201204	0,8874395	0,1209866	0,9427180	0,9227637	0,6881029	0,0035902	0,2686120
920	0,3499316	0,6140152	0,5897436	0,9870365	0,5240070	0,1996019	0,3282717	0,3460278	0,0190989	0,8851741	0,1311616	0,9817519	0,9086182	0,6755142	0,0044534	0,2978458
940	0,3152016	0,6559547	0,6528255	0,9869931	0,5052820	0,2209207	0,3601776	0,4072321	0,0237550	0,8833506	0,1457866	0,9902524	0,9947784	0,7605707	0,0194514	0,2757155
960	0,3615780	0,6798305	0,6915457	1,0404499	0,4925772	0,1973367	0,3802285	0,4272303	0,0137737	0,9147030	0,1468432	0,9718121	0,9950470	0,7627086	0,0142922	0,3006242
980	0,3801973	0,6569941	0,7067302	1,0257749	0,4513934	0,1798159	0,3874301	0,4613516	0,0163655	0,9385814	0,1477511	0,9453130	0,9688185	0,7606314	0,0051981	0,3107780
1000	0,3542890	0,6472526	0,6431924	0,9792148	0,4182623	0,1671071	0,3836416	0,4508208	0,0157212	0,9041528	0,1518904	0,9992051	0,8987535	0,7111602	0,0021348	0,3282852
1020	0,3688826	0,6359271	0,6619435	0,9500562	0,4315278	0,1836571	0,3524915	0,3934637	0,0145308	0,9190036	0,1551569	0,9960337	0,8985848	0,6651546	0,0000000	0,2881882
1040	0,3776042	0,6277457	0,6226436	0,9684664	0,4949679	0,1941147	0,3248591	0,3634444	0,0207271	0,9377068	0,1424336	0,9134200	0,8953150	0,6691582	0,0070360	0,2921075
1060	0,3961969	0,6968152	0,6131933	0,9460013	0,5161073	0,2074921	0,3814931	0,3915246	0,0186212	0,9251771	0,1398113	0,8812112	0,8653632	0,6772830	0,0101190	0,2916878
1080	0,3856040	0,7859218	0,6120341	0,9657772	0,5365369	0,2064910	0,3626373	0,3780064	0,0147417	0,9064931	0,1226855	0,8940276	0,8823576	0,7273814	0,0137950	0,2698092
1100	0,4005772	0,7543803	0,6331372	0,9693570	0,5232947	0,1711041	0,3448550	0,3992223	0,0169317	0,8395225	0,1195214	0,9251608	0,9299891	0,7402512	0,0098120	0,2910948

0	0,4000132	0,6515465	0,5796497	1,0480861	0,5080704	0,1654157	0,3372386	0,4314835	0,0065202	0,8968690	0,1676354	1,0203437	0,8801678	0,6643341	0,0184241	0,3004976
20	0,3622675	0,6638740	0,4724687	0,8954939	0,4867008	0,2123131	0,3286682	0,4259129	0,0104591	0,8410286	0,1395608	0,9840298	0,7504916	0,5690043	0,0298567	0,2352459
40	0,3529457	0,6868812	0,3705366	0,8257156	0,5076275	0,1931446	0,3365319	0,3708340	0,0150629	0,7649010	0,1304522	0,9961957	0,6845447	0,6121938	0,0126652	0,2583725
60	0,3669810	0,7310688	0,3283418	0,7910843	0,4715086	0,1837047	0,3278906	0,3709916	0,0093010	0,6288743	0,1332460	1,0335957	0,6463941	0,6324053	0,0171629	0,2502244
80	0,4003498	0,7416313	0,3242632	0,8085724	0,5203832	0,1924393	0,3295026	0,3963592	0,0053879	0,5771038	0,1491655	1,0260096	0,6338796	0,6890027	0,0217221	0,2754463
100	0,4168193	0,6801209	0,2765604	0,7382901	0,4936353	0,1771303	0,3659070	0,4068783	0,0070686	0,5602553	0,1257371	1,0129376	0,6264148	0,7258265	0,0269145	0,3160638
120	0,4184289	0,6434817	0,3176519	0,7240197	0,4872755	0,1736543	0,3461798	0,4227955	0,0026984	0,6082018	0,1233868	0,9499395	0,6626252	0,6551115	0,0172325	0,2996856
140	0,4085610	0,6461809	0,3391737	0,7677414	0,4971747	0,2063124	0,3819369	0,3933406	0,0041773	0,6292193	0,1306408	0,9681027	0,5917038	0,6638462	0,0185315	0,3514848
160	0,3933279	0,5863274	0,3664888	0,7963084	0,5471621	0,2367522	0,3646289	0,4322080	0,0005819	0,6594921	0,1415116	1,0356696	0,6262020	0,6921464	0,0254676	0,3522797
180	0,3961896	0,5370663	0,3960110	0,8060406	0,5947171	0,1918702	0,3358291	0,4018416	0,0012171	0,6324096	0,1569417	0,9989004	0,6358339	0,6804858	0,0204755	0,2971976
200	0,3891850	0,6058071	0,3608520	0,7615450	0,5215254	0,1946716	0,3160044	0,4382623	0,0013295	0,6099572	0,1575539	1,0840308	0,5754195	0,6390298	0,0131615	0,2457306
220	0,3877779	0,6654453	0,3479652	0,7727367	0,4976101	0,1592211	0,3154027	0,4312671	0,0026869	0,6145809	0,1577896	1,0198597	0,5946394	0,6163544	0,0158320	0,2117531
240	0,3481423	0,6426295	0,3839600	0,8129829	0,4652681	0,1654564	0,3082114	0,4039656	0,0004411	0,5788372	0,1374088	1,0470013	0,5640691	0,5415654	0,0144651	0,2612389
260	0,3174336	0,5496488	0,3151707	0,7783679	0,5299348	0,1650753	0,3009320	0,3771926	0,0021460	0,6153756	0,1265561	1,0309164	0,5210536	0,5492364	0,0046104	0,2687370
280	0,2978126	0,6079079	0,3361206	0,6700332	0,5275181	0,2035611	0,3451587	0,3865413	0,0029815	0,5892839	0,1028118	1,0083886	0,5736508	0,5516202	0,0124250	0,3198550
300	0,3304771	0,6448587	0,3401115	0,7576700	0,4852828	0,2074117	0,3412478	0,3935307	0,0000000	0,6264041	0,0916718	0,9597393	0,5948889	0,5869595	0,0100833	0,2592451
320	0,3450662	0,6968862	0,3263970	0,7443144	0,4378405	0,1968839	0,3456085	0,3851711	0,0012317	0,5977408	0,1129121	0,9210703	0,5547298	0,6361796	0,0071116	0,2538750
340	0,3779560	0,6736574	0,3424753	0,7774452	0,4319586	0,2082694	0,3342735	0,3806106	0,0057371	0,6692015	0,1190845	0,9408152	0,5227930	0,6308117	0,0134296	0,2817863
360	0,3660040	0,6155894	0,3534920	0,8118174	0,4105697	0,1933457	0,3817826	0,3834314	0,0022994	0,6746454	0,1341472	0,9559031	0,5298303	0,6325240	0,0192036	0,3309372
380	0,3981074	0,6705165	0,3408357	0,8139891	0,4084739	0,2394729	0,3580662	0,3662067	0,0064534	0,6408491	0,1539084	0,9780186	0,6109245	0,6228640	0,0231595	0,2961229
400	0,3701845	0,7119613	0,3566894	0,7757334	0,5061678	0,2136677	0,3788756	0,3889367	0,0059578	0,6296496	0,1605526	0,9418471	0,6243280	0,5991475	0,0178208	0,3567403
420	0,3666947	0,6722178	0,4246629	0,7347487	0,5086598	0,2315738	0,3503903	0,3989244	0,0047267	0,6537535	0,1445896	0,9431905	0,6264625	0,6501296	0,0208277	0,3077028
440	0,3421997	0,6397496	0,3982741	0,7023184	0,4533695	0,1999308	0,4125351	0,4324819	0,0036427	0,6967015	0,1445493	0,9051895	0,6429038	0,6427118	0,0150783	0,2947477
460	0,3619260	0,6404117	0,3905697	0,7351977	0,4330820	0,1799939	0,3615793	0,3931590	0,0047891	0,6827426	0,1453446	0,9093588	0,6351630	0,5876382	0,0162201	0,2905958
480	0,3476116	0,6295974	0,3596936	0,7107246	0,4558206	0,2266750	0,3640075	0,3783176	0,0045114	0,7062207	0,1557513	0,9777015	0,6386328	0,6882961	0,0170624	0,2992680
500	0,3513048	0,6303685	0,3143088	0,7318475	0,4656805	0,2318226	0,3426942	0,3868255	0,0076427	0,6760061	0,1634744	0,9841122	0,6469846	0,7528999	0,0169073	0,3250526
520	0,3352888	0,6674548	0,3036233	0,7490923	0,5016148	0,2429525	0,3230066	0,3912424	0,0092737	0,6825811	0,1769831	0,9489978	0,6451683	0,7578227	0,0114517	0,3174656
540	0,3643304	0,6860197	0,3248602	0,7512985	0,5286090	0,2431563	0,3063427	0,3623400	0,0082199	0,6664631	0,1634133	0,9785840	0,6508505	0,7818321	0,0040288	0,3060924
560	0,3771333	0,6775780	0,3558142	0,7719957	0,5417709	0,2707277	0,3055656	0,3630505	0,0049719	0,6383732	0,1486599	0,9552004	0,6256352	0,7052851	0,0084233	0,3282881
580	0,3866963	0,6803306	0,5801637	0,9470825	0,5243738	0,2399176	0,3352335	0,3811588	0,0145055	0,8080034	0,1453555	0,9955697	0,7203785	0,6461475	0,0065110	0,2811917
600	0,4265872	0,6815183	0,7250878	1,0161456	0,5501834	0,2323544	0,3703854	0,4049871	0,0065357	0,8284480	0,1455923	0,9661764	0,8013813	0,6521423	0,0062086	0,3301124
620	0,3886294	0,6122802	0,6653467	0,9394350	0,5147293	0,2166897	0,3792435	0,4534631	0,0064197	0,8471752	0,1251875	0,9977181	0,7844210	0,6850298	0,0106845	0,3095138
640	0,4149147	0,6463619	0,6437966	0,9643957	0,4477577	0,1636255	0,3557333	0,4506431	0,0093149	0,8799827	0,1109002	0,9847745	0,8255627	0,6110750	0,0088075	0,2638131
660	0,4105296	0,6364116	0,6638112	1,0010962	0,4129238	0,1639184	0,3715685	0,4333171	0,0204924	0,9249520	0,1269004	0,9858657	0,8105659	0,5977465	0,0081290	0,2524899
680	0,3972003	0,6331215	0,6449497	0,9784029	0,4844314	0,1674202	0,3314399	0,4200747	0,0173536	0,8787189	0,1275677	0,9789576	0,7945379	0,6077040	0,0133132	0,2415276
700	0,4011542	0,6491110	0,6954304	0,9841749	0,4397839	0,1394016	0,2936014	0,4196189	0,0179748	0,9022160	0,1247933	0,9417686	0,8753741	0,6650485	0,0094294	0,2591186
720	0,4354540	0,6991276	0,7334785	0,8805701	0,4598488	0,1573048	0,2908992	0,3901827	0,0201603	0,8962389	0,1163253	1,0439280	0,9532176	0,6839631	0,0105315	0,2459250
740	0,3928529	0,6610165	0,7157767	0,8388099	0,4659337	0,1736963	0,3059205	0,4100162	0,0141993	0,8429197	0,1266455	0,9738553	0,8982589	0,6762009	0,0116561	0,2437050
760	0,3979077	0,6798291	0,6807153	0,9274786	0,5623648	0,2175913	0,3172012	0,4435016	0,0173632	0,8010982	0,1156254	0,9134722	0,9586672	0,6618097	0,0090363	0,2444145
780	0,3899165	0,7198898	0,6519379	0,9087287	0,5261526	0,2021853	0,3034803	0,4335289	0,0155725	0,8835147	0,1068166	0,9722188	0,9168062	0,6752810	0,0107140	0,2757424
800	0,4142267	0,7102845	0,6300313	0,9579903	0,5178168	0,2022153	0,2923128	0,4455903	0,0131850	0,7994555	0,1108770	1,0047413	0,9349146	0,5801839	0,0149879	0,2675650
820	0,4188894	0,7335626	0,7180451	0,9325147	0,5023638	0,1819883	0,3120376	0,4094006	0,0161920	0,8492997	0,1150973	0,9965043	0,9701194	0,5262057	0,0238894	0,2531557
840	0,3595286	0,6771444	0,7190133	0,9144554	0,4736567	0,2050229	0,2973490	0,4074408	0,0310786	0,8603443	0,1271796	0,9825911	0,9788935	0,5590143	0,0128021	0,2641284
860	0,3860228	0,6677355	0,6974582	0,9525200	0,5497032	0,1791333	0,2915665	0,3985355	0,0223964	0,8064574	0,1345462	1,0413857	0,9237644	0,5347830	0,0099410	0,2514100
880	0,3992462	0,6521928	0,6086433	0,9738449	0,5144417	0,1748177	0,2855241	0,3934879	0,0153505	0,8281128	0,1366608	1,0492821	0,8764180	0,5801660	0,0067548	0,2307841
900	0,3611353	0,6460776	0,5502578	0,8900086	0,4437361	0,2088282	0,2921433	0,4585153	0,0149067	0,8750991	0,1353028	1,0383016	0,9355082	0,5583159	0,0011153	0,2645530
920	0,3461428	0,6682503	0,5166616	0,9889199	0,4362132	0,1847944	0,3004631	0,4780161	0,0233961	0,8510441	0,1490046	0,9813882	0,9593632	0,5644545	0,0055331	0,2396122
940	0,3329107	0,6597581	0,5691290	1,0300574	0,4363807	0,1784866	0,2881648	0,4286995	0,0178357	0,8918748	0,1523533	0,9999764	0,9491131	0,5467532	0,0015436	0,2401231
960	0,3471672	0,6729375	0,5212752	0,9453281	0,4847767	0,2193533	0,3149116	0,4379633	0,0108098	0,9361767	0,1497609	1,0309532	0,9108273	0,5864090	0,0084448	0,2621654
980	0,3438413	0,6702087	0,5850065	0,9955966	0,5116674	0,1974532	0,2885839	0,4463396	0,0104699	0,9175892	0,1331969	1,0873851	0,9309801	0,6125707	0,0042917	0,2782077
1000	0,3511828	0,6950988	0,6195031	0,9726036	0,4948193	0,2240679	0,3011625	0,4410147	0,0118052	0,9037018	0,1489786	1,0443118	0,9604556	0,6013692	0,0107322	0,2848295
1020	0,3131360	0,6525358	0,6466403	0,9635438	0,4470515	0,2151512	0,3152469	0,4601076	0,0136291	0,9040262	0,1373023	1,0145194	0,9955656	0,6122533	0,0074914	0,3172406
1040	0,3211957	0,6540928	0,6839009	1,0046016	0,4807814	0,2181604	0,3469849	0,4273087	0,0160690	0,9225670	0,1152576	1,0157328	0,9940350	0,6394135	0,0105687	0,2772637
1060	0,3310789	0,7249757	0,6790891	0,9645228	0,5201902	0,2617392	0,3572384	0,4175861	0,0207435	0,9485214	0,1358364	0,9948381	0,9712625	0,6510203	0,0113546	0,2857773
1080	0,3425789	0,7125865	0,5860312	0,9138604	0,5332997	0,2506981	0,3585601	0,4362149	0,0124179	0,9533637	0,1502458	0,8978444	0,9449858	0,6414126	0,0187360	0,3044515
1100	0,3257906	0,7075223	0,6327625	0,9633212	0,5007590	0,1947623	0,3762053	0,3864470	0,0097864	0,9161241	0,1486546	0,9003215	0,9576641	0,6400830	0,0205305	0,2813404

0	0,4000132	0,6515465	0,5796497	1,0480861	0,5080704	0,1654157	0,3372386	0,4314835	0,0065202	0,8968690	0,1676354	1,0203437	0,8801678	0,6643341	0,0184241	0,3004976
20	0,4103036	0,6223324	0,6284495	0,8184125	0,4999040	0,1491624	0,2525945	0,3661843	0,0123289	0,8625552	0,1337258	0,9322010	0,7475459	0,6216728	0,0093202	0,3108363
40	0,4022752	0,6220976	0,5737219	0,7363520	0,5042760	0,0806370	0,1934869	0,3984156	0,0127925	0,8861258	0,1462229	0,9238416	0,6436756	0,6353756	0,0082115	0,2903763
60	0,4273983	0,6436563	0,5620962	0,7272698	0,5432030	0,0636875	0,1708271	0,3783071	0,0055005	0,8818507	0,1495005	0,9407429	0,5336653	0,7214538	0,0091940	0,2672571
80	0,4408066	0,6322004	0,5879880	0,6529994	0,5430761	0,0381323	0,1420883	0,3770667	0,0037589	0,9170748	0,1686331	0,9925406	0,5257524	0,7159661	0,0125531	0,2788991
100	0,4074929	0,5836004	0,6211209	0,6157760	0,4901375	0,0216508	0,1077444	0,4008867	0,0077843	0,8991609	0,1711471	1,0217420	0,5284790	0,6781004	0,0118429	0,2604020
120	0,4168576	0,5705495	0,5743917	0,6481429	0,4615497	0,0252719	0,1064162	0,3558226	0,0042426	0,8919438	0,1756708	0,9791719	0,5301182	0,7077477	0,0155737	0,2662159
140	0,3905418	0,5928270	0,6362562	0,6409226	0,4693612	0,0139599	0,1015295	0,3872522	0,0016052	0,9239984	0,1753761	0,9600497	0,5151041	0,6765073	0,0068494	0,3016231
160	0,4074041	0,5960446	0,5815656	0,6212732	0,4932293	0,0157906	0,0788406	0,4300758	0,0034173	0,9077337	0,1862263	0,9565666	0,5067442	0,6041633	0,0030744	0,3341206
180	0,4452055	0,6523572	0,5670440	0,6362847	0,4474830	0,0247004	0,0592250	0,4359148	0,0047646	0,8651250	0,1955856	0,9245636	0,4883587	0,5933666	0,0058090	0,2881689
200	0,4436755	0,6519736	0,5442834	0,6442377	0,4962570	0,0190117	0,0410065	0,4204530	0,0003681	0,9184144	0,1739331	0,9601690	0,4616459	0,5655862	0,0120955	0,2666483
220	0,4123769	0,6163254	0,6174552	0,6350811	0,5294560	0,0292021	0,0381649	0,4036008	0,0005786	0,8901482	0,1678404	0,9401494	0,4472921	0,5799701	0,0106224	0,2880906
240	0,3871714	0,5749247	0,6106580	0,6271106	0,5620688	0,0213349	0,0502606	0,4136697	0,0002753	0,8946622	0,1696257	0,9669948	0,4551100	0,5909168	0,0040892	0,3362615
260	0,4065614	0,5974304	0,5857761	0,6204022	0,4709228	0,0228260	0,0604425	0,4055229	0,0006967	0,8990582	0,1754125	0,9953739	0,4403158	0,5989510	0,0040258	0,3310232
280	0,3945706	0,5589916	0,6431411	0,6489437	0,4384511	0,0172901	0,0519173	0,3939248	0,0035175	0,8523410	0,1594034	1,0176738	0,4288359	0,5594689	0,0122088	0,2963544
300	0,3825940	0,6141692	0,6737028	0,6562599	0,4967062	0,0233766	0,0532813	0,3850055	0,0006407	0,9010004	0,1334141	1,0237305	0,4136638	0,5876611	0,0092589	0,2691381
320	0,3680665	0,5978104	0,6913660	0,6082418	0,5015185	0,0148897	0,0497391	0,3574137	0,0017800	0,8955123	0,1206030	0,9918797	0,4229826	0,5570550	0,0191958	0,2725864
340	0,3746386	0,6560172	0,6522138	0,5974547	0,4719779	0,0195682	0,0386859	0,4338088	0,0013637	0,9030047	0,1223571	1,0095392	0,4611073	0,6296298	0,0219934	0,2840765
360	0,3890415	0,6566359	0,5858612	0,5597122	0,4858926	0,0139974	0,0356454	0,4668958	0,0026331	0,9113334	0,1325115	0,9947149	0,4784757	0,5932942	0,0149567	0,3247133
380	0,3851407	0,6424081	0,5969767	0,6039529	0,4776891	0,0162907	0,0322585	0,4068469	0,0018080	0,9609048	0,1457374	0,9624042	0,4399235	0,6373839	0,0154062	0,2751338
400	0,4023339	0,6207752	0,6278476	0,5726287	0,4763073	0,0295492	0,0383215	0,4053145	0,0006330	0,9331878	0,1166559	0,9515145	0,4142902	0,5866927	0,0130624	0,2913782
420	0,3832530	0,6401602	0,6461107	0,6287750	0,5074953	0,0218753	0,0533873	0,4237378	0,0000841	0,8863018	0,1154138	1,0036334	0,4102208	0,5545480	0,0064041	0,2828442
440	0,3908314	0,7005140	0,6654272	0,6193309	0,5209812	0,0171598	0,0353158	0,3933084	0,0017113	0,7878488	0,1246073	1,0150035	0,3982854	0,5247442	0,0070561	0,3127424
460	0,3727116	0,6837869	0,5898957	0,6438889	0,5090043	0,0191468	0,0376973	0,4070238	0,0028546	0,8120755	0,1216514	0,9872853	0,3898734	0,5392870	0,0089669	0,2658454
480	0,3634629	0,6710947	0,6222276	0,6278344	0,5145478	0,0121128	0,0365521	0,4429973	0,0030424	0,7889087	0,1362925	0,9733904	0,4304456	0,5881547	0,0095886	0,2736689
500	0,3855732	0,6606090	0,7026299	0,6117361	0,4824963	0,0154707	0,0234044	0,3791649	0,0010780	0,7829712	0,1334700	0,9180502	0,4098023	0,5434230	0,0084414	0,2770372
520	0,3926358	0,6661273	0,6751969	0,6609037	0,4620065	0,0192824	0,0210608	0,3665192	0,0015127	0,8196154	0,1342609	0,9267567	0,4061218	0,5449077	0,0063589	0,2667223
540	0,3501406	0,6794854	0,6205450	0,5830910	0,4084235	0,0200405	0,0292351	0,4121179	0,0023145	0,8875976	0,1325894	0,9558212	0,4075854	0,5351064	0,0071753	0,3058330
560	0,3463299	0,7004702	0,5701239	0,6315875	0,4183349	0,0238715	0,0243679	0,4094201	0,0004656	0,8347485	0,1452600	0,9821870	0,4156505	0,5498045	0,0086678	0,2752655
580	0,3885863	0,6544560	0,6135144	0,8101439	0,4590818	0,1119310	0,1461578	0,4141565	0,0012941	0,8944409	0,1639549	0,8909154	0,5485993	0,5811355	0,0123877	0,2876939
600	0,3759055	0,6826648	0,5971789	0,9322242	0,5372807	0,1849048	0,1866133	0,4310534	0,0059739	0,8867335	0,1376937	0,9214424	0,6388637	0,6227883	0,0121471	0,3198331
620	0,3817363	0,6306750	0,6514453	0,9583566	0,5245007	0,1968728	0,2261637	0,4294858	0,0071579	0,9213922	0,1472999	0,9372211	0,6502146	0,6428136	0,0141841	0,2621448
640	0,3930751	0,6293566	0,6462896	0,9213800	0,5029525	0,1781048	0,2462075	0,4511974	0,0181583	0,9000127	0,1392642	0,9846732	0,6991751	0,6389769	0,0198308	0,2682149
660	0,4117384	0,6276417	0,6115257	0,9133194	0,4767338	0,1541758	0,2467313	0,4025393	0,0201834	0,9259735	0,1312609	0,9831023	0,7145820	0,5965085	0,0180028	0,2554613
680	0,3763790	0,6554535	0,6607805	0,9233469	0,4870232	0,2124206	0,2527663	0,4279957	0,0153040	0,9199867	0,1419119	1,0415526	0,7718605	0,6018220	0,0182389	0,2865011
700	0,3899114	0,6294121	0,6260112	0,9318313	0,4456871	0,2172920	0,2701840	0,3744092	0,0213764	0,8727402	0,1385077	0,9769041	0,8364301	0,6187267	0,0167632	0,2926104
720	0,3855370	0,6055002	0,5908106	0,9486794	0,4213611	0,1953981	0,2603486	0,3879025	0,0103715	0,8913342	0,1490486	0,9745983	0,8460806	0,6484357	0,0077507	0,3364836
740	0,3753575	0,6007748	0,5844326	0,8898968	0,4327241	0,1862904	0,2897967	0,4296234	0,0063531	0,9608562	0,1580311	1,0246690	0,8742155	0,6504365	0,0077390	0,3253390
760	0,3816297	0,6485878	0,6167554	0,8474028	0,4487273	0,2115172	0,3139081	0,4390351	0,0122074	0,9762310	0,1412409	0,9752008	0,9476270	0,6805504	0,0130049	0,3371885
780	0,3463057	0,7026050	0,6116617	0,9312870	0,4641925	0,2129936	0,3509163	0,4604168	0,0232274	0,9910442	0,1368429	0,9502240	0,9237147	0,6581295	0,0127762	0,3227270
800	0,3767895	0,7183640	0,6015976	0,9048179	0,4707191	0,2231036	0,3984183	0,4624766	0,0183509	0,9426408	0,1452396	0,9780838	0,9214067	0,6803866	0,0033712	0,2968715
820	0,3687233	0,7048583	0,6483933	0,9355275	0,4520483	0,2038933	0,3890703	0,3951022	0,0113018	0,9646433	0,1419670	0,9818119	0,8433062	0,6654662	0,0078586	0,2586641
840	0,3772773	0,6575822	0,6496508	0,8980527	0,3964667	0,1986307	0,3999027	0,3788387	0,0189767	0,9299599	0,1330814	0,9630062	0,9030339	0,6902071	0,0152162	0,2519271
860	0,4073039	0,6759214	0,6123432	0,9044001	0,4551990	0,2269174	0,3829648	0,4668899	0,0152218	0,9902640	0,1543774	0,9359863	0,9049392	0,6773186	0,0171877	0,3062368
880	0,4130935	0,6709389	0,6078493	0,9281925	0,4788943	0,2216105	0,3391754	0,4273142	0,0071803	0,9442808	0,1492779	0,9243634	0,8955737	0,6914369	0,0127992	0,3290882
900	0,3730923	0,6714829	0,6334671	1,0669773	0,5297083	0,1808216	0,3529943	0,4415648	0,0186247	0,8971471	0,1540048	0,9529856	0,8800911	0,7101234	0,0067433	0,3206076
920	0,3552911	0,6376353	0,6731491	1,0959064	0,4982568	0,2043647	0,3584449	0,4163235	0,0191425	0,8550172	0,1373623	0,9820350	0,9280627	0,6828296	0,0061828	0,2657746
940	0,3826670	0,6776153	0,7086197	1,1171550	0,4683783	0,2139240	0,3931590	0,4253033	0,0132154	0,8270084	0,1367921	0,9523105	0,8830000	0,6564662	0,0037722	0,2756123
960	0,3874766	0,6172532	0,6724385	1,0489126	0,5080505	0,2102702	0,3852529	0,4047139	0,0120390	0,8980586	0,1197602	0,9508313	0,9259912	0,6778409	0,0045328	0,2784338
980	0,3879570	0,6759470	0,6796118	1,0506309	0,5075084	0,2321906	0,3617799	0,4239428	0,0094072	0,8692907	0,1411539	0,9851006	0,9287922	0,7512893	0,0002920	0,2877371
1000	0,4209540	0,6143961	0,6471327	1,0545924	0,5734491	0,2161060	0,3373674	0,4133399	0,0175353	0,8255403	0,1422968	0,9236072	0,9420506	0,7314868	0,0037972	0,2286581
1020	0,3970376	0,5856731	0,6289783	1,0189877	0,5644904	0,2211305	0,3255168	0,3895669	0,0282641	0,8293300	0,1348986	0,9552891	0,9245320	0,7347149	0,0046747	0,2614675
1040	0,3634297	0,5880108	0,6384456	0,9818982	0,4957343	0,2214389	0,3318313	0,3846541	0,0257464	0,8290479	0,1117934	1,0048291	0,9157203	0,6552320	0,0073733	0,2520556
1060	0,3463889	0,5338151	0,5868189	1,0015749	0,4700773	0,2170516	0,3142879	0,4001196	0,0216813	0,8277237	0,1281893	1,0401953	0,8374898	0,6687311	0,0053239	0,3091919
1080	0,3555911	0,5376993	0,6018229	0,9968399	0,4510100	0,2298710	0,2893852	0,3804318	0,0194924	0,9478339	0,1463564	1,0158722	0,7945788	0,6636318	0,0116741	0,3339705
1100	0,3380112	0,6111657	0,5930376	0,9707584	0,4379262	0,2103987	0,3093354	0,3801287	0,0171904	0,9110070	0,1447375	0,9830214	0,8763508	0,6823573	0,0060588	0,2762670

0	0,4000132	0,6515465	0,5796497	1,0480861	0,5080704	0,1654157	0,3372386	0,4314835	0,0065202	0,8968690	0,1676354	1,0203437	0,8801678	0,6643341	0,0184241	0,3004976
20	0,3869620	0,4940504	0,5565800	0,5783572	0,3416192	0,1206963	0,3303725	0,3745173	0,0137227	0,6700503	0,1358126	0,7343560	0,8995246	0,6882291	0,0139584	0,3083920
40	0,3905236	0,4468260	0,6650481	0,3648453	0,2792237	0,0693088	0,3104861	0,3733364	0,0107011	0,5479057	0,1206349	0,5664012	0,8579636	0,7145248	0,0219682	0,3338776
60	0,4201091	0,3544173	0,6794319	0,2419332	0,2597341	0,0522931	0,3066218	0,3657945	0,0086284	0,4457310	0,1377182	0,4687243	0,8997667	0,6744893	0,0254764	0,3282906
80	0,3955831	0,3178082	0,6724560	0,2192301	0,2838651	0,0527934	0,2944110	0,3794926	0,0083539	0,4115776	0,1548088	0,3724913	0,9307795	0,7310606	0,0222613	0,3255550
100	0,3656263	0,2930174	0,6415441	0,2009075	0,3491155	0,0356218	0,3500731	0,3902157	0,0087337	0,3510797	0,1500143	0,2892708	0,9634742	0,7406284	0,0235157	0,2993194
120	0,3718175	0,2729802	0,6157769	0,1471572	0,3701954	0,0249320	0,3799669	0,3618650	0,0055989	0,4070081	0,1533184	0,2489953	0,9429187	0,7459715	0,0180501	0,2565957
140	0,3649106	0,2732018	0,6665532	0,1498336	0,3180440	0,0317775	0,4054250	0,3717910	0,0014581	0,4154985	0,1535614	0,2402864	0,9242966	0,6777127	0,0134822	0,2934355
160	0,3950796	0,2744292	0,6639855	0,1050860	0,3558746	0,0369124	0,3789087	0,3804129	0,0010315	0,3828432	0,1641508	0,2209990	0,9378921	0,6093596	0,0026153	0,3152604
180	0,3974205	0,2441375	0,6501023	0,1144809	0,3229120	0,0497507	0,3670871	0,3455686	0,0020917	0,3556922	0,1854677	0,2425319	0,8900723	0,6337268	0,0116024	0,2903077
200	0,3981553	0,1957063	0,6023901	0,1398833	0,3003834	0,0444788	0,3925122	0,3172723	0,0015287	0,3778752	0,1899590	0,1993262	0,9503368	0,6920535	0,0102326	0,3059663
220	0,4065352	0,1840818	0,5780523	0,1578186	0,3322004	0,0330926	0,3800498	0,3277243	0,0038670	0,3217211	0,1936516	0,1998382	0,8988785	0,7181376	0,0170865	0,3161084
240	0,4360418	0,2170930	0,5786524	0,1530714	0,3440021	0,0402037	0,3806323	0,3489167	0,0043409	0,3599957	0,1645774	0,1867023	0,9226153	0,7086998	0,0213127	0,2859586
260	0,4580912	0,2773173	0,5874781	0,1543593	0,3670401	0,0289593	0,3555165	0,3419416	0,0034465	0,3594432	0,1904652	0,1838182	0,9778543	0,7030553	0,0232781	0,3216748
280	0,4937205	0,2483018	0,6509434	0,1387544	0,3316467	0,0391978	0,3688159	0,3425904	0,0013039	0,3575388	0,1841869	0,1577301	0,9763685	0,7220469	0,0215913	0,3196057
300	0,5141093	0,2488710	0,6926930	0,1143570	0,3182365	0,0437298	0,3835931	0,3755970	0,0019643	0,3857704	0,1603434	0,1686956	0,9803975	0,7052274	0,0212340	0,3237265
320	0,4844142	0,2476071	0,6676089	0,1231741	0,2986788	0,0451526	0,4194516	0,3416927	0,0009867	0,3836986	0,1581853	0,1691854	0,9143278	0,7424171	0,0146666	0,3264019
340	0,4702775	0,2317183	0,6501009	0,1252370	0,2797957	0,0517981	0,4440569	0,3795943	0,0023230	0,4059456	0,1475213	0,1390798	0,9469407	0,8009491	0,0159175	0,3469826
360	0,4947712	0,2313191	0,5941436	0,1245919	0,2966875	0,0340649	0,4308911	0,3493954	0,0047439	0,4033712	0,1432333	0,1608852	0,9038198	0,8451369	0,0179308	0,3998723
380	0,4849924	0,2255174	0,5801439	0,1153235	0,3009579	0,0311452	0,4654287	0,4034171	0,0101019	0,4057850	0,1576449	0,1797055	0,9060252	0,8269318	0,0097843	0,3963556
400	0,4756191	0,2061826	0,6023469	0,1138948	0,3190544	0,0330813	0,4241342	0,3734083	0,0072786	0,3654031	0,1317836	0,1635441	0,9050851	0,8195819	0,0057091	0,3292877
420	0,4675855	0,1714644	0,5829297	0,1358781	0,3761409	0,0383327	0,4247726	0,3467567	0,0048729	0,3792235	0,1398683	0,1646325	0,9339961	0,8155544	0,0098256	0,3521954
440	0,5211378	0,1908160	0,6115895	0,1323210	0,3793810	0,0236624	0,3779864	0,3427713	0,0013902	0,3878859	0,1286620	0,1831126	0,8916978	0,7316243	0,0073458	0,3426852
460	0,5174280	0,1765658	0,6093459	0,1407494	0,3743303	0,0321604	0,3580570	0,3398604	0,0008898	0,3855951	0,1424415	0,1607364	0,9182834	0,7581609	0,0092243	0,2806088
480	0,5219098	0,2130021	0,6448275	0,1469135	0,3637336	0,0398848	0,3675936	0,3449084	0,0006368	0,3807075	0,1245920	0,1488789	0,9697371	0,7175245	0,0138489	0,3106220
500	0,5727125	0,2104182	0,6407758	0,1674499	0,3714049	0,0498588	0,3734267	0,3164539	0,0064394	0,3666130	0,1455710	0,1610790	0,9305523	0,6883755	0,0091118	0,3040395
520	0,5763749	0,1753572	0,6181529	0,1525841	0,3519979	0,0495310	0,4062872	0,3639816	0,0100094	0,3711862	0,1684542	0,1701948	0,8671821	0,7064497	0,0119336	0,3321967
540	0,5496416	0,1803881	0,6480167	0,1624372	0,3311925	0,0408003	0,4197617	0,3611415	0,0083284	0,3560543	0,1795845	0,1686201	0,8602949	0,6994035	0,0117837	0,3309765
560	0,5523488	0,2044070	0,6445249	0,1366267	0,3436464	0,0261693	0,4209432	0,3612186	0,0085042	0,3560613	0,1592712	0,1716164	0,8925463	0,7315032	0,0217474	0,3101400
580	0,5191154	0,3555647	0,6741465	0,5441853	0,4846406	0,1620548	0,3839806	0,4023206	0,0126628	0,6175890	0,1460861	0,3686532	0,8903521	0,7579716	0,0127018	0,3644025
600	0,5194920	0,4627199	0,5935473	0,8620183	0,5635583	0,2548155	0,3849736	0,4273579	0,0123129	0,8056614	0,1608508	0,5295014	0,8842682	0,7635416	0,0109038	0,3195185
620	0,4660981	0,5571757	0,6435983	0,8937331	0,5294965	0,2734361	0,3967024	0,4118988	0,0079697	0,8208731	0,1502363	0,6411178	0,8803413	0,7167005	0,0147418	0,3082400
640	0,5055505	0,5780609	0,6400054	0,9719324	0,4530935	0,2376982	0,4181832	0,4177929	0,0042915	0,8627853	0,1295733	0,7409037	0,8602958	0,7027850	0,0095285	0,3290103
660	0,5314481	0,5893126	0,6379311	0,9652532	0,4588178	0,2337419	0,4230905	0,3982729	0,0055135	0,8813650	0,1324519	0,8215554	0,8677431	0,6605929	0,0058477	0,3324330
680	0,4720865	0,5924995	0,6005127	0,9308979	0,4824548	0,2247418	0,3746668	0,3995226	0,0198476	0,9166478	0,1469699	0,8308240	0,8830527	0,6412058	0,0058985	0,3076782
700	0,4559312	0,5224463	0,7015016	1,0403246	0,5466915	0,2313203	0,3192724	0,3715957	0,0180254	0,9262452	0,1266621	0,9459559	0,8509833	0,6810777	0,0062532	0,3360971
720	0,4166015	0,5617624	0,6721331	0,9855128	0,5371191	0,2341160	0,3545541	0,3636528	0,0061863	0,8493110	0,1516072	1,0041422	0,8435478	0,6757347	0,0077262	0,3151678
740	0,4051177	0,5751360	0,6655964	1,0282337	0,5059879	0,2087686	0,3282911	0,3653827	0,0064860	0,8999769	0,1301583	0,9688174	0,8688352	0,6444250	0,0094675	0,2850208
760	0,4014461	0,5853569	0,6679648	0,9733541	0,4247052	0,2016274	0,3437070	0,3886524	0,0124358	0,9409747	0,1379634	0,9446519	0,8871902	0,6453598	0,0092827	0,3110333
780	0,3676908	0,6442537	0,6433398	0,8998974	0,4237651	0,1939736	0,3159669	0,4377140	0,0114269	0,9788444	0,1141526	0,9280126	0,8645195	0,6278601	0,0110467	0,2848038
800	0,3750877	0,6819855	0,5771227	0,9633932	0,4335206	0,1920319	0,3021331	0,4281247	0,0176558	0,9521766	0,1207843	0,9501281	0,8465503	0,6077147	0,0131127	0,3109345
820	0,3763670	0,6871509	0,6032232	0,9250983	0,4767633	0,2215603	0,3043606	0,4041926	0,0205323	0,9109970	0,1197439	0,9136031	0,8165031	0,5747935	0,0130683	0,2707287
840	0,3551198	0,6980010	0,6073880	0,8952773	0,4985883	0,2156647	0,2887893	0,4052865	0,0102255	0,8840359	0,1310914	0,8760858	0,8741706	0,5838892	0,0124227	0,3037678
860	0,3501905	0,7120982	0,6039803	0,9541040	0,4924434	0,2265562	0,2853913	0,4104271	0,0128962	0,9173651	0,1258192	0,9132383	0,9107869	0,6228180	0,0102284	0,3054667
880	0,4022806	0,7525097	0,5863011	1,0079095	0,4379669	0,2128164	0,2957661	0,4100162	0,0044825	0,9318991	0,1312987	0,9515833	0,8848290	0,6141679	0,0082480	0,2735485
900	0,3985498	0,6956555	0,5766089	0,9640551	0,4303553	0,2252826	0,2638226	0,3938167	0,0118906	0,9118244	0,1460320	0,9651464	0,9240139	0,5567797	0,0052742	0,2615030
920	0,3889995	0,6908986	0,6168172	1,0055991	0,4148964	0,2293575	0,2690170	0,3692270	0,0069435	0,9088390	0,1484601	0,9631960	0,8611427	0,5677930	0,0028871	0,2458350
940	0,3867315	0,7240412	0,6509276	0,9937065	0,4432178	0,2151549	0,2874774	0,4159173	0,0066481	0,9053751	0,1206924	0,9821745	0,8353906	0,5946088	0,0071428	0,2694799
960	0,4156811	0,7491688	0,6496365	1,0030560	0,4931488	0,1814478	0,3243092	0,3885833	0,0063580	0,8868427	0,1339983	0,9616152	0,8380225	0,6016185	0,0074629	0,2462307
980	0,4253503	0,7131335	0,6044259	0,9761383	0,5432827	0,2066528	0,3298642	0,4115337	0,0076335	0,8646973	0,1312952	0,9374607	0,8053467	0,6588993	0,0094953	0,2569088
1000	0,3990654	0,6380184	0,6311446	1,0262156	0,5446854	0,1847722	0,3355116	0,4139238	0,0078688	0,9626192	0,1270376	0,9439523	0,8427191	0,6826690	0,0079920	0,2518520
1020	0,3798420	0,6567234	0,6641309	1,0144381	0,5000440	0,1588342	0,3668055	0,4511588	0,0102026	0,9043580	0,1307309	0,9636975	0,7978302	0,7031863	0,0055220	0,3050802
1040	0,4040890	0,6518910	0,6690537	0,9361353	0,4770011	0,1701080	0,3887758	0,4483858	0,0098317	0,8968679	0,1292414	0,9826491	0,7783643	0,6583547	0,0118308	0,3023106
1060	0,3840319	0,6531949	0,6322420	0,9512339	0,4607254	0,1665831	0,3490932	0,4505539	0,0161784	0,7818617	0,1314860	1,0215992	0,7444267	0,5962983	0,0069685	0,2698689
1080	0,3802647	0,6541924	0,5864018	0,9669120	0,4274527	0,1833901	0,3370778	0,4353275	0,0135542	0,8106819	0,1500814	1,0176875	0,7580031	0,5533665	0,0047820	0,2678822
1100	0,3517787	0,6406427	0,5169607	0,9496160	0,4005050	0,2128229	0,3567122	0,4084336	0,0056124	0,8778753	0,1452384	1,0103552	0,7157426	0,5428072	0,0114844	0,2846625

0	0,4000132	0,6515465	0,5796497	1,0480861	0,5080704	0,1654157	0,3372386	0,4314835	0,0065202	0,8968690	0,1676354	1,0203437	0,8801678	0,6643341	0,0184241	0,3004976
20	0,3395563	0,4963454	0,6445558	0,9100772	0,5759214	0,2280649	0,2403659	0,4051523	0,0092978	0,8676036	0,1384707	1,0452899	0,8290126	0,5727664	0,0059589	0,1673064
40	0,3152463	0,4025654	0,6357589	0,9478776	0,5408148	0,2219086	0,1993353	0,3941003	0,0092271	0,8614624	0,1222380	1,0080473	0,8249791	0,5569583	0,0070473	0,0888859
60	0,3864161	0,3751481	0,6598359	0,8731572	0,5841797	0,2213214	0,1418045	0,3870516	0,0122595	0,9351998	0,1174514	0,9879108	0,8404003	0,5638739	0,0039868	0,0591152
80	0,4128643	0,3477145	0,5632024	0,8695790	0,5471818	0,1916452	0,1180844	0,4247519	0,0114243	0,8808935	0,1389185	0,9653092	0,8266961	0,5744593	0,0020708	0,0340332
100	0,4644178	0,3156092	0,5569696	0,8106331	0,4335241	0,1686577	0,0872867	0,4340248	0,0150813	0,9337511	0,1449982	0,9587288	0,8597930	0,6150566	0,0009421	0,0474914
120	0,4558927	0,2722971	0,5723088	0,8475176	0,4313152	0,1710719	0,0861727	0,4123502	0,0090136	0,9172276	0,1428478	0,8604664	0,7717631	0,6309479	0,0016993	0,0435368
140	0,4824921	0,2245407	0,5540082	0,9228400	0,4844643	0,1915914	0,0659451	0,4097419	0,0141950	0,8666560	0,1611719	0,8928276	0,7797378	0,6110151	0,0017127	0,0267078
160	0,4588201	0,2317935	0,5867884	0,9715597	0,4735263	0,1846590	0,0733027	0,3851179	0,0179938	0,8433211	0,1397363	0,9209091	0,7837624	0,5806058	0,0024389	0,0251951
180	0,4620339	0,1979236	0,6218936	0,9279185	0,4776089	0,1979934	0,0562274	0,4123810	0,0237346	0,8156360	0,1263326	0,9180689	0,7759344	0,5702210	0,0038985	0,0242848
200	0,4859609	0,2065150	0,5751387	0,9115053	0,4765942	0,1954139	0,0476541	0,4058958	0,0292548	0,7932038	0,1213982	0,9785521	0,7791390	0,5740057	0,0008795	0,0196977
220	0,5189971	0,1594859	0,5944248	0,9715936	0,5134693	0,2142458	0,0442360	0,4223705	0,0188931	0,8290030	0,1176778	0,9838757	0,7376631	0,5865469	0,0000000	0,0191586
240	0,5029863	0,1763993	0,6304168	0,9690289	0,5003755	0,2325845	0,0353882	0,4025257	0,0137808	0,8416478	0,1023493	0,9469937	0,8151415	0,5942177	0,0000614	0,0196177
260	0,5233770	0,2117066	0,6661467	0,9661081	0,4377624	0,2048251	0,0283500	0,4222483	0,0168292	0,8223105	0,1184340	0,9876260	0,8372648	0,6070124	0,0001438	0,0173935
280	0,5170201	0,1896096	0,7223971	1,0119146	0,3712493	0,1790662	0,0347343	0,3642668	0,0108431	0,8820727	0,1353801	0,9855125	0,9226309	0,6486170	0,0009014	0,0167687
300	0,4588390	0,1873512	0,7220358	0,9480389	0,3736240	0,1966846	0,0471069	0,3833980	0,0167791	0,9140993	0,1078594	1,0192396	0,8674713	0,6106821	0,0004707	0,0293786
320	0,4320317	0,1396715	0,6259229	0,9044246	0,4391362	0,2073494	0,0546989	0,4112778	0,0181063	0,9346811	0,1252893	1,0377636	0,8792074	0,6156569	0,0001243	0,0294668
340	0,4920881	0,1472108	0,6427889	0,9393165	0,5019571	0,2060535	0,0558778	0,4129664	0,0206024	0,9725579	0,1341070	1,0114700	0,8897051	0,5866586	0,0003354	0,0237847
360	0,4856294	0,1454393	0,6754947	0,9976426	0,4928445	0,2100024	0,0408077	0,4030404	0,0087119	0,9576860	0,1397766	1,0262095	0,8335679	0,6453698	0,0001609	0,0293662
380	0,4502259	0,1647519	0,6683744	0,9320417	0,5110779	0,2495016	0,0271539	0,4093816	0,0151360	1,0609075	0,1303561	0,9560557	0,8420468	0,6451205	0,0002367	0,0259943
400	0,5384171	0,1911828	0,6103516	0,9349544	0,4997840	0,2012252	0,0376354	0,3973469	0,0115454	0,9361831	0,1272310	0,9394735	0,7928865	0,5935366	0,0013986	0,0177970
420	0,5796793	0,2118778	0,5583263	0,9055427	0,5946393	0,2082094	0,0467451	0,4247583	0,0105533	0,9696190	0,1348814	0,9816295	0,8497784	0,5942163	0,0011982	0,0123004
440	0,6254037	0,2042616	0,5824632	0,9882718	0,5448094	0,1694073	0,0506846	0,4210170	0,0139310	0,9092073	0,1324222	1,0165559	0,8695420	0,6648087	0,0016974	0,0172017
460	0,5862362	0,2031533	0,6547927	0,9721821	0,4747531	0,2154631	0,0441867	0,3951219	0,0130622	0,9287801	0,1411805	1,0324803	0,8526183	0,6079135	0,0000680	0,0186588
480	0,5758921	0,1866896	0,6631655	0,9756815	0,4396866	0,2006154	0,0457902	0,4001820	0,0166440	0,9290519	0,1365750	0,9314398	0,8470072	0,6157390	0,0001063	0,0317406
500	0,5877412	0,1708429	0,6079507	0,9747638	0,4425757	0,1977858	0,0440238	0,4026965	0,0221141	0,9031900	0,1423958	0,9699169	0,8700815	0,6235600	0,0001403	0,0223256
520	0,5777856	0,1520661	0,5966779	1,0447375	0,4935134	0,1945650	0,0368484	0,3815905	0,0252789	0,9673852	0,1583821	0,9218412	0,8904612	0,6125594	0,0000000	0,0094436
540	0,5445210	0,1660518	0,5996277	0,9391952	0,4941335	0,2340991	0,0401928	0,3723327	0,0186428	0,8947920	0,1345829	0,8629735	0,8999153	0,5887832	0,0000695	0,0127312
560	0,5198828	0,1620854	0,5868835	0,9169403	0,5247904	0,2061750	0,0392887	0,4083171	0,0133149	0,8038494	0,1481752	0,8962318	0,8756515	0,6002188	0,0001080	0,0122413
580	0,5164937	0,3785147	0,6053012	0,9472517	0,5283617	0,1944722	0,1160972	0,4024141	0,0152617	0,8116385	0,1392714	0,8855086	0,8444855	0,5668090	0,0020144	0,0829955
600	0,4935884	0,4811996	0,6218857	0,9720341	0,4961882	0,2253097	0,1599994	0,3980581	0,0157094	0,8409492	0,1261747	0,9454483	0,8647951	0,5922164	0,0060718	0,1644640
620	0,5101576	0,5652687	0,6818337	0,9234205	0,4847053	0,1941298	0,1941381	0,4331974	0,0160282	0,8217893	0,1218938	0,9676229	0,8860218	0,6119851	0,0096579	0,2402701
640	0,4937371	0,6206321	0,6590364	0,9490023	0,5166139	0,1778747	0,2261650	0,3969365	0,0051682	0,8801748	0,1149699	1,0109638	0,9022379	0,5996446	0,0053785	0,2671236
660	0,4925936	0,5846534	0,5224459	1,0039738	0,5054182	0,2119785	0,2889062	0,4020863	0,0078264	0,8593118	0,1291280	0,9820213	0,8887526	0,5625883	0,0080138	0,2809687
680	0,4579444	0,6053907	0,5323198	0,9937897	0,4484750	0,1762310	0,3034657	0,4339621	0,0162078	0,8861282	0,1531559	1,0004857	0,9041499	0,5780971	0,0136318	0,2884750
700	0,4175981	0,5977922	0,5803749	1,0014318	0,4316821	0,1937732	0,3124449	0,3758862	0,0113286	0,9124427	0,1336510	0,9897098	0,8815751	0,5578582	0,0134883	0,2867256
720	0,3867221	0,5928001	0,6269448	0,9955480	0,4949752	0,2180233	0,3274909	0,3696457	0,0071193	0,9596075	0,1294877	1,0432354	0,8907385	0,5738152	0,0091319	0,2810147
740	0,4106739	0,5901506	0,6445350	1,0132022	0,5446981	0,2095021	0,3321812	0,4100595	0,0149308	0,9115457	0,1385293	1,0164076	0,8985115	0,6876616	0,0030844	0,2829819
760	0,4088767	0,5902169	0,6052374	0,9947628	0,5622834	0,2054513	0,3427109	0,3754680	0,0098165	0,9434958	0,1354548	1,0193324	0,9006315	0,7075548	0,0140078	0,3086060
780	0,4233288	0,6047256	0,5974211	0,9620498	0,5738403	0,2089943	0,3167224	0,4091681	0,0134386	0,9431296	0,1400835	0,9876090	0,8672454	0,7149620	0,0139385	0,3283115
800	0,4313751	0,6419196	0,6063189	0,9841024	0,4949264	0,1862395	0,3434059	0,4415795	0,0158365	0,9372341	0,1274250	0,9696592	0,8735977	0,6626919	0,0099251	0,2921316
820	0,4238194	0,6427432	0,6637420	0,9231876	0,4474990	0,1793244	0,3244623	0,4170279	0,0181180	0,8962151	0,1305590	0,9919885	0,8880662	0,6343721	0,0096572	0,2945641
840	0,4507902	0,6746268	0,6631910	1,0215983	0,4932895	0,1951050	0,3513983	0,4124287	0,0170145	0,8540671	0,1021639	0,9933600	0,9349317	0,6640274	0,0151482	0,2967879
860	0,4125732	0,5979842	0,6760381	0,9757749	0,4905028	0,1994220	0,3596951	0,4208175	0,0229785	0,7841728	0,0964452	0,9751267	0,9564688	0,6008243	0,0087921	0,3043878
880	0,3963722	0,6637794	0,6652816	0,9732825	0,4391159	0,2349130	0,3588337	0,3975184	0,0186145	0,7859893	0,1170599	0,9736550	0,9269631	0,6305382	0,0059696	0,2958250
900	0,4258805	0,6570125	0,5991262	0,9327260	0,4279289	0,1839543	0,3520685	0,3970745	0,0080364	0,8648118	0,1245656	0,9703598	0,9404148	0,6643504	0,0023708	0,2837894
920	0,4296713	0,6356539	0,6502019	0,8859371	0,4813247	0,2057659	0,3645067	0,4212534	0,0171255	0,8758052	0,1324168	0,9621562	0,9108981	0,6699318	0,0068440	0,3116076
940	0,4450596	0,6126908	0,5710111	0,9183604	0,4801701	0,1889876	0,3465440	0,4001583	0,0234404	0,8806711	0,1298296	0,9693723	0,9267399	0,6878356	0,0078367	0,3093890
960	0,4031808	0,5957575	0,5653123	0,8985743	0,4656496	0,2172476	0,3270958	0,3710735	0,0176401	0,9001331	0,1177300	1,0457456	0,9710991	0,7093257	0,0019350	0,2951305
980	0,3698506	0,6594514	0,5863671	0,8599619	0,4728458	0,2557401	0,3123500	0,3660489	0,0130294	0,9128444	0,1243848	0,9766001	0,9234609	0,7355774	0,0065169	0,2816121
1000	0,3591494	0,6254040	0,6243906	0,8992220	0,4927683	0,2519390	0,3431940	0,4286810	0,0083582	0,9424291	0,1465464	0,9773605	0,9227235	0,6610854	0,0068225	0,3354407
1020	0,3623686	0,6825040	0,7041314	0,9455334	0,5314890	0,2634807	0,3380534	0,4401000	0,0107467	1,0141521	0,1573639	0,9518535	0,9870941	0,6837708	0,0079051	0,3733975
1040	0,3369590	0,6416678	0,7107167	0,9834799	0,6184768	0,2299409	0,3384329	0,4477752	0,0132362	1,0638986	0,1376214	0,9781607	1,0243594	0,6781870	0,0060064	0,3335263
1060	0,3653877	0,6493769	0,6833334	0,9785053	0,5419981	0,1785340	0,3705005	0,4311156	0,0086993	0,9718927	0,1159558	1,0077691	0,9722866	0,6429602	0,0093156	0,3125667
1080	0,3985284	0,6737374	0,7078852	0,9347154	0,5111529	0,2111821	0,3627711	0,4135241	0,0062618	0,9875734	0,1139382	1,0697109	0,9179065	0,6050031	0,0129972	0,2906514
1100	0,4019156	0,6589972	0,6179896	0,9581577	0,5374479	0,2076876	0,3833393	0,4146167	0,0103806	0,9251595	0,1168192	1,0392041	0,8841027	0,6092874	0,0109770	0,2950589

0	0,4000132	0,6515465	0,5796497	1,0480861	0,5080704	0,1654157	0,3372386	0,4314835	0,0065202	0,8968690	0,1676354	1,0203437	0,8801678	0,6643341	0,0184241	0,3004976
20	0,3931171	0,7019911	0,4207275	0,9260045	0,3587036	0,1741846	0,2712029	0,3765747	0,0100993	0,9542803	0,1160117	0,6810245	0,8263286	0,4232331	0,0170880	0,2951888
40	0,3210421	0,7376237	0,3828925	0,9122962	0,3466298	0,1902966	0,2061952	0,3143156	0,0195484	0,9085962	0,1078295	0,5175058	0,8189212	0,3234977	0,0171199	0,2605292
60	0,3245157	0,6449393	0,4019871	0,9406155	0,3676760	0,2599171	0,1469066	0,3253116	0,0196603	0,9703217	0,1133335	0,3455864	0,7875273	0,2709805	0,0231715	0,2732087
80	0,3231378	0,6569380	0,3479703	0,9372810	0,4043221	0,2500956	0,1281103	0,3658844	0,0141284	0,9461548	0,1370683	0,2821244	0,8388272	0,1912840	0,0205009	0,3137118
100	0,2848932	0,6977503	0,3244692	0,9708055	0,3957614	0,2552401	0,1046053	0,4061841	0,0097972	0,9943152	0,1375078	0,2016760	0,8370212	0,1429136	0,0168970	0,3418265
120	0,3060419	0,7028125	0,3131594	0,9611580	0,3718107	0,2617725	0,0770390	0,3858895	0,0095805	0,9539282	0,1484477	0,1306656	0,8563597	0,1306392	0,0126377	0,3071976
140	0,3101306	0,6985691	0,2885975	0,9804216	0,3458186	0,2477933	0,0480379	0,3477637	0,0165907	0,9363450	0,1694443	0,1046998	0,8493749	0,0864251	0,0084131	0,3347819
160	0,3446424	0,7370273	0,3231770	1,0384378	0,3508086	0,2549616	0,0443536	0,3896340	0,0153805	0,9288532	0,1662401	0,0925660	0,8406219	0,0784151	0,0136764	0,3284400
180	0,3641919	0,7258605	0,3270719	1,0736895	0,3617722	0,2167520	0,0383244	0,4110229	0,0180613	0,9349803	0,1664257	0,0686400	0,8574880	0,0665989	0,0061209	0,3308665
200	0,3629638	0,6614420	0,3538649	1,0721504	0,3840278	0,2497749	0,0380730	0,4103420	0,0274086	0,9814350	0,1409110	0,0409124	0,8643885	0,0502593	0,0055009	0,3326857
220	0,3566080	0,6971572	0,3892253	0,9703103	0,4517658	0,2376137	0,0263717	0,4211238	0,0247706	0,9171446	0,1510369	0,0232733	0,8391387	0,0619738	0,0209184	0,3301257
240	0,3670095	0,6268714	0,3834058	0,9536763	0,4734077	0,2547384	0,0161911	0,3457139	0,0145303	0,9092098	0,1654776	0,0135124	0,8357998	0,0572260	0,0149110	0,3358745
260	0,4123822	0,6745119	0,3957372	0,9559014	0,4132155	0,2418513	0,0143868	0,3826329	0,0114195	0,9114118	0,1561046	0,0213335	0,8543803	0,0549009	0,0138137	0,3612014
280	0,4055198	0,6170856	0,3583769	0,9387336	0,4188022	0,2525604	0,0107712	0,3758392	0,0185539	0,8433208	0,1611062	0,0141321	0,8835510	0,0584987	0,0118084	0,3280145
300	0,4076558	0,5810120	0,3820655	0,9459693	0,4310544	0,2392508	0,0098662	0,3681559	0,0298883	0,8837889	0,1490087	0,0199190	0,8948379	0,0570844	0,0107187	0,3053007
320	0,3896115	0,6137066	0,3932303	0,9761869	0,4236183	0,2586974	0,0102592	0,3667550	0,0291943	0,8752431	0,1667466	0,0149795	0,8905559	0,0544678	0,0084500	0,3383422
340	0,3960648	0,6733247	0,3888693	1,0128591	0,4331242	0,3142340	0,0049500	0,4035144	0,0201938	0,9015662	0,1478807	0,0157403	0,9418032	0,0378041	0,0092941	0,3489028
360	0,3714230	0,6661716	0,3494892	1,0031468	0,4201406	0,3379028	0,0067398	0,3997909	0,0127567	0,8353701	0,1683287	0,0194819	0,8826437	0,0374509	0,0207187	0,3421611
380	0,4081467	0,6327673	0,2986261	1,0486503	0,3892073	0,3315050	0,0046564	0,4098359	0,0174884	0,8014760	0,1629219	0,0210603	0,9269898	0,0452219	0,0076289	0,3270388
400	0,3866269	0,5936137	0,3037450	0,9288230	0,4153398	0,2945833	0,0045940	0,3977625	0,0098504	0,8177266	0,1670824	0,0187901	0,8930445	0,0475879	0,0158710	0,2998360
420	0,3496224	0,6022132	0,3361909	1,0395684	0,4424536	0,3134007	0,0003175	0,4022821	0,0133982	0,8683409	0,1572167	0,0132432	0,8977946	0,0694496	0,0148739	0,2870462
440	0,3417313	0,6307624	0,3292853	1,0431926	0,3920040	0,2653875	0,0007336	0,3440249	0,0237955	0,8643074	0,1729469	0,0253550	0,9037000	0,0463409	0,0086947	0,2753984
460	0,3586862	0,6433540	0,3455073	1,0090363	0,4011585	0,2772153	0,0000000	0,2929314	0,0253055	0,9180013	0,1505033	0,0212369	0,9553832	0,0715126	0,0100400	0,2847323
480	0,4041154	0,6823862	0,3578879	1,0059354	0,3753864	0,2480182	0,0004545	0,2841788	0,0169252	0,9999184	0,1254953	0,0247792	0,9932516	0,0630834	0,0055064	0,2810691
500	0,4481054	0,6623182	0,3565598	0,9784092	0,3640258	0,2632948	0,0041353	0,2805079	0,0141486	0,9685494	0,1445109	0,0247685	0,9287100	0,0674076	0,0058576	0,2912754
520	0,4389482	0,6981158	0,3523071	0,9333205	0,3252601	0,2676490	0,0049251	0,3233773	0,0220699	0,9635542	0,1486204	0,0236503	0,9442553	0,0704516	0,0055864	0,3756501
540	0,3809564	0,6748210	0,3760169	0,9852127	0,3409552	0,2837621	0,0045772	0,3574331	0,0221930	0,9375428	0,1710490	0,0148613	0,9462011	0,0618244	0,0076747	0,3884645
560	0,3805807	0,6262423	0,3640600	1,0139844	0,3940624	0,3058995	0,0062832	0,3525143	0,0098050	0,8983732	0,1727575	0,0239411	0,9191843	0,0626288	0,0120717	0,3670849
580	0,3344732	0,6085019	0,5287705	1,0201237	0,5187069	0,3109946	0,0812684	0,3861220	0,0095313	0,9315835	0,1299346	0,3199095	0,9645742	0,3105131	0,0124037	0,3661428
600	0,3451631	0,6548726	0,6372101	0,9807599	0,6300980	0,2938708	0,1875196	0,4059049	0,0108250	0,9749441	0,1578265	0,5010554	0,9236299	0,4129756	0,0080506	0,3243858
620	0,3502931	0,7224208	0,6650808	0,9583487	0,6263580	0,2510865	0,2427611	0,3784328	0,0154804	0,9556001	0,1881051	0,6274662	0,8898236	0,4767786	0,0057691	0,3144339
640	0,3826488	0,6920157	0,6506735	1,0719078	0,5595364	0,2493347	0,3082821	0,3922725	0,0162620	0,9698044	0,1537868	0,7805073	0,9061824	0,5559283	0,0058180	0,3156414
660	0,3980619	0,7226523	0,5899460	0,9873271	0,5257547	0,2385586	0,3237390	0,4091172	0,0182050	0,9419645	0,1462059	0,8166039	0,9026346	0,5799623	0,0108742	0,3525939
680	0,3733905	0,6889756	0,6353604	0,9964799	0,5311629	0,1700030	0,4037775	0,4115776	0,0167317	0,8844301	0,1357361	0,9142703	0,9135775	0,5642456	0,0047568	0,3359731
700	0,3406525	0,6995830	0,6126810	1,0266128	0,4578548	0,1686014	0,3831763	0,3936924	0,0215261	0,9188103	0,1182122	0,9933630	0,8532748	0,6368849	0,0010123	0,3301803
720	0,3892014	0,7244608	0,6970059	1,0531882	0,4401884	0,1745600	0,3607007	0,3789126	0,0170062	0,9011173	0,1254407	0,9874165	0,8297653	0,6248035	0,0060456	0,3027891
740	0,3578253	0,6519728	0,6570610	1,0329545	0,4865682	0,2226690	0,3691484	0,3852123	0,0088934	0,8753439	0,1325906	0,9992444	0,8100402	0,6611255	0,0093832	0,3142884
760	0,3367747	0,6509908	0,5786511	1,0310484	0,4929412	0,2135846	0,4175927	0,4698861	0,0140672	0,9052917	0,1439797	1,0217218	0,8424537	0,7044704	0,0166379	0,3316215
780	0,3809024	0,6532254	0,6173750	1,0495481	0,5025141	0,2126813	0,3713335	0,4387134	0,0119322	0,8861905	0,1232948	1,0581249	0,8637204	0,6680144	0,0198742	0,3193436
800	0,3969417	0,6796138	0,6145438	1,0129317	0,4547393	0,1885682	0,3810778	0,4621437	0,0089944	0,9815783	0,1279002	0,9935666	0,9091868	0,6705849	0,0153534	0,2746101
820	0,4004416	0,7527300	0,6129937	1,0563807	0,4613820	0,1703471	0,3638071	0,3746855	0,0094634	0,9235512	0,1325808	0,9792854	0,8975873	0,6686376	0,0152922	0,3093054
840	0,4214165	0,7203965	0,6160071	0,9710794	0,4626806	0,1853900	0,3474660	0,3762007	0,0107115	0,8991215	0,1567734	0,9402878	0,9192223	0,6644701	0,0097935	0,3306687
860	0,4290280	0,6795576	0,6229010	0,9365679	0,4930831	0,2185964	0,3710586	0,3579557	0,0074200	0,9703522	0,1550892	0,9021085	0,9661938	0,6618841	0,0061046	0,2658312
880	0,3804703	0,6811528	0,5719404	0,9934297	0,5335919	0,2103267	0,3585109	0,4007922	0,0085042	0,9090876	0,1464141	0,9661799	0,8725090	0,6680887	0,0052961	0,3027420
900	0,3931025	0,6703383	0,5776070	0,9910954	0,5196461	0,2104642	0,3836839	0,3715832	0,0050349	0,8105198	0,1386662	0,9926121	0,9072377	0,6873128	0,0061105	0,3339622
920	0,4332811	0,6464667	0,6112025	1,0471161	0,5389703	0,1983841	0,3568508	0,3896426	0,0170887	0,8801454	0,1403149	1,0098834	0,9464987	0,6440178	0,0026430	0,3030540
940	0,3812379	0,6131635	0,6267377	0,9560634	0,5351594	0,1790601	0,3359605	0,3680282	0,0086505	0,9590651	0,1383337	0,9570959	0,9371161	0,6564883	0,0097016	0,2599082
960	0,3915537	0,6063778	0,6770045	0,9364265	0,5002811	0,1889492	0,3433838	0,3721956	0,0239043	0,9654202	0,1418598	0,9493236	0,9485786	0,6689469	0,0217147	0,2694901
980	0,3632948	0,6017576	0,5905650	1,0318052	0,4749464	0,1721523	0,3653952	0,4151525	0,0125274	0,9063900	0,1354975	0,8704109	0,9142564	0,6796892	0,0103054	0,2817216
1000	0,3818718	0,6431377	0,6313056	1,0531926	0,4534633	0,2000727	0,3499794	0,4610227	0,0125133	0,8432413	0,1323421	0,8716493	0,9524473	0,7048369	0,0085632	0,3293095
1020	0,3734931	0,6106664	0,5666971	0,9596774	0,4454276	0,2254310	0,3199746	0,4847437	0,0097952	0,8521632	0,1411011	0,9456910	0,9224016	0,7139321	0,0103473	0,3084429
1040	0,3475944	0,6470175	0,5859186	0,9436666	0,4343748	0,2043861	0,3057119	0,4483621	0,0019485	0,8344919	0,1745415	0,9392081	0,9182669	0,6645255	0,0084718	0,2764694
1060	0,3654140	0,6707788	0,6544601	0,9145659	0,4524527	0,2084925	0,3305551	0,3974403	0,0054898	0,9498135	0,1681576	0,9182094	0,8864742	0,6731653	0,0048393	0,2423986
1080	0,3583056	0,6800803	0,6976614	0,9143253	0,4381940	0,2351177	0,3236457	0,4232947	0,0133005	0,9671898	0,1764133	0,8866382	0,8547196	0,7151488	0,0046332	0,2873518
1100	0,3508151	0,6852999	0,6391290	0,9621131	0,5034591	0,2241852	0,3179792	0,4240857	0,0158255	0,9394604	0,1735932	0,9491657	0,8676642	0,7255530	0,0032041	0,3054562

0	0,4000132	0,6515465	0,5796497	1,0480861	0,5080704	0,1654157	0,3372386	0,4314835	0,0065202	0,8968690	0,1676354	1,0203437	0,8801678	0,6643341	0,0184241	0,3004976
20	0,3184748	0,6618920	0,6224175	0,9442912	0,4630583	0,1631631	0,3542490	0,4159798	0,0081730	0,9300141	0,1715871	0,7455721	0,8288157	0,5703787	0,0057714	0,1968812
40	0,2408555	0,6718733	0,6833839	0,9661186	0,4573422	0,2086541	0,3296349	0,4306794	0,0125241	0,9032278	0,1522692	0,5456767	0,7709239	0,5759383	0,0001839	0,1313587
60	0,2146855	0,7157527	0,6326033	0,9052588	0,5167966	0,2025481	0,3342627	0,4069397	0,0095997	0,9017239	0,1431743	0,4144726	0,6904369	0,5749981	0,0064999	0,1260876
80	0,1729801	0,7126470	0,6555290	0,9402647	0,5143654	0,1926228	0,3227027	0,4101985	0,0137162	0,9110038	0,1493378	0,3292924	0,6781654	0,5573479	0,0073022	0,1051486
100	0,1485675	0,7686391	0,7156009	0,8973259	0,4755046	0,2121691	0,3292815	0,3994759	0,0092852	0,9070716	0,1306443	0,2604609	0,6906070	0,6501100	0,0111010	0,0921885
120	0,1251324	0,7859517	0,6331819	0,9737367	0,5072099	0,2162934	0,3236185	0,3883887	0,0108834	0,9245197	0,1141115	0,2421908	0,6924397	0,6335203	0,0041115	0,0944074
140	0,1184765	0,7642930	0,6196887	0,9952405	0,4967752	0,2188928	0,3167046	0,4103298	0,0169440	0,9855822	0,1445770	0,2370666	0,6414893	0,6595019	0,0045506	0,0957030
160	0,0940847	0,8305274	0,5829084	1,0222459	0,5088891	0,1976759	0,3254569	0,3965699	0,0127648	0,9069169	0,1436486	0,2115458	0,6842021	0,6242388	0,0155857	0,0856019
180	0,1018141	0,8496566	0,6122023	0,9605276	0,5327090	0,2133720	0,3169031	0,3933398	0,0164574	0,8832564	0,1334651	0,1922179	0,6446235	0,6982558	0,0143559	0,0781945
200	0,1007759	0,8301492	0,6256583	0,9401614	0,5253022	0,2173375	0,3283649	0,3800608	0,0179520	0,9440539	0,1383435	0,1887265	0,6643821	0,6458805	0,0139127	0,0882626
220	0,1018365	0,8269946	0,6392802	0,8845992	0,4743505	0,1684526	0,3160517	0,3437510	0,0193541	0,9131794	0,1129301	0,1614017	0,6489360	0,6814022	0,0192738	0,0861766
240	0,1176591	0,7448096	0,6760748	0,9315478	0,4673827	0,1608394	0,3378284	0,3885882	0,0199386	0,9610277	0,1312127	0,1695847	0,6491331	0,7155840	0,0192646	0,1032973
260	0,1265324	0,7399141	0,6037319	0,8603122	0,4724558	0,2091406	0,3375971	0,4392329	0,0175335	0,9333061	0,1250365	0,1694975	0,6335116	0,6678181	0,0162850	0,0994631
280	0,1323817	0,7313056	0,5957313	0,8821883	0,4747718	0,2026777	0,3256408	0,4158975	0,0215706	0,9200601	0,1422959	0,1677645	0,6012490	0,6470162	0,0154068	0,0900785
300	0,1281473	0,8103426	0,5890814	0,9038700	0,5213756	0,2407189	0,3201905	0,4483140	0,0184770	0,9194873	0,1513311	0,1826715	0,6520496	0,6557840	0,0205449	0,0831783
320	0,1192333	0,8056406	0,6396372	0,9871175	0,5082573	0,2808773	0,3517705	0,4428077	0,0185475	0,9081631	0,1712246	0,1858884	0,6686942	0,6587108	0,0110290	0,1022314
340	0,1232013	0,8721032	0,6527811	0,9871046	0,4796508	0,2456815	0,3477926	0,4607220	0,0053397	0,8488045	0,1800945	0,1774030	0,6529384	0,6524861	0,0083265	0,1069049
360	0,1471203	0,7940819	0,6315163	1,0005840	0,4898968	0,2246477	0,3229044	0,4449428	0,0144117	0,8469407	0,1628648	0,1783734	0,6040334	0,6678942	0,0140679	0,1132246
380	0,1407983	0,8117610	0,6381097	1,0135183	0,4764556	0,1840834	0,3096431	0,3580154	0,0175461	0,8143401	0,1473466	0,1623567	0,5897171	0,6237463	0,0109604	0,0813750
400	0,1221062	0,8284123	0,6537767	0,9854581	0,4885102	0,1922129	0,3205508	0,3515438	0,0131132	0,8953135	0,1410917	0,1415808	0,6068650	0,6112883	0,0143367	0,0824471
420	0,1018798	0,8803780	0,6199446	0,9704961	0,5193192	0,1915095	0,3488343	0,3939295	0,0113210	0,8712191	0,1416834	0,1628008	0,6361863	0,5954368	0,0100645	0,1043764
440	0,1058297	0,8806760	0,6595436	0,9560205	0,4980919	0,1848648	0,3488150	0,4321333	0,0106069	0,9814014	0,1409694	0,1448623	0,5794096	0,6204524	0,0079470	0,0732076
460	0,1191956	0,8598073	0,6627908	0,9510947	0,5188432	0,2179763	0,3532035	0,4486340	0,0139135	0,9305999	0,1587964	0,1413377	0,6009003	0,6433971	0,0126615	0,0896416
480	0,0991968	0,8748285	0,6563458	1,1067751	0,5182189	0,2170066	0,3654185	0,4266144	0,0090442	0,9442143	0,1821155	0,1638989	0,6479835	0,6282886	0,0137649	0,0943515
500	0,1196401	0,8646570	0,5773912	1,0270914	0,4799336	0,2135718	0,3660632	0,4122697	0,0208863	0,9482692	0,1811885	0,1758383	0,6658074	0,5826715	0,0103117	0,1024476
520	0,1068688	0,7951730	0,5788583	1,0845828	0,4360554	0,1975459	0,3861433	0,3799417	0,0247255	0,8935188	0,1798885	0,1852189	0,6866250	0,5744028	0,0106360	0,0929425
540	0,1093381	0,8304951	0,5906282	1,1232644	0,5045977	0,2360313	0,3585286	0,4292512	0,0144426	0,8443053	0,1402506	0,1776595	0,6649971	0,5854098	0,0115788	0,0946572
560	0,1195339	0,8899307	0,5611624	1,0742442	0,5642400	0,2705995	0,3203057	0,4205753	0,0202962	0,8676206	0,1511851	0,1585891	0,6327168	0,5611334	0,0149301	0,0867049
580	0,2333791	0,8009163	0,5814712	1,0443083	0,6093125	0,2385424	0,3019228	0,3788572	0,0122084	0,9399472	0,1477729	0,3768286	0,6655596	0,5769294	0,0135553	0,1741008
600	0,2640112	0,8090786	0,5364438	1,0158887	0,4770245	0,2037083	0,2895587	0,3650358	0,0259612	0,8820071	0,1679853	0,5115812	0,6849100	0,6411066	0,0124002	0,2291062
620	0,3340389	0,7658414	0,5811682	0,9788220	0,5011892	0,2125330	0,3584891	0,3729026	0,0205550	0,8439572	0,1591429	0,6052095	0,7261738	0,6466711	0,0148473	0,2567482
640	0,3404717	0,7992988	0,5951998	0,9108945	0,4363182	0,1808951	0,3577677	0,3614622	0,0167619	0,9066221	0,1721661	0,6862797	0,7841465	0,6688613	0,0085459	0,2900753
660	0,3368450	0,7513432	0,5609251	0,9876703	0,4680792	0,1912764	0,3669994	0,4135618	0,0107382	0,9056197	0,1763909	0,7882550	0,8333759	0,7543746	0,0075585	0,2848874
680	0,3660674	0,7780068	0,5914569	0,9928800	0,4662540	0,2159810	0,3668844	0,3886339	0,0030635	0,9026876	0,1593788	0,8826948	0,8908168	0,7255949	0,0065174	0,3113694
700	0,3352946	0,7375182	0,6130087	0,9180922	0,4891099	0,2361014	0,3632778	0,3739472	0,0148223	0,9153416	0,1928083	0,8965423	0,9247533	0,7047726	0,0076915	0,3427394
720	0,3654036	0,6620240	0,5982217	1,0278392	0,4834212	0,2026409	0,3689554	0,4128061	0,0222907	0,9029862	0,1861176	0,9530410	0,9149158	0,7301006	0,0072424	0,3173857
740	0,3397570	0,6727570	0,6175374	0,9442396	0,4559581	0,1999726	0,3318073	0,4466566	0,0184201	0,8774790	0,1864660	0,9957286	0,9166729	0,7934589	0,0095307	0,3241037
760	0,3196009	0,6590619	0,6318190	0,8949560	0,4512183	0,1784498	0,3449946	0,4458486	0,0177766	0,7910783	0,1612090	0,9263416	0,9347055	0,7631984	0,0075983	0,2941157
780	0,3271235	0,6635406	0,5938663	0,9075601	0,4084048	0,1710189	0,3223999	0,4323002	0,0179803	0,8492953	0,1354908	0,8791751	0,9245596	0,7402880	0,0177309	0,2965194
800	0,3276926	0,6625799	0,6576429	0,9446384	0,4251753	0,1976140	0,3258122	0,4561795	0,0236102	0,8302453	0,1466987	0,8719282	0,9484808	0,6912105	0,0191657	0,3133191
820	0,3567291	0,6679618	0,7131193	0,9463375	0,4654924	0,2019970	0,3387692	0,4119507	0,0289706	0,8855542	0,1290995	0,9125463	0,8516030	0,6596924	0,0228323	0,2681454
840	0,3327449	0,6583445	0,7603664	0,9891803	0,5045564	0,2388475	0,3520387	0,4124776	0,0241450	0,8143786	0,1145386	0,8883963	0,8297715	0,6323094	0,0173025	0,2297983
860	0,3411016	0,7482319	0,6906700	0,9761049	0,5248675	0,2065930	0,3272583	0,4047626	0,0275414	0,8253851	0,1194292	0,9528892	0,8757839	0,6030278	0,0227750	0,2341119
880	0,3310186	0,7745422	0,6113113	0,9714533	0,4808291	0,1918877	0,3048239	0,3864873	0,0185667	0,8150151	0,1430541	0,9102043	0,8427977	0,5290170	0,0286438	0,2645664
900	0,3302578	0,8187382	0,5655528	0,9436184	0,4547175	0,1920428	0,3008179	0,3602290	0,0262103	0,8926562	0,1350330	0,9725279	0,7994319	0,5746223	0,0227096	0,2626439
920	0,3463333	0,7660116	0,5258838	0,9476365	0,4324549	0,1573254	0,3208210	0,3528616	0,0266122	0,8933756	0,1386830	0,9439302	0,8718998	0,6001111	0,0279193	0,2697846
940	0,3469623	0,7831038	0,5870388	0,9920157	0,3931867	0,1560347	0,3244214	0,4003462	0,0241289	0,8860096	0,1231054	0,9430244	0,9266388	0,6655720	0,0243266	0,2918599
960	0,3606312	0,7602586	0,6121831	0,9463149	0,4510589	0,1474561	0,3141093	0,3997738	0,0183670	0,9151480	0,1301044	0,9298260	0,8982932	0,6257367	0,0132322	0,2952797
980	0,3782517	0,7749300	0,6728204	0,9664625	0,4959366	0,1897867	0,3225286	0,4572830	0,0174499	0,8676042	0,1324988	0,9448536	0,8727127	0,6245781	0,0084164	0,2884493
1000	0,3875359	0,7527508	0,5928726	1,0230199	0,5310782	0,2242626	0,3118656	0,4042930	0,0162058	0,8717138	0,1430849	0,9857625	0,8410958	0,5653574	0,0134149	0,2636751
1020	0,3636930	0,7538533	0,6498490	1,0431716	0,5580081	0,2039826	0,3396261	0,4211123	0,0126661	0,9287190	0,1656726	1,0286762	0,8193263	0,5176978	0,0071889	0,2512375
1040	0,3765909	0,7110682	0,7265514	0,9489523	0,5474997	0,2243407	0,3354383	0,3894371	0,0175046	0,8962191	0,1493469	0,9917740	0,8160088	0,5569860	0,0061248	0,2434629
1060	0,3635070	0,7399564	0,6442056	0,9157676	0,4931177	0,1751642	0,3274017	0,3952612	0,0095453	0,9009719	0,1369911	0,9926805	0,7665626	0,5733135	0,0098204	0,2433763
1080	0,3540979	0,7283625	0,6605512	1,0022812	0,5088675	0,2005140	0,3250570	0,3595237	0,0114531	0,8661468	0,1504430	1,0056854	0,7839215	0,6106047	0,0185563	0,2316474
1100	0,3463299	0,7043824	0,6309858	0,9159262	0,5157666	0,1808767	0,3127223	0,3300535	0,0171374	0,8448826	0,1603045	1,0142857	0,7626180	0,6304935	0,0147222	0,2470171

0	0,4000132	0,6515465	0,5796497	1,0480861	0,5080704	0,1654157	0,3372386	0,4314835	0,0065202	0,8968690	0,1676354	1,0203437	0,8801678	0,6643341	0,0184241	0,3004976
20	0,3544998	0,6715520	0,6010256	1,0716043	0,4470179	0,2023300	0,3967954	0,3726755	0,0069389	0,8856127	0,1056342	1,0195708	0,9149529	0,5972048	0,0060916	0,2591662
40	0,3571924	0,7004362	0,6517629	1,0273622	0,4756688	0,2028378	0,3808632	0,3767754	0,0050576	0,8577114	0,0635506	1,0277939	0,9691587	0,5433707	0,0071714	0,2670230
60	0,3432109	0,6590937	0,5992079	1,0338255	0,4932334	0,2071184	0,3637813	0,3962448	0,0012748	0,8953064	0,0431791	0,9543052	0,9359260	0,5895598	0,0121085	0,2695780
80	0,3564073	0,6873286	0,6059886	0,9644014	0,4794032	0,2016904	0,4007354	0,4505526	0,0003383	0,9225376	0,0308246	0,9674472	0,9723024	0,5798141	0,0172366	0,2597417
100	0,3805273	0,6902388	0,5573687	0,9388152	0,4967044	0,1731623	0,3569562	0,4290283	0,0009279	0,9057646	0,0220789	0,9173962	0,9349419	0,5743865	0,0159163	0,2855063
120	0,3404734	0,6597440	0,5900875	0,9561889	0,4630155	0,2181156	0,3554714	0,3830499	0,0019694	0,8795244	0,0151364	0,8799814	0,9213374	0,6388335	0,0056202	0,2887054
140	0,3577488	0,6631432	0,5801486	0,9274865	0,4559037	0,2254611	0,3541452	0,3972728	0,0006164	0,9056994	0,0128144	0,8921681	0,8998909	0,6048645	0,0146576	0,3190791
160	0,3366441	0,6570619	0,5781438	0,9337212	0,4269741	0,2223214	0,3601030	0,4277778	0,0010379	0,8783934	0,0075154	0,9263331	0,8643841	0,6344159	0,0162563	0,3376106
180	0,3302667	0,6401767	0,6915745	0,9478043	0,4819903	0,2305817	0,3237357	0,4419615	0,0051683	0,9621665	0,0035820	0,9261251	0,8907403	0,5773871	0,0180918	0,2957879
200	0,2994055	0,6026020	0,6584713	0,9463664	0,5185621	0,2139620	0,3124692	0,4383063	0,0049941	0,9517500	0,0034315	0,9328020	0,8526828	0,5367041	0,0191367	0,3137045
220	0,3109440	0,6749854	0,6882315	0,9858796	0,5076688	0,2207598	0,3299950	0,4434251	0,0011794	0,9831726	0,0032459	0,9318841	0,8372870	0,5462606	0,0178267	0,3213927
240	0,3345155	0,7449005	0,6537724	0,9449399	0,5153744	0,2428163	0,3491422	0,4227553	0,0003761	0,9853448	0,0038345	0,9744797	0,8753803	0,5590845	0,0082041	0,3083017
260	0,3611641	0,7476336	0,6667570	0,9728080	0,5398531	0,2087360	0,3073752	0,4224492	0,0000251	0,9533353	0,0055891	0,9377837	0,9153542	0,5902026	0,0086465	0,2764375
280	0,3897487	0,6763586	0,6527773	0,9458927	0,4588856	0,1970781	0,3025638	0,4323711	0,0004192	0,9026649	0,0048467	0,8947544	0,9629350	0,5619787	0,0057533	0,2847936
300	0,3868035	0,6421640	0,6210622	0,8837811	0,4503879	0,1870768	0,2870696	0,4317546	0,0003945	0,9310029	0,0059243	0,9422345	0,9295719	0,5838264	0,0047945	0,2489972
320	0,3776726	0,6237212	0,6157584	0,9488614	0,4895341	0,2037155	0,3035272	0,4153941	0,0003450	0,8967063	0,0062626	0,9514970	0,8998232	0,6599674	0,0115230	0,2794116
340	0,3571124	0,6447180	0,6082394	0,9132685	0,5775851	0,1957026	0,3453182	0,4459540	0,0000000	0,9792431	0,0064786	0,9921888	0,8803468	0,6548469	0,0118573	0,2749071
360	0,3695629	0,6758218	0,6549485	0,9469252	0,5315434	0,1825088	0,3042821	0,5089527	0,0011301	0,9706182	0,0131827	1,0391220	0,8815742	0,5894164	0,0104200	0,3023754
380	0,3786033	0,6929633	0,6644202	0,9610198	0,4961485	0,1976939	0,2659674	0,4485645	0,0004480	0,8244822	0,0066403	0,9850590	0,8981646	0,5232904	0,0148896	0,2764766
400	0,3642738	0,7180627	0,5792051	0,9492440	0,4517112	0,1747683	0,2876695	0,4165811	0,0004592	0,7684881	0,0048502	0,8985245	0,8744747	0,4580948	0,0187418	0,2902878
420	0,3752483	0,7257184	0,6442675	0,9310479	0,4456530	0,1696651	0,2913827	0,3887753	0,0010251	0,7531900	0,0037174	0,9213383	0,7980094	0,5265411	0,0121824	0,2840819
440	0,3948363	0,7185767	0,6187443	0,9444150	0,4481092	0,1832896	0,3134352	0,3916378	0,0037130	0,8290464	0,0040777	0,9309733	0,8357916	0,5223974	0,0103334	0,2545032
460	0,3987636	0,6826436	0,6365395	0,9822288	0,4535647	0,1673519	0,3192241	0,3715132	0,0034329	0,8751113	0,0046017	0,9832933	0,8617220	0,5584932	0,0000000	0,2710045
480	0,3883347	0,6843326	0,5547133	0,9432814	0,4520288	0,1814344	0,3286615	0,3542033	0,0055197	0,8269372	0,0066714	0,9433519	0,7980230	0,5641379	0,0034771	0,2605520
500	0,3843733	0,6538661	0,5983983	0,9214365	0,4424708	0,2014246	0,3659765	0,4111165	0,0015881	0,8294622	0,0047646	0,9867259	0,8231869	0,5715792	0,0131388	0,3041290
520	0,3432944	0,6433671	0,6283106	0,9945370	0,4649383	0,1974376	0,3611436	0,4077834	0,0000000	0,8352054	0,0080217	0,9225069	0,8084251	0,6394620	0,0132038	0,3082881
540	0,3231061	0,6355893	0,6346197	0,9709610	0,4877862	0,1827500	0,3481431	0,3696449	0,0005113	0,9086843	0,0103439	0,9316467	0,8412182	0,6765629	0,0133261	0,3298354
560	0,3572926	0,7051073	0,6553472	1,0022978	0,4264295	0,1696445	0,3138201	0,3591370	0,0002426	0,9059579	0,0063221	0,9479037	0,8941937	0,6413538	0,0162747	0,3267091
580	0,3336362	0,6941077	0,6476129	1,0394627	0,4290804	0,2081215	0,3656010	0,3391471	0,0083319	0,8801076	0,0425977	0,9620837	0,9094781	0,6498419	0,0145740	0,3186259
600	0,3273325	0,7737752	0,6374463	1,0618304	0,4858785	0,2020599	0,3440271	0,3966313	0,0079341	0,9781249	0,0769075	1,0040048	0,8708284	0,6385613	0,0140786	0,3123444
620	0,3260466	0,7474598	0,6027390	1,0072471	0,5101913	0,2225485	0,3509944	0,3858566	0,0151767	0,9433478	0,1022367	0,9218923	0,8809373	0,6156077	0,0157271	0,3074337
640	0,3446248	0,7314557	0,5130353	0,9295025	0,5558320	0,2522612	0,3515936	0,3782181	0,0187985	0,9400490	0,1082460	0,9146940	0,9161338	0,6207039	0,0156197	0,2836553
660	0,3671195	0,7175105	0,5118347	0,9611398	0,5422913	0,2446418	0,3823278	0,4031497	0,0143159	1,0081108	0,0997245	0,8592738	0,9261836	0,6326387	0,0132491	0,2881845
680	0,3604250	0,7128531	0,5679057	0,9052653	0,5340367	0,2264182	0,3811343	0,4096348	0,0059725	0,9883819	0,1069154	0,8974787	0,8827623	0,6222040	0,0180537	0,3415208
700	0,3552621	0,7098484	0,5576018	0,9439870	0,4687787	0,1762766	0,3398341	0,4308598	0,0028914	0,9578656	0,1219831	0,9174506	0,9227180	0,6705741	0,0075148	0,2791005
720	0,3713905	0,6398078	0,6036414	0,9702549	0,4459984	0,1897049	0,3358439	0,4070549	0,0083302	0,9424651	0,1184337	0,9081064	0,9127023	0,6516366	0,0086966	0,3134058
740	0,3579431	0,6679018	0,5648249	0,9494301	0,4384452	0,2115393	0,3193982	0,4477862	0,0097586	0,8721458	0,1430175	0,9453275	0,9002953	0,6752296	0,0120703	0,3099441
760	0,3464197	0,6283716	0,5608678	0,9179729	0,4201366	0,2430168	0,3206023	0,4431522	0,0169362	0,8856542	0,1499904	0,9533103	0,8713568	0,6779397	0,0105931	0,2947559
780	0,3738536	0,6807681	0,5808707	0,9804908	0,4385006	0,1927094	0,3125656	0,4201787	0,0093540	0,9623514	0,1624225	0,9858172	0,8186357	0,6478254	0,0165251	0,2980834
800	0,3490781	0,7109409	0,6318744	0,9115276	0,5081785	0,1863185	0,3178630	0,4048304	0,0066121	0,9592485	0,1503335	0,9827939	0,8141951	0,6364822	0,0037866	0,2877177
820	0,3822482	0,7167958	0,5414700	0,9530638	0,5342703	0,1836971	0,3201616	0,4270934	0,0051872	0,9011868	0,1578190	1,0161963	0,8621778	0,6616015	0,0080822	0,3284606
840	0,3573913	0,7187163	0,6084687	0,9181631	0,4709179	0,1944403	0,3268704	0,4677071	0,0020778	0,9371935	0,1560216	0,9931194	0,8728632	0,6266570	0,0055864	0,2959301
860	0,3432796	0,7155562	0,6131541	0,9109830	0,5063531	0,1662761	0,3255282	0,4217227	0,0110131	0,8665578	0,1204486	0,9367623	0,8560193	0,6125959	0,0044748	0,2772301
880	0,3484212	0,6977923	0,6259563	0,9300620	0,5199058	0,1814603	0,3205625	0,4057746	0,0048561	0,8824371	0,1333283	0,9434266	0,8231146	0,5233914	0,0029651	0,2602262
900	0,3530629	0,7591655	0,5736390	0,9623069	0,4251143	0,1823406	0,3155632	0,4122991	0,0110524	0,8255225	0,1291183	0,9537105	0,8597767	0,5326466	0,0067637	0,2716866
920	0,3870227	0,7845480	0,5669632	0,9892698	0,4339068	0,1948242	0,3237437	0,3620451	0,0166941	0,8256734	0,1335146	0,9165513	0,8445300	0,5600494	0,0174170	0,2779705
940	0,3737120	0,7114409	0,6066141	0,9397954	0,4719747	0,1884855	0,3465209	0,4055386	0,0151291	0,8173669	0,1466281	0,9900572	0,8855853	0,6422281	0,0081650	0,3045435
960	0,3378489	0,7118423	0,6159927	0,9309699	0,4708779	0,2109502	0,3484604	0,4318343	0,0178880	0,8755034	0,1399674	0,9971341	0,8976922	0,6264567	0,0050747	0,2719910
980	0,3354767	0,6600618	0,6362128	0,9685975	0,4922514	0,2309742	0,3676743	0,4415757	0,0128080	0,8584164	0,1261862	0,9617703	0,8693484	0,6248344	0,0141057	0,3064160
1000	0,3794346	0,6743461	0,6393802	0,9491291	0,5042962	0,1822541	0,4003218	0,4302677	0,0117639	0,9038442	0,1212916	0,9655779	0,8823420	0,5430155	0,0244321	0,2674156
1020	0,3775470	0,6789467	0,6606452	0,9256170	0,4917726	0,1698308	0,3513436	0,3747313	0,0092027	0,9222420	0,1292159	0,9858135	0,8554692	0,5601074	0,0218200	0,3273299
1040	0,4065495	0,6992691	0,6568277	0,9489830	0,5195951	0,2043812	0,3229466	0,4257486	0,0038620	0,9774912	0,1352331	1,0107398	0,8207732	0,5743558	0,0112027	0,3010997
1060	0,4370574	0,7041729	0,5488222	1,0189486	0,4978950	0,1887972	0,3462742	0,4528136	0,0074269	1,0220211	0,1163994	1,0379517	0,8002274	0,5967666	0,0101044	0,2702496
1080	0,4046731	0,6942188	0,5704971	1,0521771	0,4738096	0,1935644	0,3312036	0,4272234	0,0103072	0,9827894	0,1164026	1,0238430	0,8395416	0,6032960	0,0074787	0,2629313
1100	0,3745144	0,7231678	0,6386699	0,9751056	0,4426597	0,1980737	0,3091213	0,3903330	0,0085587	0,9609605	0,1289235	1,0191257	0,8707899	0,5563592	0,0080920	0,2795029

0	0,4000132	0,6515465	0,5796497	1,0480861	0,5080704	0,1654157	0,3372386	0,4314835	0,0065202	0,8968690	0,1676354	1,0203437	0,8801678	0,6643341	0,0184241	0,3004976
20	0,3764887	0,5676304	0,5242608	0,9134512	0,4389161	0,1310572	0,2929755	0,4007702	0,0217160	0,6068907	0,1170580	1,0343899	0,9646017	0,7187178	0,0151942	0,3497254
40	0,3473987	0,6253764	0,5673845	0,8575547	0,4732215	0,1002258	0,2449421	0,4422894	0,0132093	0,5501743	0,0841665	0,9946332	0,8976246	0,6852784	0,0227644	0,3069711
60	0,3906420	0,6738472	0,5778708	0,9151654	0,4965360	0,0646958	0,1819597	0,4231271	0,0197298	0,4957365	0,0625041	1,0104600	0,8880554	0,7418688	0,0196858	0,2727929
80	0,3933580	0,6421564	0,5959555	0,8812376	0,4876300	0,0610934	0,1518544	0,3833660	0,0154598	0,4219085	0,0505494	1,0259437	0,8939613	0,6955398	0,0230428	0,2791563
100	0,3921880	0,6459862	0,6077909	0,9829032	0,4588457	0,0471812	0,1235533	0,3877014	0,0168900	0,4178906	0,0297699	1,0230195	0,9231348	0,7403427	0,0311508	0,3196855
120	0,4546410	0,6441891	0,5606019	1,0636972	0,4378513	0,0543585	0,1011491	0,4204857	0,0134406	0,4347850	0,0236818	0,9372618	0,8249437	0,7328556	0,0227214	0,3212122
140	0,4483781	0,6361862	0,6678434	1,0026154	0,5105785	0,0473120	0,0931614	0,4231019	0,0188690	0,4291575	0,0187897	1,0102246	0,8495824	0,6633934	0,0259963	0,3213019
160	0,3933816	0,6369453	0,6674609	1,0263334	0,5314360	0,0547109	0,0877865	0,3929729	0,0232759	0,4615918	0,0213212	1,0226639	0,8804415	0,6778084	0,0183206	0,3389138
180	0,4113800	0,5667966	0,6419221	0,9404267	0,5662885	0,0761224	0,0637234	0,4004703	0,0184018	0,4642499	0,0278710	0,9811595	0,8416087	0,6550244	0,0157673	0,3311086
200	0,4193917	0,6014755	0,6531575	0,8852530	0,5725737	0,0547360	0,0652631	0,4212085	0,0126718	0,4279095	0,0242544	1,0066349	0,8442583	0,6247558	0,0183168	0,3621038
220	0,4089480	0,6641174	0,6004069	0,9101426	0,5467676	0,0466079	0,0538659	0,3973337	0,0170975	0,4147712	0,0211107	0,9957773	0,8773980	0,6094395	0,0153950	0,3244934
240	0,3733133	0,6762659	0,6341956	0,9450524	0,5256939	0,0497685	0,0587779	0,4195796	0,0109262	0,3771097	0,0177531	0,9856108	0,8952925	0,5941426	0,0174434	0,3205237
260	0,3581598	0,7022181	0,5933033	0,9224845	0,4993626	0,0515575	0,0728146	0,4078508	0,0124662	0,4047238	0,0155407	0,9533263	0,8990717	0,6120457	0,0185006	0,2841794
280	0,3643662	0,6833747	0,6111865	1,0604681	0,5054276	0,0504773	0,0778859	0,4341645	0,0148905	0,4048387	0,0167718	0,9260064	0,9496028	0,6361067	0,0027072	0,3035530
300	0,3500157	0,6619006	0,6723237	1,0570572	0,5361724	0,0453322	0,0667308	0,4173050	0,0126239	0,4201961	0,0087292	0,9599154	0,9234190	0,6497887	0,0122874	0,2704056
320	0,3718887	0,6687924	0,6382391	0,9990843	0,4921528	0,0413404	0,0494118	0,4370288	0,0197843	0,4364577	0,0057219	0,9949594	0,8679356	0,6365520	0,0139320	0,2764310
340	0,3835545	0,6409751	0,6188198	0,9663472	0,5189461	0,0355165	0,0435456	0,4663074	0,0149328	0,4183359	0,0061840	1,0275108	0,8710341	0,6003064	0,0182859	0,2740576
360	0,3485830	0,6330403	0,5701150	1,0417407	0,5332302	0,0417079	0,0423460	0,4604058	0,0116235	0,4030913	0,0096649	0,9684565	0,8853221	0,6407733	0,0255252	0,2806073
380	0,3393295	0,6367057	0,6024334	1,0445774	0,5890651	0,0529319	0,0515331	0,4414118	0,0121405	0,3800847	0,0112724	0,9896071	0,9301255	0,6125717	0,0120197	0,2532579
400	0,3611423	0,6838826	0,5910879	1,0373585	0,4808845	0,0389879	0,0527312	0,4375400	0,0231961	0,3557780	0,0125159	0,9303778	0,8943266	0,6127708	0,0126937	0,2584105
420	0,3978334	0,6297796	0,6190391	0,9601813	0,4736776	0,0535794	0,0364129	0,3705121	0,0259992	0,3310409	0,0076826	0,9169727	0,9283681	0,5826585	0,0127209	0,2516661
440	0,4188840	0,6117636	0,6123668	0,9670226	0,5645927	0,0570734	0,0474580	0,3523777	0,0226984	0,3402647	0,0136021	0,9558163	0,8788554	0,5482537	0,0111824	0,2977738
460	0,3747412	0,6032908	0,5339837	0,9886382	0,5241323	0,0333704	0,0412618	0,3577007	0,0101107	0,3627728	0,0106696	0,9209685	0,8788808	0,6430065	0,0047020	0,2888290
480	0,3714604	0,5639293	0,5871287	0,9766401	0,5106681	0,0471910	0,0475923	0,3689567	0,0061424	0,3750905	0,0128932	0,9039538	0,8726291	0,6686388	0,0097284	0,3045062
500	0,3940423	0,6456235	0,5988220	0,9396627	0,4752095	0,0441809	0,0512646	0,3890579	0,0106416	0,3944083	0,0122425	0,9251519	0,8341974	0,6797104	0,0076907	0,2756519
520	0,4036367	0,6203650	0,5747009	0,9304200	0,4228795	0,0421259	0,0604256	0,4014224	0,0098562	0,3909336	0,0148115	0,9256367	0,8192428	0,6985676	0,0099017	0,2613185
540	0,4359082	0,7043229	0,5685577	0,9551681	0,4261183	0,0407922	0,0537108	0,3957091	0,0106353	0,4013211	0,0080528	0,9457014	0,7947744	0,7033875	0,0123448	0,2869100
560	0,3880067	0,6707355	0,6240604	0,8858129	0,4588366	0,0369935	0,0493050	0,4446275	0,0101716	0,3880179	0,0087685	0,9136449	0,8741159	0,6751201	0,0052181	0,3033142
580	0,3642687	0,6487984	0,6193459	0,9482028	0,4949370	0,0955493	0,1353271	0,4474227	0,0081712	0,5579229	0,0501925	0,9493273	0,8701862	0,6643418	0,0167075	0,3055651
600	0,3707997	0,6371530	0,5757798	1,0383486	0,5670380	0,1634104	0,2165693	0,4036831	0,0084770	0,7616822	0,0671299	0,9455870	0,9043228	0,6796828	0,0237373	0,3173300
620	0,3459395	0,6192558	0,5428863	0,9426791	0,4323756	0,1800461	0,2295384	0,4421107	0,0091995	0,8271370	0,1083550	0,9254367	0,8939342	0,6431449	0,0152335	0,2737254
640	0,3756365	0,6733871	0,5887170	0,9710553	0,4566076	0,2178447	0,2975747	0,3916042	0,0052440	0,9072517	0,1381292	0,9001177	0,8964089	0,6589595	0,0147036	0,3266376
660	0,3685862	0,6682201	0,5974249	0,9023863	0,4778748	0,2221018	0,2963396	0,4057480	0,0127477	0,8746062	0,1519346	0,9785931	0,9249008	0,6443157	0,0071387	0,3191425
680	0,4134281	0,6560628	0,5949327	0,9972161	0,4894359	0,2678235	0,3216085	0,3814958	0,0136767	0,8857749	0,1580837	0,9739942	0,9532074	0,6723916	0,0193937	0,3226960
700	0,4004824	0,6675345	0,6111738	0,9635748	0,5017756	0,2475167	0,3458251	0,4144089	0,0120411	0,9185091	0,1615648	1,0345377	0,9423764	0,6500438	0,0252731	0,3058442
720	0,4105097	0,5907095	0,6147659	0,9933364	0,4814504	0,2373796	0,3555039	0,4402096	0,0081999	0,9581451	0,1714353	1,0660772	0,9550744	0,6228092	0,0186425	0,3226450
740	0,4345854	0,5821987	0,6210213	0,9570192	0,5230481	0,2264130	0,3663974	0,4153888	0,0082843	0,9745751	0,1564564	1,0987200	0,9036775	0,7137118	0,0185844	0,2936792
760	0,4046525	0,6046222	0,6228330	0,9732229	0,5403929	0,1913364	0,3669134	0,4405460	0,0011354	0,9116817	0,1265614	1,0871002	0,9313527	0,6679400	0,0185693	0,2946252
780	0,3821907	0,6099096	0,6019316	0,9896661	0,5205853	0,1965693	0,3493128	0,4002936	0,0057824	0,9437990	0,1134662	1,1106387	0,9061964	0,6407296	0,0233215	0,2691651
800	0,3585308	0,6050633	0,5935258	0,9962193	0,4581555	0,1933774	0,3760668	0,3892567	0,0089319	0,8618134	0,1226972	1,0144182	0,9059488	0,6121379	0,0233634	0,2562882
820	0,3939393	0,5798487	0,6515016	0,9170344	0,4737346	0,1537991	0,4011975	0,3867332	0,0158928	0,8548653	0,1327065	0,9530119	0,9422807	0,5889752	0,0202010	0,2652792
840	0,3847012	0,6344998	0,6188610	0,9081836	0,4325560	0,1867037	0,3669038	0,3911495	0,0127861	0,8241738	0,1454077	0,9754322	0,8948403	0,5661062	0,0250441	0,2612795
860	0,3998181	0,6539757	0,6280977	0,9564423	0,4717031	0,1849526	0,3247154	0,3808686	0,0166046	0,8154592	0,1239852	1,0129803	0,9395884	0,5782771	0,0137743	0,2790892
880	0,4075397	0,7095554	0,5920007	0,9403267	0,4380343	0,1955721	0,3164477	0,3732348	0,0124230	0,9267771	0,1155082	0,9730779	0,9311825	0,5771517	0,0153120	0,2859165
900	0,4220047	0,7032267	0,5697988	0,9785545	0,4617324	0,2388271	0,3561739	0,4042640	0,0123454	0,8798658	0,1105795	0,9571124	0,9259944	0,6313236	0,0127024	0,2389178
920	0,4021647	0,7160618	0,5956019	0,9580847	0,5082303	0,2348568	0,3582982	0,4152087	0,0141629	0,8784127	0,1070334	0,9253039	0,8698375	0,6415396	0,0100752	0,3055677
940	0,4271744	0,7149474	0,5525581	0,9776480	0,5039147	0,2434118	0,3201915	0,4002361	0,0131148	0,8954503	0,0944928	0,9359956	0,8298627	0,6484637	0,0104448	0,2812522
960	0,4264475	0,6868857	0,5709665	0,9514700	0,5614395	0,2508232	0,3252509	0,3762584	0,0085130	0,9193540	0,1024132	0,9450906	0,7964988	0,6120958	0,0094704	0,2677331
980	0,4319508	0,6771217	0,6019487	0,9532029	0,5371782	0,2418109	0,3353211	0,3989187	0,0182250	0,8516596	0,1118206	0,9477646	0,8585622	0,6038435	0,0190029	0,2479657
1000	0,4169338	0,6896238	0,6503100	0,9994947	0,4941035	0,1975861	0,3176852	0,4060145	0,0155747	0,7938208	0,1252066	0,9520679	0,8521974	0,6237806	0,0192482	0,2710434
1020	0,3962319	0,6654545	0,6867345	0,9563123	0,5008145	0,1964344	0,3112559	0,4188554	0,0143416	0,7624925	0,1024808	0,9434398	0,8758977	0,6434414	0,0202406	0,2502059
1040	0,4069334	0,6525038	0,6680861	1,0177080	0,4763727	0,2117552	0,3036342	0,4352333	0,0061529	0,8079280	0,1503373	0,9392348	0,8883569	0,6664366	0,0148029	0,2524833
1060	0,4178536	0,6596530	0,6583697	0,9653756	0,4532963	0,2313492	0,3017533	0,4243756	0,0122714	0,8648186	0,1493973	0,9515578	0,9542362	0,6381357	0,0161421	0,2616284
1080	0,3660918	0,6427886	0,6362230	1,0125434	0,5123756	0,2059031	0,3157704	0,4408231	0,0142368	0,8411690	0,1525639	0,9605770	0,9153454	0,6539720	0,0159365	0,2727643
1100	0,3562738	0,5967488	0,6272576	1,0149793	0,4937475	0,2322495	0,3114832	0,4271261	0,0138690	0,8484419	0,1358377	1,0041085	0,8974713	0,6561205	0,0110890	0,2669331
