Time	Gene1	Gene2	Gene3	Gene4	Gene5	Gene6	Gene7	Gene8	Gene9	Gene10	Gene11	Gene12	Gene13	Gene14	Gene15	Gene16
0	0.7883041	0.4712775	0.5519797	0.6868496	0.0212301	0.0452172	0.346258	0.0059539	0.4770481	0.3102066	0.047309	0.413749	0.4406644	0.668623	0.7431104	0.0966318
20	0.7650167	0.4309671	0.5706052	0.5593293	0.0221805	0.2791091	0.2477959	0.0031137	0.3014296	0.5049996	0.0079245	0.4921256	0.357042	0.5600497	0.7283744	0.1084782
40	0.7259379	0.4769543	0.4061723	0.657459	0.0167074	0.4192213	0.2538633	0.0032016	0.2699058	0.5920318	0.003547	0.368923	0.3894488	0.6048075	0.7126014	0.1260624
60	0.5967005	0.4943237	0.5540698	0.6977477	0.009773	0.4967267	0.2453782	0.0096479	0.2805307	0.6831082	0.0115601	0.4926498	0.3475948	0.617229	0.6484767	0.1131977
80	0.6371931	0.4368129	0.6311929	0.6663123	0.0269614	0.5435008	0.2789922	0.0096629	0.301914	0.6780584	0.0359602	0.4868353	0.3406364	0.5640374	0.733042	0.0985699
100	0.7941494	0.5143421	0.4739965	0.7064387	0.0166612	0.5621553	0.2762895	0.061643	0.3064929	0.6953858	0.0074721	0.391574	0.504925	0.5964623	0.7423534	0.101313
120	0.6433356	0.4721202	0.5819678	0.7872513	0.0164926	0.491328	0.3071308	0.0215899	0.2796768	0.610528	0.0159696	0.4017451	0.5087769	0.736363	0.769198	0.1420127
140	0.7084758	0.484453	0.4245279	0.5483267	0.0077847	0.5829455	0.3087693	0.0196918	0.3276924	0.7000637	0.0266055	0.5282806	0.4815619	0.6112903	0.771245	0.1476761
160	0.7596561	0.4662415	0.3759877	0.6670612	0.0276256	0.5801233	0.2024018	0.0129804	0.3557277	0.6328495	0.0117798	0.4007495	0.5161041	0.5638003	0.7627923	0.1250165
180	0.7489111	0.3930538	0.4122159	0.7395873	0.0202361	0.4986348	0.3319871	0.0163038	0.3082636	0.6876911	0.0186249	0.5079303	0.3511688	0.5055615	0.6163444	0.123511
200	0.6237787	0.3996766	0.4185942	0.5574076	0.0058017	0.5194048	0.2498522	0.0313924	0.3330537	0.7706587	0.0114413	0.460441	0.3994194	0.7896246	0.7423352	0.1207443
220	0.7684182	0.4880423	0.5315876	0.6852066	0.0200788	0.4921651	0.2407284	0.0040578	0.2710669	0.8632423	0.0113569	0.4519872	0.348487	0.5942507	0.8350203	0.0984353
240	0.703268	0.398755	0.6246577	0.6136825	0.0061189	0.4998041	0.2958108	0.0188128	0.2819834	0.800319	0.0228123	0.6061148	0.3851645	0.6959106	0.6982607	0.0858628
260	0.7242545	0.4606031	0.6328495	0.5744845	0.0162692	0.4564074	0.2936191	0.0412138	0.2175434	0.716321	0.0365487	0.5248167	0.3905666	0.5447578	0.6406194	0.0832641
280	0.6972799	0.3848866	0.5646555	0.7275761	0.016958	0.5123476	0.2530068	0.0096769	0.3752665	0.6802845	0.0269918	0.4465971	0.3533242	0.5090273	0.7366276	0.1135732
300	0.8578909	0.4342327	0.4761117	0.7881504	0.027182	0.556031	0.3308525	0.005548	0.302656	0.7073695	0.0293791	0.5777779	0.4031165	0.5428079	0.6749867	0.1031568
320	0.8745291	0.4670771	0.5479693	0.5595357	0.0131852	0.4524664	0.2694135	0.0057846	0.304145	0.6935832	0.0073518	0.387724	0.4367753	0.6261208	0.7341634	0.0936548
340	0.7529645	0.4911774	0.4525853	0.6381009	0.0113795	0.537554	0.3804085	0.0247178	0.2166667	0.7786201	0.0434817	0.5078785	0.5083235	0.7407192	0.7177747	0.1222746
360	0.6733601	0.3725826	0.4594154	0.6686082	0.0094993	0.3799735	0.2957573	0.0089401	0.3043487	0.6960622	0.0181613	0.5337224	0.4118791	0.7497891	0.6714646	0.1293952
380	0.7352772	0.3849787	0.4447499	0.6737755	0.023712	0.5191782	0.3031619	0.0143039	0.2522096	0.5926346	0.0119555	0.5588634	0.383319	0.6922148	0.8195009	0.1423183
400	0.7591777	0.4278001	0.5555437	0.6740181	0.0073542	0.4051511	0.3492909	0.0193043	0.2745054	0.6344442	0.0107538	0.547532	0.3501534	0.6360337	0.7375683	0.1198767
420	0.8053698	0.4119676	0.4675011	0.6147139	0.0014946	0.5682791	0.2202608	0.0377828	0.3225976	0.6367118	0.0087239	0.6158232	0.370546	0.5409175	0.7107134	0.170719
440	0.7194813	0.417766	0.4301463	0.6190033	0.0222168	0.5564081	0.2355809	0.0254307	0.3185356	0.6675487	0.0082513	0.5667881	0.3154996	0.516859	0.7643217	0.1526666
460	0.7942385	0.3733532	0.4680225	0.6024076	0.0164813	0.4911142	0.2503679	0.012224	0.2224927	0.8039188	0.0182014	0.5140866	0.4861843	0.5847918	0.6579982	0.1137194
480	0.6977611	0.3212766	0.5356699	0.5744622	0.0210079	0.6401705	0.2572689	0.0232732	0.2468984	0.6993728	0.0309642	0.5579954	0.3733244	0.5645261	0.5984353	0.1387038
500	0.7466322	0.3889883	0.6481939	0.5590399	0.0264386	0.5675718	0.3027536	0.0394293	0.234013	0.6698493	0.0131627	0.5538485	0.3822503	0.6180067	0.7151368	0.1111179
520	0.7299643	0.4737663	0.5219987	0.5031242	0.0202697	0.5237148	0.2945899	0.0206942	0.2963108	0.8297794	0.0091301	0.508602	0.4988404	0.5518166	0.6607016	0.1160985
540	0.7860289	0.4200341	0.4691417	0.5824554	0.012859	0.4087863	0.2013113	0.0205833	0.273816	0.6844306	0.0200019	0.4378811	0.5059858	0.628424	0.7949412	0.1128707
560	0.9034652	0.4989421	0.4130561	0.5795564	0.0232702	0.4291495	0.2160035	0.0210029	0.3057571	0.7639736	0.0130381	0.5401097	0.4345454	0.5160431	0.7876459	0.1372966
580	0.8217142	0.4323904	0.477044	0.6592843	0.0343161	0.2967382	0.3031542	0.0319316	0.2494682	0.5215787	0.0167335	0.4321223	0.4638528	0.5317269	0.8037903	0.0860228
600	0.6715204	0.4729435	0.5150306	0.58101	0.0189371	0.2303634	0.2913708	0.0082629	0.324167	0.3456431	0.0196825	0.4758575	0.4776954	0.5359935	0.7000192	0.1774493
620	0.7021871	0.3844113	0.4995069	0.6132754	0.0191358	0.1838214	0.2353919	0.0080952	0.3723601	0.2278185	0.0144747	0.4866702	0.3925217	0.694891	0.7324279	0.1073173
640	0.8772137	0.4564891	0.5539186	0.6382954	0.0183995	0.1397681	0.3110345	0.0042203	0.4671025	0.3236857	0.0281537	0.526893	0.3795378	0.6351229	0.763011	0.1413211
660	0.724095	0.4741962	0.4916015	0.6292538	0.0159807	0.0895319	0.3659009	0.0036866	0.2228861	0.2653502	0.0090683	0.4625821	0.4548792	0.6178876	0.6492981	0.1597503
680	0.8228112	0.412555	0.4876811	0.6066894	0.0194934	0.0845982	0.2707744	0.0008151	0.3215152	0.2888401	0.003529	0.3660456	0.4230206	0.6219644	0.6836729	0.1386731
700	0.4950905	0.373791	0.4848806	0.6100626	0.0378423	0.1128678	0.2313664	0.0010228	0.396139	0.3302234	0.0059675	0.5312794	0.4392555	0.7203093	0.5906153	0.1670662
720	0.6630045	0.4480835	0.5308803	0.5922042	0.0231955	0.0489816	0.2818627	0.0041068	0.3183504	0.3035595	0.0073599	0.5393103	0.3627569	0.5952125	0.5305156	0.0997847
740	0.7122398	0.4579714	0.489229	0.4777487	0.0348862	0.0637173	0.2500903	0.0074512	0.3216019	0.2603463	0.0028113	0.4837545	0.4312087	0.5888562	0.7610839	0.0684136
760	0.7182011	0.547413	0.5014848	0.5872709	0.0133723	0.0756434	0.2398764	0.0172678	0.327178	0.2739013	0.0040869	0.4713541	0.3628874	0.543717	0.7706467	0.0946143
780	0.6344289	0.4548002	0.5222752	0.6234103	0.011338	0.0758122	0.2341968	0.0049852	0.3702292	0.3126271	0.031933	0.4791176	0.3304597	0.5329258	0.6022965	0.1300201
800	0.7243221	0.4219595	0.5288745	0.5552508	0.0092638	0.0277829	0.2826237	0.0055258	0.2922164	0.2399788	0.0102583	0.4966671	0.4282874	0.5889647	0.6953589	0.110916
820	0.6672178	0.5572212	0.454325	0.6618163	0.0131368	0.0723567	0.355834	0.0141422	0.26939	0.2735961	0.008299	0.4122779	0.4011984	0.622961	0.5628562	0.0864989
840	0.6378376	0.5006044	0.5091866	0.540408	0.0458178	0.0684945	0.4548565	0.0124209	0.2737513	0.3216386	0.0122883	0.427836	0.3947859	0.4564071	0.7190514	0.102117
860	0.7456189	0.6177633	0.4413805	0.6132174	0.0082119	0.055999	0.3640939	0.0155071	0.2860587	0.2429673	0.0032403	0.4074462	0.4238798	0.6307301	0.6096771	0.122085
880	0.7725781	0.4863939	0.455898	0.5181014	0.0063618	0.0426407	0.3049162	0.0136247	0.2137452	0.2678947	0.0013469	0.4920922	0.4524031	0.7141478	0.6659593	0.09917
900	0.7143713	0.4454564	0.4581893	0.722376	0.0308185	0.0452995	0.3384256	0.0052083	0.2549579	0.2981538	0.0291647	0.5263557	0.3533027	0.4537583	0.8442053	0.1045569
920	0.7670505	0.4861108	0.42653	0.7653155	0.0263514	0.0488231	0.2572897	0.0014393	0.2920802	0.238884	0.0128232	0.5168211	0.4060757	0.5827663	0.6846639	0.1239554
940	0.6805107	0.4587765	0.4079769	0.6131387	0.0141588	0.0304277	0.3099097	0.0079779	0.2727582	0.2636576	0.0033491	0.5255442	0.4498343	0.5578521	0.7116543	0.1096983
960	0.6894123	0.389892	0.6231257	0.6715062	0.0410268	0.0501134	0.2376952	0.0190856	0.2247976	0.1876774	0.002981	0.5363876	0.4663169	0.6343666	0.6895455	0.1295739
980	0.8768218	0.4567946	0.4213078	0.6093135	0.0216181	0.0483529	0.2279278	0.003959	0.2584578	0.2154318	0.0263511	0.4133657	0.5618316	0.592174	0.6635501	0.1341389
1000	0.7236284	0.5151565	0.4624897	0.5825652	0.0598113	0.0879347	0.2539075	0.0036841	0.4118331	0.2381179	0.0134869	0.5495741	0.3362255	0.566129	0.7880595	0.1209735
1020	0.7957786	0.3921726	0.4547072	0.6303333	0.0153857	0.0784482	0.1830993	0.0121898	0.3535094	0.3160976	0.0024817	0.5234573	0.4412211	0.5162308	0.7278173	0.1982545
1040	0.6778848	0.4073994	0.4631447	0.6246241	0.0857312	0.0909455	0.1733562	0.0005987	0.2502939	0.2951612	0.0022643	0.5093735	0.3517986	0.6106845	0.747405	0.1339433
1060	0.8630607	0.335033	0.5172387	0.6339404	0.0169697	0.0561068	0.282449	0.0025261	0.4213551	0.2508896	0.0085162	0.4149082	0.3027359	0.6151463	0.6954129	0.1243431
1080	0.814887	0.4362287	0.4627344	0.7428759	0.0250202	0.1005622	0.1915748	0.002574	0.3027727	0.2452685	0.0161253	0.5148379	0.3021609	0.573505	0.7149454	0.1332465
1100	0.6025573	0.4023202	0.5014668	0.664437	0.0198164	0.0537734	0.2290639	0.0129166	0.3569925	0.2286819	0.0160618	0.4945006	0.3529778	0.5046366	0.7425359	0.1989604
1120	0.7203118	0.4433685	0.5884744	0.7830134	0.0163088	0.0909997	0.3066668	0.0039941	0.4708324	0.3408135	0.0540924	0.5308263	0.5433222	0.6502167	0.7059977	0.091913
1140	0.664125	0.3575585	0.3199956	0.643037	0.2440809	0.1164585	0.4454138	0.2185625	0.378226	0.5624006	0.2576307	0.2919406	0.4442197	0.6660226	0.6925531	0.0428776
1160	0.6690576	0.3175414	0.1980312	0.61368	0.2976695	0.0967406	0.5296308	0.3116433	0.3445583	0.528257	0.28312	0.1284503	0.3736278	0.5933153	0.7643545	0.0394238
1180	0.8562682	0.4210789	0.1732202	0.6854672	0.4407583	0.1377444	0.5962792	0.3601083	0.2744075	0.5972397	0.3720814	0.1034028	0.2583057	0.5076413	0.8510876	0.0177465
1200	0.6489474	0.4527407	0.1279084	0.6561376	0.3862117	0.2111708	0.6379181	0.4013078	0.3022665	0.6424253	0.4339935	0.0501302	0.1634468	0.3732295	0.7878195	0.0383747
1220	0.6531611	0.3997255	0.106498	0.5910566	0.3476847	0.228657	0.6719803	0.4913942	0.2139212	0.664523	0.536118	0.0103343	0.1257304	0.2766349	0.8663019	0.0320529
1240	0.5675974	0.3946381	0.1122863	0.4742662	0.4000048	0.2196398	0.7506447	0.4648397	0.1401117	0.6717204	0.5816421	0.0079147	0.1213427	0.2338979	0.7461589	0.0471988
1260	0.4162132	0.3869296	0.063528	0.378858	0.388888	0.2542917	0.8156339	0.6073512	0.2079795	0.7197753	0.5910448	0.0079865	0.1102781	0.1300148	0.749972	0.0472935
1280	0.6116479	0.5110937	0.0559202	0.3959863	0.4361379	0.2150391	0.6088485	0.5917462	0.193039	0.7412784	0.5187763	0.0045253	0.0504265	0.1223479	0.7667948	0.0471924
1300	0.6956581	0.546078	0.075437	0.3371021	0.4046414	0.2537644	0.6504974	0.5383349	0.1849763	0.6574967	0.5726817	0.0190404	0.0831531	0.1762761	0.8799934	0.0356694
1320	0.5296401	0.5848807	0.0362096	0.2367952	0.382607	0.2436824	0.7246972	0.6456198	0.2134298	0.597116	0.7094961	0.0011943	0.111081	0.1101813	0.7136717	0.0632348
1340	0.6318514	0.5900449	0.0846877	0.2928742	0.402084	0.2090225	0.6989362	0.5743306	0.1880717	0.6165087	0.4926218	0.0003932	0.0621795	0.1419218	0.7892016	0.0675206
1360	0.7034203	0.5934996	0.0647739	0.1960486	0.4383248	0.250051	0.7486391	0.5771389	0.1605815	0.7106279	0.6012594	0.002423	0.045707	0.1102232	0.7682701	0.0983909
1380	0.5859043	0.6281786	0.0541936	0.2132303	0.4440288	0.2583917	0.660914	0.5479552	0.2242429	0.6328556	0.5021562	7.99e-05	0.0479195	0.1059528	0.623137	0.0891764
1400	0.6163208	0.6456948	0.0934395	0.1868911	0.3840434	0.2314197	0.6649243	0.5330763	0.2668412	0.5929289	0.4202129	0.0013245	0.0792714	0.0995971	0.6617975	0.0889725
1420	0.4792113	0.6628189	0.0971934	0.1375156	0.3988027	0.2386404	0.6384058	0.5203238	0.2580883	0.631228	0.5096719	0.0006888	0.0394762	0.103802	0.667996	0.0391989
1440	0.6533446	0.5006488	0.0593689	0.1394257	0.485859	0.2208042	0.654019	0.504392	0.1947982	0.8419111	0.4794776	0.0014736	0.0516177	0.0821922	0.6766461	0.0293903
1460	0.5326108	0.699345	0.1081117	0.09565	0.4122333	0.2137578	0.6416684	0.561753	0.2240097	0.6945601	0.4411513	0.0014178	0.0438399	0.0804	0.5711718	0.0878002
1480	0.4973839	0.4954505	0.08542	0.0504574	0.4050055	0.2105632	0.6657708	0.6216084	0.3167135	0.7825777	0.4708881	0.0016671	0.0525721	0.0659631	0.6695892	0.0494083
1500	0.5564621	0.4369668	0.0953665	0.0235081	0.454598	0.2225515	0.7607798	0.6104312	0.221417	0.6655824	0.3585861	0.0019144	0.079956	0.0798802	0.6259061	0.0665094
1520	0.4476756	0.6083635	0.0922908	0.0869433	0.3716335	0.2542412	0.6535699	0.5426689	0.1426874	0.7067903	0.3875465	0.0024553	0.0521081	0.1185758	0.7258708	0.0622547
1540	0.5249746	0.570953	0.1160098	0.0229016	0.3918601	0.2329217	0.7236133	0.5874235	0.1833416	0.533184	0.5068278	0.0015689	0.0623395	0.121519	0.7509872	0.1017941
1560	0.4553377	0.5298579	0.0709612	0.0598924	0.4331429	0.2378991	0.7582057	0.5833301	0.1964771	0.6005599	0.5099764	0.0	0.0487416	0.1414421	0.6677209	0.0530942
1580	0.5177344	0.5708947	0.042594	0.0531211	0.3822735	0.3601503	0.773226	0.5921052	0.2183572	0.6351816	0.6089553	0.0001399	0.0586123	0.1224154	0.7080702	0.074568
1600	0.5600219	0.5968502	0.0806143	0.0614697	0.427849	0.2950046	0.7434413	0.5446807	0.1389598	0.6193708	0.4239126	0.0009983	0.0483362	0.1060125	0.7569136	0.0998079
1620	0.7078993	0.4919749	0.0745756	0.0572012	0.4497152	0.2678692	0.7577099	0.4737765	0.184544	0.6744718	0.5338313	0.0090023	0.087861	0.0795432	0.6357867	0.0555358
1640	0.4325388	0.5275358	0.1309152	0.0484985	0.3752297	0.2634954	0.7091934	0.5857588	0.211042	0.6409902	0.4331575	0.0010111	0.0617125	0.0646245	0.6452583	0.0469591
1660	0.573024	0.5984033	0.099222	0.0728105	0.4266655	0.3009166	0.752501	0.5398875	0.1992612	0.7553727	0.4616382	0.0005974	0.0321521	0.0814804	0.7173731	0.0781492
1680	0.5519229	0.6398307	0.0921043	0.0517456	0.3953525	0.2952151	0.7524037	0.5053972	0.1944196	0.5967198	0.5044775	0.0007948	0.0443716	0.0728632	0.957211	0.0470042
1700	0.5835986	0.5681159	0.3541655	0.0741397	0.2033055	0.1889053	0.5945193	0.3437378	0.2023259	0.3470964	0.3506053	0.3002336	0.0810732	0.0760296	0.66628	0.3703844
1720	0.6081824	0.517684	0.4912339	0.2054856	0.069204	0.2202644	0.523582	0.3571364	0.2120888	0.2512372	0.3244294	0.5160753	0.039951	0.0605585	0.6749948	0.335166
1740	0.5865839	0.4520456	0.5097903	0.2696757	0.0775847	0.189105	0.6320287	0.2179901	0.2742759	0.2275826	0.364191	0.5691913	0.0878579	0.1134128	0.6998825	0.2779357
1760	0.5892798	0.4292803	0.4377855	0.3211783	0.0600472	0.1713119	0.5521814	0.1041186	0.2644094	0.138058	0.256555	0.5487711	0.1138897	0.2960851	0.6913294	0.3057814
1780	0.69502	0.4829722	0.5599176	0.3760014	0.0440547	0.1113147	0.4126746	0.0918032	0.2842575	0.2741254	0.2520621	0.5514517	0.1984099	0.2580251	0.6107342	0.2303939
1800	0.6808112	0.5219248	0.4949987	0.4239862	0.0397734	0.0770833	0.4418174	0.0254749	0.2011771	0.2557461	0.1330543	0.5378668	0.2196971	0.4433514	0.7315693	0.2165777
1820	0.6429546	0.5182875	0.5372589	0.4780026	0.0282841	0.1021338	0.4658787	0.0177279	0.3086289	0.2436957	0.0961892	0.5227581	0.3800398	0.5451199	0.7461497	0.1835475
1840	0.6234745	0.4928851	0.5495304	0.5784429	0.0154092	0.1230827	0.5205844	0.0062775	0.2692328	0.2198295	0.0451418	0.5031395	0.4345427	0.4260936	0.7963698	0.2001758
1860	0.7852848	0.4171966	0.5098661	0.5233271	0.0368226	0.1098043	0.656242	0.0042104	0.3638241	0.2988987	0.0887575	0.5393278	0.4382634	0.5433788	0.7783031	0.1713239
1880	0.7314995	0.4673537	0.44722	0.5297382	0.0317155	0.0769765	0.497597	0.0025873	0.3025838	0.2846898	0.0398473	0.4541948	0.3648512	0.5105599	0.6735976	0.1143703
1900	0.6895304	0.4776705	0.539215	0.601542	0.0213376	0.0738788	0.3474094	0.003018	0.3462007	0.289202	0.0464408	0.4879124	0.4014953	0.6235067	0.7474188	0.0942415
1920	0.7171215	0.4914618	0.484385	0.6563975	0.0164381	0.0847358	0.37335	0.0035019	0.2787824	0.3569367	0.0151785	0.5671592	0.4174038	0.687033	0.6792879	0.1096651
1940	0.8280904	0.4420277	0.61202	0.5478535	0.0345254	0.0465002	0.4694093	0.0037116	0.286406	0.3137622	0.0035699	0.4364498	0.423562	0.7508942	0.690915	0.1539519
1960	0.6688159	0.4012851	0.6185529	0.586355	0.0181803	0.0329992	0.396319	0.0041069	0.3205613	0.2690052	0.0035391	0.3932048	0.4012546	0.6737007	0.643745	0.1259465
1980	0.6802106	0.3932486	0.5490172	0.6164376	0.0149336	0.0650654	0.30194	0.0015488	0.2642767	0.2861587	0.0120932	0.3942601	0.4270879	0.6700194	0.6915872	0.0942393
2000	0.6813655	0.4315101	0.5702944	0.5528022	0.0271154	0.0332591	0.358667	0.0271401	0.3331192	0.2389895	0.0072838	0.4047959	0.4006034	0.7428156	0.7145838	0.1206984
2020	0.6766327	0.5093599	0.5075966	0.5654542	0.0347335	0.100988	0.4141007	0.0059629	0.3137282	0.328699	0.0053506	0.4700142	0.5110464	0.6381838	0.6296522	0.1265899
2040	0.597722	0.4639735	0.3873751	0.6455224	0.0025933	0.0640749	0.4130634	0.0278599	0.3116332	0.3180125	0.0132843	0.4253401	0.5177681	0.6629914	0.7592058	0.1391091
2060	0.5709018	0.4557746	0.4351399	0.5577149	0.0085197	0.085959	0.3229127	0.019331	0.2908963	0.2409657	0.0030969	0.4096054	0.4510633	0.5667306	0.6656861	0.1197111
2080	0.6410601	0.5875941	0.3788717	0.5619139	0.0204281	0.0644176	0.2419067	0.0056367	0.3222492	0.2288117	0.0030816	0.5577165	0.3634439	0.6059607	0.7419352	0.1185657
2100	0.67039	0.5019338	0.5679912	0.5117145	0.0162235	0.0960491	0.2874979	0.0105858	0.2630089	0.2568622	0.0316001	0.5174067	0.3627188	0.5311226	0.542875	0.1263099
2120	0.7697789	0.4887896	0.491135	0.4436107	0.0215771	0.0793507	0.1918551	0.0036133	0.2798339	0.2376192	0.0130089	0.5038156	0.4363848	0.6410409	0.6534965	0.122459
2140	0.785522	0.416655	0.5097024	0.5042134	0.0328536	0.0354168	0.3563003	0.0037816	0.238115	0.2258099	0.0146531	0.484355	0.4272199	0.6289072	0.6960109	0.1599686
2160	0.6767418	0.4047531	0.4834682	0.5815917	0.0206292	0.0477442	0.2371812	0.0031105	0.3293725	0.2038497	0.0050894	0.5080986	0.4594216	0.5128699	0.7403089	0.1809678
2180	0.6670481	0.4642754	0.5530812	0.68144	0.0118528	0.081114	0.3000153	0.0164765	0.2357008	0.2238043	0.0132776	0.5187506	0.3848558	0.5677969	0.7513036	0.1251301
2200	0.677849	0.390918	0.4618966	0.4952264	0.0121159	0.0751701	0.2547856	0.0027581	0.3089656	0.2609131	0.0137614	0.5051462	0.3191438	0.5994155	0.8805072	0.0818335
2220	0.6429009	0.5086839	0.5566621	0.6055156	0.0511366	0.0630871	0.3078303	0.0008869	0.4225039	0.3292009	0.0050752	0.4375645	0.3826545	0.6578232	0.8158394	0.1587697
2240	0.7418368	0.4738966	0.4325344	0.6346851	0.011036	0.0795277	0.3328457	0.0114122	0.3980067	0.3011752	0.0202302	0.4415632	0.4785306	0.7555351	0.659061	0.097872
2260	0.4369498	0.4704793	0.4314519	0.7170131	0.0082973	0.1913445	0.4272462	0.0281087	0.432538	0.3605875	0.2810403	0.3608105	0.4826995	0.6617223	0.745584	0.1345999
2280	0.3552716	0.6004263	0.4092389	0.6621867	0.028644	0.202495	0.5622994	0.0468147	0.3266805	0.5804752	0.4031088	0.2505224	0.4904295	0.5428154	0.7545319	0.083049
2300	0.1956017	0.5626923	0.6676687	0.6148207	0.0173447	0.3819157	0.6251404	0.0534968	0.3476726	0.7066353	0.4706471	0.1775548	0.3940723	0.5384475	0.7558865	0.0888268
2320	0.2117067	0.5723922	0.6098851	0.6360299	0.0072157	0.4040826	0.6853246	0.0524195	0.2417539	0.5990637	0.5220732	0.132111	0.4656052	0.6004818	0.7744932	0.0627195
2340	0.1817702	0.6503758	0.6052325	0.6146973	0.0053082	0.4404475	0.7916854	0.0283524	0.320417	0.5774622	0.6666656	0.1155091	0.4615787	0.6926737	0.7608555	0.0663051
2360	0.1905245	0.7454408	0.5508499	0.7819701	0.0134203	0.366641	0.6554849	0.0396287	0.3101497	0.5445979	0.6016548	0.1399485	0.4267479	0.6579433	0.7925867	0.1164853
2380	0.2479229	0.7802829	0.5081469	0.7790215	0.0409225	0.3878269	0.6572209	0.03345	0.2931681	0.6453833	0.58736	0.1267778	0.4753478	0.5837603	0.7677415	0.0914315
2400	0.2043578	0.6114791	0.4460472	0.7677197	0.026054	0.3416706	0.7317714	0.0893194	0.3462201	0.6432505	0.6715186	0.1026902	0.458283	0.5899736	0.6414725	0.1115733
2420	0.2763939	0.6798464	0.5632785	0.7538248	0.0218247	0.4997284	0.6712278	0.0497146	0.3067765	0.6625258	0.767681	0.0855989	0.3440986	0.6440084	0.5715622	0.102955
2440	0.1829372	0.834098	0.4636812	0.7371563	0.0119066	0.529091	0.5900985	0.0266656	0.2701364	0.7252247	0.8267421	0.1239775	0.4182219	0.6624085	0.7546701	0.1008009
2460	0.2348558	0.7692329	0.4636649	0.7618688	0.0264362	0.4024519	0.8015625	0.0282465	0.3564781	0.6069609	0.6787107	0.0809707	0.5161976	0.5800431	0.8352793	0.0957679
2480	0.2666052	0.7341685	0.610382	0.6227843	0.0216765	0.3380368	0.6420558	0.0311879	0.3517609	0.5436127	0.6743923	0.1390946	0.5105486	0.6029696	0.6142591	0.0908623
2500	0.2186601	0.6973649	0.5267206	0.6912007	0.0169346	0.4087016	0.5582074	0.0472414	0.3283429	0.5941138	0.6205599	0.1253364	0.5001672	0.684733	0.7662707	0.1178217
2520	0.2592295	0.8168454	0.4495151	0.7255488	0.0108797	0.4885295	0.5925587	0.0565077	0.3836609	0.5374945	0.6686983	0.1014446	0.5095943	0.6736713	0.7824372	0.1982559
2540	0.2498364	0.8223616	0.3986557	0.7489775	0.0242374	0.4826871	0.6579436	0.1724683	0.317361	0.7225947	0.5638633	0.1222837	0.4756749	0.5961057	0.7724961	0.0787405
2560	0.1770574	0.7393011	0.4393067	0.7115102	0.0204739	0.3446392	0.5284747	0.0547984	0.2416499	0.6990512	0.6790297	0.0918415	0.3513127	0.7113467	0.696092	0.0918926
2580	0.1642651	0.7731619	0.5280433	0.5656317	0.0237575	0.3211624	0.657204	0.0404623	0.2669291	0.8260072	0.6653719	0.1419097	0.4615898	0.7085093	0.9147049	0.1360276
2600	0.1607317	0.8619397	0.5104215	0.737254	0.0331014	0.4400063	0.663968	0.0658666	0.2921031	0.6405044	0.5646466	0.1700545	0.5044067	0.557314	0.7371011	0.0861576
2620	0.2200508	0.7910289	0.5035467	0.7614243	0.0134346	0.4074687	0.6602503	0.0335409	0.3292444	0.578948	0.7715517	0.1057652	0.4197599	0.6357586	0.7888381	0.147577
2640	0.2099794	0.9315473	0.4403813	1.0	0.0087392	0.4395047	0.713997	0.0510492	0.3352691	0.5094775	0.6314941	0.1770575	0.4227775	0.6409463	0.818411	0.160769
2660	0.1834436	0.8797634	0.4271064	0.7830249	0.0157262	0.3182659	0.7967325	0.0317952	0.3099672	0.5580157	0.608508	0.1991335	0.4088379	0.6276057	0.748391	0.1063185
2680	0.2080793	0.770421	0.5353893	0.7702481	0.025625	0.4221674	0.6422884	0.0418253	0.2854001	0.6664701	0.5861481	0.0885665	0.4816392	0.5827587	0.6980594	0.1432211
2700	0.2204963	0.848402	0.4680083	0.6880508	0.0240399	0.3987452	0.6996438	0.0324115	0.3195858	0.549221	0.6780433	0.1049756	0.3523757	0.6111502	0.670141	0.1350599
2720	0.1913628	0.8492251	0.3589542	0.6552162	0.0241596	0.5181829	0.6445275	0.0331512	0.3210807	0.5854361	0.6336364	0.1033508	0.434141	0.5940803	0.6827547	0.0764125
2740	0.2633705	0.7295795	0.4136235	0.674639	0.0134868	0.3798773	0.7304908	0.0399299	0.3082465	0.5717765	0.6488832	0.2266189	0.3727271	0.5696441	0.6985363	0.1079132
2760	0.2666342	0.7116552	0.4121214	0.7247017	0.0155905	0.4355399	0.6191821	0.0420281	0.3942478	0.6241924	0.5695012	0.1610084	0.4681685	0.4873748	0.8108617	0.1586817
2780	0.1685749	0.763934	0.480043	0.7523768	0.0158844	0.4425841	0.6237194	0.0484258	0.2768716	0.5993381	0.5991436	0.1621288	0.4929419	0.5760496	0.8228333	0.1882372
2800	0.2150502	0.7585531	0.4880153	0.6982185	0.0439766	0.3718308	0.6687076	0.0648692	0.2823948	0.7392395	0.7720106	0.0983016	0.4905343	0.5362425	0.7705366	0.0809451
2820	0.6057547	0.8036597	0.5827113	0.7216457	0.0103682	0.2970488	0.4474522	0.0446381	0.3494467	0.4986593	0.3905283	0.2876407	0.479608	0.6950014	0.7802681	0.1599232
2840	0.4862651	0.7902466	0.5023627	0.6563249	0.0104123	0.2110208	0.4425918	0.0196165	0.27804	0.2992338	0.2558917	0.4369299	0.3819118	0.62255	0.6335489	0.1241794
2860	0.5993573	0.7299134	0.7403317	0.5959456	0.0086526	0.1450766	0.3668382	0.0237042	0.3603053	0.2390975	0.1340502	0.3976443	0.441082	0.5379437	0.6673076	0.176422
2880	0.7650336	0.6503368	0.5254157	0.7228862	0.0190453	0.109799	0.3416687	0.0203684	0.272251	0.3393225	0.0661377	0.4681077	0.390643	0.691713	0.6815832	0.1085163
2900	0.6572133	0.5412735	0.5430001	0.6946065	0.0225355	0.0938444	0.375954	0.0114079	0.2977413	0.3628965	0.042725	0.4772869	0.5006744	0.5820013	0.8111676	0.1071838
2920	0.8192302	0.4324979	0.4024294	0.6381922	0.0091326	0.0769322	0.3550068	0.0194934	0.3539693	0.319749	0.0230102	0.3898754	0.4966984	0.5920328	0.7686343	0.0727936
2940	0.7016729	0.5738371	0.5317434	0.6108269	0.011422	0.0539425	0.3397496	0.0043685	0.4406412	0.2393279	0.0124779	0.3985034	0.4626937	0.6120539	0.7423976	0.1232752
2960	0.6844345	0.5359194	0.4487722	0.6125346	0.021399	0.060049	0.2757411	0.0107605	0.3177151	0.2678774	0.0130675	0.4099868	0.4684045	0.7001645	0.6567088	0.1158648
2980	0.6942894	0.5761229	0.4829567	0.5528198	0.0111002	0.0465846	0.2766166	0.0061856	0.2843148	0.3166773	0.0032607	0.6367172	0.4692046	0.6438609	0.7916309	0.1322144
3000	0.757759	0.5032197	0.4915287	0.5683299	0.0152464	0.0652734	0.2740798	0.001804	0.3205712	0.259357	0.0059584	0.4401025	0.4796549	0.6646576	0.8787526	0.1244651
3020	0.708018	0.4316873	0.4050074	0.5861871	0.0077352	0.0562434	0.2826413	0.0018191	0.2820763	0.2675723	0.0029972	0.455943	0.4550991	0.6655065	0.7336769	0.1176166
3040	0.6927714	0.4563832	0.5157105	0.6148882	0.0224521	0.054782	0.2644275	0.0009318	0.3272331	0.2609889	0.0167068	0.4569239	0.5260152	0.6920175	0.6851892	0.061305
3060	0.6620646	0.4956787	0.4607877	0.6778216	0.0225159	0.0736752	0.2983295	0.0015868	0.2886967	0.2055927	0.0040503	0.3817674	0.5056197	0.6037099	0.6724771	0.0827351
3080	0.8015739	0.5393405	0.4951732	0.5754523	0.0293907	0.0929855	0.3448291	0.0123918	0.2620743	0.2468507	0.0086308	0.4116633	0.4351089	0.6621402	0.7512478	0.121719
3100	0.8119051	0.4582634	0.5492128	0.6401116	0.02629	0.0761213	0.2925356	0.0049305	0.2678903	0.2328537	0.0074467	0.4591473	0.4078735	0.5937348	0.7199973	0.1160131
3120	0.7368377	0.5027658	0.5186576	0.7615888	0.0222818	0.0635202	0.2972346	0.0001663	0.4031909	0.2915089	0.0050989	0.4868822	0.5444983	0.5330078	0.6452398	0.1218939
3140	0.7559809	0.4241609	0.5513355	0.6777934	0.0154674	0.0958569	0.2248005	0.0009002	0.404268	0.2805585	0.0145606	0.4823073	0.464239	0.5693929	0.6505863	0.1005652
3160	0.7516437	0.4767643	0.4622688	0.599905	0.0179951	0.0502377	0.2412972	0.0004562	0.3009826	0.2409529	0.0036005	0.6349428	0.4354194	0.466953	0.652417	0.101216
3180	0.704548	0.3894955	0.5188873	0.6771252	0.0132113	0.0493864	0.2691406	0.0017043	0.3173742	0.2828383	0.0093931	0.4436321	0.4852909	0.7597618	0.7850846	0.0822783
3200	0.8381613	0.4988685	0.5520985	0.7046778	0.015458	0.0495523	0.3085431	0.000816	0.3033466	0.2828291	0.0063691	0.5286336	0.4747164	0.5232815	0.8454231	0.137377
3220	0.7103298	0.3627248	0.469223	0.6288332	0.007046	0.0856233	0.2168819	0.0164142	0.3282151	0.3318318	0.0033747	0.5378422	0.4004643	0.6128291	0.7117544	0.1168479
3240	0.6228682	0.3811622	0.4819123	0.5828137	0.0141447	0.0601743	0.1711026	0.0061863	0.2487924	0.3607386	0.008034	0.5653258	0.366356	0.5242831	0.6661469	0.1349299
3260	0.8316924	0.5096346	0.4628667	0.6822323	0.0095039	0.062227	0.242922	0.0079246	0.3250896	0.3128837	0.0179577	0.5573872	0.2988735	0.5760352	0.6341535	0.0891728
3280	0.6707873	0.4480808	0.4621828	0.679677	0.0217059	0.0580165	0.2665821	0.0019829	0.3231912	0.2567345	0.0049703	0.5336812	0.3786359	0.5439264	0.7399692	0.1609125
3300	0.7178754	0.3654142	0.5978868	0.5648015	0.0206202	0.0809799	0.2740313	0.0027669	0.2969832	0.3391491	0.0065862	0.4672825	0.3787269	0.6378769	0.7772282	0.0964827
3320	0.6336927	0.3503279	0.3956888	0.6887716	0.0290863	0.0585117	0.2812098	0.0001265	0.2427591	0.2910021	0.0059329	0.5543696	0.4036602	0.580108	0.6358808	0.1186674
3340	0.7414794	0.4411045	0.4216279	0.6368142	0.0246352	0.0592786	0.3125659	0.0007138	0.2756365	0.3221206	0.0054856	0.5148786	0.4367207	0.6283098	0.8183191	0.1171594
3360	0.7497778	0.4032241	0.5104023	0.684179	0.0134942	0.0547256	0.3467599	0.0024852	0.4133599	0.3325957	0.0234833	0.4653231	0.528158	0.6731105	0.7502986	0.1392176
3380	0.7811261	0.4583555	0.4437216	0.72042	0.0052648	0.0537499	0.2977486	0.0099681	0.3361722	0.3477532	0.0078943	0.3714584	0.5479877	0.5853448	0.779055	0.0754887
3400	0.6817133	0.4725061	0.4747901	0.636168	0.0215261	0.0494637	0.3274838	0.0106792	0.3039274	0.3069944	0.0240707	0.360438	0.6374427	0.6793629	0.8682251	0.1130768
3420	0.6064391	0.4613594	0.4353495	0.78065	0.0157549	0.0817328	0.3394009	0.0155187	0.3545126	0.3374546	0.0116612	0.4093741	0.5587654	0.79935	0.7792027	0.1400623
3440	0.553998	0.3914908	0.4425864	0.7344513	0.0218168	0.0686184	0.3546379	0.0018914	0.3127352	0.2966868	0.009112	0.4256473	0.5593209	0.6784429	0.7199142	0.0881808
3460	0.6688391	0.4537953	0.4996181	0.6733642	0.0197113	0.0336239	0.361434	0.0022903	0.2130423	0.2929632	0.0127417	0.3535794	0.5832862	0.8235367	0.7378422	0.12139
3480	0.8139576	0.56159	0.4857272	0.7666578	0.0322245	0.0253745	0.2359201	0.0039337	0.3392693	0.2847778	0.0065031	0.3922665	0.5210272	0.7194162	0.6347159	0.1213394
3500	0.709984	0.4439246	0.4126303	0.7704499	0.0188622	0.0443026	0.2541212	0.0220428	0.4096632	0.2822574	0.012516	0.4060392	0.5172666	0.7047191	0.82788	0.1145233
3520	0.7387439	0.5280457	0.569452	0.7768241	0.028372	0.0486922	0.2578053	0.0085416	0.2933497	0.3227228	0.0195353	0.4659987	0.5300616	0.7543725	0.8563506	0.0965119
3540	0.7789135	0.2691332	0.6025947	0.8239569	0.0317049	0.0488195	0.2589423	0.0031766	0.2876963	0.2171748	0.0096883	0.4333953	0.5777896	0.5841403	0.6779918	0.128589
3560	0.6689939	0.4775274	0.4875935	0.698786	0.022987	0.0432659	0.250155	0.0316042	0.2868182	0.2687339	0.0067475	0.5551786	0.5667135	0.6954962	0.8366637	0.111385
3580	0.7021258	0.4718084	0.4122298	0.6406613	0.0197593	0.0614936	0.3577786	0.0041775	0.3545022	0.1906242	0.0097193	0.4044547	0.5723748	0.5021531	0.7822399	0.1579641
3600	0.7967614	0.4954777	0.4621671	0.6773265	0.0205314	0.0684656	0.3248078	0.0149161	0.3347798	0.2510272	0.0273349	0.383479	0.5887409	0.5380469	0.9208857	0.0995203
3620	0.6431817	0.426955	0.5203999	0.6869419	0.0200353	0.0416581	0.4031701	0.0052625	0.4174995	0.257642	0.0154563	0.4169653	0.6592555	0.6009797	0.6839487	0.1291048
3640	0.7096649	0.4599441	0.4243101	0.7655524	0.0119235	0.0948008	0.2963159	0.0077779	0.3977591	0.2874957	0.0062006	0.4222986	0.6491953	0.5564297	0.7732914	0.0826064
3660	0.8077639	0.5015638	0.4456482	0.7173763	0.0154225	0.0794904	0.2465353	0.0007839	0.2676109	0.3417574	0.0143228	0.4685987	0.6283213	0.5951633	0.7447781	0.1232742
3680	0.7254865	0.44198	0.4749939	0.7919483	0.012524	0.0466093	0.3032908	0.0078114	0.2778109	0.3057472	0.0079498	0.3950307	0.6899019	0.4751854	0.6915606	0.0904879
3700	0.8128987	0.4028113	0.5341143	0.8342014	0.0260371	0.0850621	0.236095	0.0010409	0.3214415	0.2980051	0.005631	0.4405264	0.5941371	0.5591531	0.7315497	0.0944869
3720	0.6937846	0.4803722	0.3662996	0.7900451	0.0361453	0.0500784	0.251826	0.000271	0.3065909	0.2745041	0.0118735	0.473112	0.5130836	0.53717	0.7539678	0.1176114
3740	0.6742851	0.4887152	0.5493256	0.7358899	0.0091434	0.1041978	0.1957687	0.0147069	0.294684	0.2288438	0.0261027	0.479317	0.7142753	0.6084979	0.6515766	0.0972678
3760	0.7330204	0.2925709	0.4538196	0.7247964	0.0287021	0.0665164	0.2507146	0.0038673	0.3656451	0.2588309	0.0021585	0.5473978	0.5986635	0.5317141	0.731446	0.1067107
3780	0.69467	0.3720765	0.3444667	0.7016227	0.0134729	0.0408724	0.2786525	0.0017598	0.2882399	0.2670661	0.0060848	0.4952714	0.6110179	0.6001824	0.7624502	0.1594421
3800	0.768764	0.4013732	0.4340393	0.7879274	0.0173246	0.0639368	0.2289777	0.0161729	0.2811968	0.2480391	0.0149301	0.3957066	0.507635	0.4934486	0.6323851	0.1414775
3820	0.7464669	0.3542051	0.4476707	0.7596247	0.0278705	0.0748726	0.2154346	0.0042582	0.237027	0.2519972	0.0147974	0.4410038	0.61415	0.5139278	0.690478	0.1151808
3840	0.7459135	0.3655955	0.5221545	0.7351382	0.0058759	0.0424086	0.3285868	0.0032762	0.2717799	0.2357458	0.0063488	0.4074009	0.5897882	0.6460822	0.6944868	0.0596975
3860	0.7523534	0.379772	0.4740053	0.9397426	0.0176536	0.0602132	0.2164331	0.0048378	0.30305	0.2488922	0.0253552	0.4028443	0.6376268	0.6364857	0.8180097	0.0954496
3880	0.7392862	0.3861309	0.4903971	0.8189914	0.0275796	0.0859823	0.2731259	0.0015601	0.2938394	0.229643	0.0099221	0.4520528	0.653133	0.5674707	0.647756	0.1220746
3900	0.7312411	0.412699	0.4829181	0.7310029	0.0284961	0.087611	0.2970598	0.0022401	0.31316	0.2459788	0.016904	0.4686798	0.650461	0.5007718	0.7050389	0.0929113
3920	0.6766576	0.4543325	0.4974106	0.7987331	0.0125416	0.0364709	0.2932842	0.0011372	0.3680815	0.2904702	0.0219898	0.4697066	0.5620797	0.4410108	0.8409459	0.1186887
3940	0.7410814	0.432917	0.4777815	0.7765508	0.0084134	0.0572108	0.2141255	0.0017901	0.2478778	0.2322031	0.012595	0.4414664	0.5709719	0.5559473	0.7141611	0.130112
3960	0.7108066	0.3647103	0.6287883	0.7589184	0.0200453	0.1175923	0.2380405	0.0001333	0.3840364	0.2807255	0.0118976	0.5113833	0.4663787	0.5175185	0.7014741	0.1289421
3980	0.697192	0.3954597	0.5338611	0.7824056	0.0144606	0.0616118	0.2450922	0.0007916	0.3385435	0.2377236	0.0055055	0.5843113	0.4839601	0.5786178	0.754063	0.1530509
4000	0.7755576	0.3767455	0.5076709	0.784564	0.0165467	0.0446365	0.2801412	0.0002053	0.3161119	0.282303	0.0109528	0.4995863	0.4582713	0.6946923	0.8493576	0.1642521
4020	0.5936364	0.5000738	0.4419155	0.7202036	0.0193073	0.0479597	0.3051555	0.0151568	0.2202233	0.2382487	0.012997	0.5642926	0.4436835	0.5999789	0.7673172	0.1301355
4040	0.7416838	0.4592808	0.4342109	0.5585468	0.0134772	0.1105722	0.3020583	0.0171249	0.3188113	0.2230394	0.0063068	0.5198016	0.4058275	0.6550458	0.7479459	0.1468656
4060	0.6765683	0.4268319	0.5185017	0.5732735	0.0082488	0.079755	0.2661689	0.0069685	0.3413436	0.2583176	0.0140026	0.4536455	0.4663593	0.6748756	0.7729347	0.0831947
4080	0.7219559	0.4005024	0.5160576	0.617319	0.0029313	0.0750538	0.2630357	0.0046694	0.3113964	0.3365639	0.0160169	0.4195	0.5021043	0.5923167	0.6966385	0.0895575
4100	0.6573177	0.4873106	0.5146039	0.5602173	0.0244761	0.0552454	0.2469575	0.0094997	0.3595211	0.35218	0.005161	0.3257415	0.4979093	0.6658921	0.6995401	0.0826567
4120	0.6611741	0.4614143	0.5191053	0.5746046	0.0561202	0.0534535	0.235257	0.0080955	0.3578454	0.2398492	0.0120675	0.429715	0.4526542	0.6518656	0.5928709	0.0888344
4140	0.7210559	0.5077421	0.5389591	0.7072569	0.0079592	0.078413	0.1920653	0.0036254	0.3421373	0.3182524	0.0078182	0.5444832	0.4063851	0.5380405	0.6752187	0.150633
4160	0.7067943	0.4469447	0.4480176	0.6287436	0.0183663	0.0517573	0.3057606	0.0011919	0.2420256	0.2383734	0.0120753	0.5271568	0.3655174	0.6284447	0.6684135	0.100957
4180	0.7893283	0.3599236	0.4970496	0.6465479	0.0138704	0.0373238	0.295795	0.001148	0.2358866	0.2310443	0.0052757	0.3971086	0.3976236	0.5170435	0.6477682	0.1284571
4200	0.703013	0.503084	0.5795289	0.6950397	0.0057188	0.0634265	0.3217662	0.00476	0.2628315	0.165158	0.0102628	0.5015439	0.443082	0.567256	0.7054606	0.1175695
4220	0.6405713	0.3810919	0.575106	0.6428469	0.010199	0.0553167	0.2142936	0.0019881	0.2838898	0.2311674	0.00535	0.4609403	0.3371754	0.7081884	0.6996598	0.1199822
4240	0.6023031	0.3831456	0.4607157	0.6546858	0.0437886	0.0316479	0.2675438	0.0019692	0.419304	0.3053405	0.0110155	0.3842772	0.451345	0.6223087	0.8399023	0.1074498
4260	0.7676694	0.4788193	0.5581376	0.6230465	0.0042956	0.0464206	0.2996406	0.0008683	0.3084358	0.3024717	0.010398	0.3974314	0.4707203	0.657953	0.7283471	0.0600348
4280	0.7518876	0.4462043	0.5448308	0.6528902	0.0102948	0.0581681	0.270569	0.0028792	0.3281756	0.2058718	0.0055609	0.3628596	0.4700285	0.6056019	0.74357	0.0802341
4300	0.7582992	0.4953158	0.4581351	0.5639521	0.0062923	0.030582	0.2266077	0.0016864	0.2842822	0.2366975	0.0184167	0.4422087	0.4406097	0.6421242	0.6513894	0.1202867
4320	0.6630582	0.624448	0.470067	0.7211673	0.0078804	0.0406112	0.3386874	0.0014117	0.3554664	0.2540065	0.0161359	0.4545554	0.4144958	0.7338385	0.8089334	0.1709062
4340	0.7412463	0.441166	0.4527148	0.5761842	0.02364	0.0430294	0.3380077	0.0037036	0.2451641	0.390294	0.0441763	0.4560217	0.4239895	0.7660244	0.7809643	0.1067423
4360	0.6734873	0.4558731	0.3789864	0.6793054	0.0077947	0.0598539	0.2583019	0.0103273	0.3393372	0.1786773	0.0252484	0.4824597	0.3948432	0.6283464	0.6493214	0.0768394
4380	0.6933115	0.3831697	0.5192266	0.646065	0.0133478	0.0729373	0.2170259	0.0133372	0.2900984	0.3133811	0.0074805	0.3676035	0.3671487	0.4892989	0.7252528	0.1117055
4400	0.6871861	0.4309125	0.5286604	0.6616424	0.0096745	0.087415	0.2677617	0.003918	0.3124373	0.2488511	0.001857	0.4818291	0.3147682	0.6327169	0.8082989	0.1123259
4420	0.881448	0.3337601	0.5376068	0.5353523	0.0125597	0.1072151	0.2252993	0.0063874	0.2548004	0.2744599	0.0034692	0.5370337	0.3151153	0.6082797	0.73842	0.1240111
4440	0.8154215	0.4275118	0.4720211	0.715524	0.0249416	0.0442822	0.2182852	0.0013666	0.2837953	0.2767502	0.0254907	0.5713521	0.3869342	0.5382711	0.6706528	0.1306685
4460	0.7395919	0.3054575	0.448563	0.6075324	0.0263444	0.0546709	0.2963876	0.0001597	0.2780281	0.2660329	0.0023242	0.5492991	0.3995814	0.5632404	0.7099038	0.0910598
4480	0.9453277	0.4659324	0.4951946	0.6383399	0.031437	0.0952994	0.3207033	0.0337795	0.4402896	0.2655884	0.0176308	0.5331804	0.598128	0.678838	0.6770441	0.1187769
4500	0.7598153	0.3777572	0.461872	0.6805274	0.2803061	0.0754399	0.3824658	0.0761902	0.3219819	0.2803763	0.0062944	0.299683	0.4182216	0.6006895	0.5708128	0.1189826
4520	0.784643	0.5279255	0.5587251	0.5854264	0.3632062	0.0540764	0.4371121	0.1053246	0.3231278	0.3133556	0.0121448	0.2394038	0.456207	0.6231687	0.8195977	0.1148341
4540	0.8454252	0.4517463	0.5695823	0.7282646	0.3047973	0.1216874	0.615893	0.1886255	0.2900547	0.2642344	0.0778997	0.1399149	0.5210021	0.6464993	0.6969725	0.0644462
4560	0.7414563	0.4539272	0.6121228	0.561989	0.4161175	0.202331	0.6030358	0.1949943	0.3819372	0.3564879	0.2629594	0.1355068	0.4746607	0.6075731	0.7732661	0.0819316
4580	0.8390566	0.3671816	0.4849409	0.5606317	0.4323514	0.2869569	0.483794	0.3364827	0.2992296	0.3738284	0.3422648	0.1027837	0.5931556	0.4883354	0.7085467	0.0728198
4600	0.9906479	0.3289864	0.5206126	0.7000892	0.3659858	0.2291356	0.5028517	0.2758301	0.3828018	0.393399	0.3916999	0.0438891	0.4071633	0.5917604	0.6751489	0.0798115
4620	0.7107399	0.3399881	0.4992713	0.5643993	0.3926892	0.3114431	0.6161715	0.2979705	0.5133947	0.3800971	0.4921309	0.0744589	0.3773254	0.6061882	0.7520485	0.0639317
4640	0.7309829	0.3527492	0.5077184	0.669849	0.4133917	0.2663513	0.6710673	0.2875543	0.3636522	0.3843635	0.512386	0.0550381	0.3878264	0.6277614	0.6643263	0.1065348
4660	0.6485725	0.3366103	0.4883813	0.7688694	0.371301	0.4135051	0.5369972	0.3166917	0.5036005	0.3490275	0.6337497	0.0599453	0.5313706	0.6370715	0.6758905	0.0671869
4680	0.7292094	0.3915477	0.4111165	0.8453062	0.4483419	0.3522063	0.5718042	0.3961354	0.4426365	0.3744395	0.6299414	0.0933252	0.3985903	0.5246023	0.783334	0.057132
4700	0.7262629	0.4152001	0.4630377	0.7608266	0.4484469	0.5008022	0.5497449	0.4439721	0.4865808	0.4060803	0.5576987	0.0701657	0.3298225	0.625107	0.629321	0.0854334
4720	0.7939677	0.562305	0.5843822	0.5758347	0.4606449	0.4246199	0.4844848	0.4433048	0.4471857	0.3871559	0.6833127	0.0643347	0.3936269	0.5603703	0.7935889	0.1125449
4740	0.6824182	0.37335	0.5161945	0.610984	0.3629227	0.4895731	0.6341496	0.3898844	0.4731255	0.4766832	0.7330595	0.0300922	0.3851879	0.6914666	0.7846374	0.1310409
4760	0.6763174	0.3612498	0.5473408	0.5639537	0.4159499	0.4152571	0.6080128	0.4066166	0.3627879	0.3504843	0.7444667	0.0591718	0.4005241	0.5829546	0.6594899	0.0739728
4780	0.7805247	0.3883321	0.4670237	0.7288318	0.3574319	0.4694806	0.7247146	0.352451	0.4311268	0.3869408	0.6866443	0.0367279	0.5172521	0.5458981	0.6102948	0.0817565
4800	0.7122388	0.3164489	0.5278132	0.7027925	0.5050064	0.4717283	0.6480359	0.4630397	0.4031126	0.3646139	0.606565	0.04378	0.4148028	0.5482465	0.7272562	0.0672811
4820	0.8589572	0.5015868	0.5434462	0.6970783	0.462261	0.4738346	0.6263837	0.4097188	0.4593671	0.3152841	0.776807	0.0578273	0.4668206	0.567917	0.6719757	0.0836021
4840	0.7807242	0.3506422	0.4591599	0.6655926	0.4084291	0.4646692	0.5307309	0.3736464	0.4465475	0.3812313	0.6749245	0.1110113	0.333617	0.582237	0.7142578	0.0978663
4860	0.7728602	0.451946	0.5277223	0.7087546	0.4554413	0.4872364	0.6092154	0.4745569	0.3667208	0.4888938	0.7263838	0.0871744	0.3560703	0.5523296	0.7899147	0.0893415
4880	0.6343268	0.389335	0.4921671	0.6964845	0.5649648	0.6105315	0.6272375	0.3129877	0.3991895	0.4384475	0.8078733	0.0537433	0.4168803	0.6373297	0.6698721	0.0775152
4900	0.7240896	0.3923456	0.530438	0.65634	0.4845715	0.5584289	0.5889401	0.3704896	0.4275784	0.382566	0.6855483	0.0908141	0.4111311	0.6396139	0.5929226	0.0780563
4920	0.7174007	0.3118456	0.5979461	0.6464782	0.3374867	0.653467	0.6147038	0.4134827	0.417171	0.3812184	0.6257625	0.0671157	0.3535676	0.6082475	0.6176712	0.0552844
4940	0.9034407	0.4392142	0.5733151	0.6045291	0.3370116	0.538624	0.5477702	0.3304551	0.4508089	0.5171026	0.7911282	0.0467827	0.4287814	0.472646	0.7456218	0.0672991
4960	0.6948916	0.3807935	0.473887	0.5687388	0.4393498	0.4944767	0.6170232	0.5985827	0.3546677	0.3845444	0.7848967	0.0408023	0.393302	0.542769	0.7320024	0.0925309
4980	0.6699618	0.4481474	0.5472342	0.7294441	0.5771167	0.5088647	0.5609597	0.4260987	0.4555597	0.3861352	0.6926564	0.0472089	0.4858439	0.8087769	0.7806182	0.0471087
5000	0.6178842	0.4565262	0.4738165	0.7002233	0.4590887	0.6716385	0.5516972	0.4290585	0.5307301	0.322457	0.7831397	0.0428149	0.5481144	0.7188012	0.8826215	0.0578668
5020	0.6696507	0.4489609	0.4235391	0.7128104	0.4081676	0.4755237	0.6942399	0.3932608	0.5170169	0.4342003	0.7310386	0.0474618	0.568507	0.6478478	0.7055935	0.0434294
5040	0.6568304	0.4188461	0.3913504	0.726665	0.3941024	0.4945743	0.5601274	0.4306612	0.4318892	0.4463182	0.7259413	0.0504039	0.4706518	0.4979667	0.6675354	0.0816649
5060	0.7209305	0.5100061	0.507661	0.6877047	0.2542857	0.5046883	0.6614849	0.3767611	0.3831313	0.4208541	0.7956156	0.252128	0.3929995	0.5768133	0.8024039	0.1002024
5080	0.629126	0.4148463	0.4121489	0.7074171	0.209076	0.4572432	0.6070742	0.1734963	0.3634703	0.3970528	0.7041506	0.3985947	0.3995304	0.4427489	0.7352061	0.1172609
5100	0.8951029	0.4384622	0.4726598	0.7303169	0.1391725	0.3840246	0.5671706	0.1317297	0.3856744	0.3520204	0.6131173	0.4376975	0.3798563	0.4392194	0.8567077	0.13772
5120	0.7502421	0.3927649	0.62802	0.6147763	0.1293334	0.3196666	0.6223627	0.1414679	0.3433612	0.4034906	0.568902	0.492751	0.3436053	0.5085089	0.7211078	0.1016855
5140	0.7303535	0.3816593	0.6376707	0.7180005	0.0544565	0.3197621	0.4867802	0.1089749	0.3064512	0.3288592	0.4502315	0.5812766	0.3456144	0.5498561	0.7926177	0.1370751
5160	0.6850026	0.4316537	0.5663249	0.7471091	0.0932181	0.2649502	0.5475474	0.0557418	0.368926	0.2177001	0.3520765	0.500869	0.5312774	0.629667	0.6350309	0.1061864
5180	0.6793429	0.4979712	0.4704951	0.5710024	0.0295555	0.2179754	0.5869726	0.0545276	0.380663	0.3404736	0.2134148	0.5819518	0.4472825	0.613287	0.6435498	0.0942665
5200	0.6851995	0.3648409	0.5774043	0.6090009	0.0499456	0.1219735	0.659437	0.0310985	0.2885125	0.3221431	0.1071544	0.5807056	0.4425175	0.6593567	0.7428872	0.1600987
5220	0.7094738	0.5228704	0.7008231	0.7295961	0.0591311	0.128787	0.6126347	0.020239	0.3333942	0.2515119	0.1162101	0.4750776	0.5226696	0.719324	0.8066545	0.0851451
5240	0.6981549	0.4213915	0.5212524	0.611486	0.0993825	0.0883248	0.4839562	0.0047325	0.372247	0.2933048	0.1055724	0.6014339	0.4754229	0.5953636	0.7035028	0.1352325
5260	0.7176125	0.4879593	0.5127768	0.576673	0.0308222	0.0804698	0.4274857	0.012091	0.3497699	0.3342411	0.0376908	0.5283347	0.5311667	0.6571329	0.7330758	0.114687
5280	0.7895915	0.5092354	0.4289232	0.7023882	0.0357173	0.0438703	0.3507158	0.0056737	0.3962989	0.2849944	0.0209198	0.4916551	0.4915697	0.7005373	0.6806102	0.0890349
5300	0.7412277	0.4905519	0.482134	0.6623276	0.0207868	0.0504876	0.3654477	0.0015068	0.2599967	0.2855074	0.0170963	0.5327236	0.404332	0.7094171	0.8524643	0.0946942
5320	0.772779	0.3899374	0.5428424	0.6639414	0.0077363	0.0940718	0.3614601	0.0039423	0.2976944	0.2979299	0.0345368	0.4744055	0.4320751	0.6326322	0.7568699	0.0863752
5340	0.8002977	0.4295196	0.5999462	0.6444754	0.0204506	0.0646709	0.3278151	0.0096976	0.3450116	0.1811842	0.00476	0.5728321	0.3491696	0.5822319	0.8006196	0.0914355
5360	0.631918	0.4178233	0.510703	0.528205	0.004382	0.0924482	0.2447003	0.0020146	0.3922444	0.1850907	0.0079959	0.5712576	0.3589945	0.6305541	0.688102	0.119507
5380	0.6058897	0.3692437	0.3516583	0.680862	0.0048519	0.0453286	0.3296487	0.0010392	0.2317284	0.2285641	0.0034728	0.4763021	0.3793622	0.5074952	0.8755039	0.0832552
5400	0.7803956	0.3884022	0.346525	0.6469898	0.023951	0.0582043	0.2376751	0.0022936	0.2855204	0.2083693	0.015685	0.4596205	0.3605218	0.4490402	0.6814887	0.1232195
5420	0.6947735	0.5027589	0.4863266	0.605361	0.0185826	0.0432167	0.2451148	0.0023797	0.2158628	0.23906	0.0119223	0.4908983	0.3696184	0.4954687	0.6855089	0.1673971
5440	0.6733575	0.3591092	0.4965757	0.6199277	0.0558983	0.0642008	0.1811027	0.0028028	0.2806412	0.2042731	0.0089312	0.4147525	0.3267339	0.5631554	0.8024162	0.0970739
5460	0.6677904	0.3888634	0.4166439	0.7568641	0.0100499	0.0480424	0.2373446	0.0015064	0.3050337	0.2729795	0.0146896	0.3609781	0.3545591	0.4995738	0.8568803	0.0984776
5480	0.666073	0.5357774	0.4319661	0.6231442	0.0293226	0.0585432	0.2106384	0.0035824	0.2493619	0.2631121	0.0050765	0.5071819	0.3020946	0.5720122	0.7315086	0.0814045
5500	0.815868	0.4768117	0.3651143	0.7010605	0.0258392	0.0311986	0.2168063	0.0210931	0.1955364	0.3233259	0.0060855	0.4734583	0.3252883	0.5873933	0.7886521	0.1453738
5520	0.7336117	0.4243908	0.4766804	0.5992085	0.0235238	0.0459121	0.188633	0.0057452	0.3855592	0.2422034	0.0158437	0.5589549	0.3605348	0.6622832	0.6110749	0.0648998
5540	0.7673073	0.5482379	0.5125389	0.5372793	0.0241029	0.110914	0.2053312	0.0024313	0.2704529	0.221324	0.0102302	0.5393673	0.3079707	0.5277936	0.7171831	0.090015
5560	0.74012	0.4455043	0.4632078	0.6812264	0.0096679	0.040061	0.2643061	0.0055485	0.3268817	0.1686162	0.020725	0.5822828	0.4085003	0.6344497	0.643821	0.1229368
5580	0.6766354	0.4673606	0.5066716	0.5491042	0.0284447	0.0807336	0.2296081	0.001476	0.2966853	0.2146738	0.0105457	0.6042941	0.4284542	0.5999553	0.7469147	0.1099522
5600	0.7906838	0.5344978	0.4946954	0.7000724	0.0228627	0.0413157	0.3492586	0.002941	0.351927	0.3107709	0.0096728	0.5161294	0.5649309	0.5886396	0.6873205	0.1178876
5620	0.7895426	0.3912957	0.5146312	0.7379358	0.2364457	0.0537379	0.4204675	0.0003243	0.3301391	0.464313	0.0046757	0.4597747	0.4716092	0.5668452	0.7339463	0.0842368
5640	0.7033685	0.3014802	0.3930131	0.6642738	0.2864635	0.0409643	0.4789461	0.0002304	0.3130608	0.5105314	0.0031545	0.3808759	0.7035237	0.5797774	0.5888166	0.0744433
5660	0.762859	0.2349587	0.5928185	0.7734033	0.3284071	0.07567	0.4857294	0.0016358	0.4024962	0.4533433	0.0306809	0.4234792	0.6983182	0.6805915	0.7173701	0.0529931
5680	0.8011994	0.2099941	0.4574037	0.7456696	0.3155076	0.1154621	0.5652245	0.0033989	0.2465634	0.620742	0.0649691	0.5654818	0.5840368	0.5505115	0.7198605	0.0324457
5700	0.7412196	0.2084822	0.4712388	0.6302031	0.2729551	0.1013041	0.5186906	0.0131387	0.3350967	0.5435406	0.1683539	0.4951291	0.7000686	0.614832	0.6923577	0.0352692
5720	0.7167483	0.2994045	0.3857422	0.8313836	0.4091812	0.183875	0.7421165	0.0226911	0.3357451	0.6712136	0.2396424	0.429471	0.712442	0.6796831	0.6085525	0.0657033
5740	0.7514305	0.2649689	0.3571696	0.6755797	0.4459579	0.1841944	0.7286361	0.0288047	0.3633966	0.5293263	0.3532809	0.4903263	0.6754706	0.6925264	0.6418695	0.0358428
5760	0.7877008	0.3030092	0.4048711	0.7190262	0.3420937	0.2826562	0.6891377	0.0239741	0.3231152	0.653064	0.4550701	0.4280369	0.8001393	0.5373111	0.8475238	0.0239749
5780	0.8386377	0.2329524	0.5061636	0.6952503	0.3525959	0.2541516	0.6976819	0.028747	0.3926579	0.646045	0.5112483	0.5663559	0.8511384	0.6153362	0.8663158	0.0357834
5800	0.6490477	0.329679	0.5544981	0.6355632	0.4466952	0.3173768	0.7442791	0.0495864	0.339346	0.7835502	0.506726	0.4360534	0.8223341	0.6368268	0.7186709	0.0450231
5820	0.676337	0.2399575	0.4765825	0.6653902	0.3557736	0.3021516	0.6901518	0.0469383	0.3821742	0.5718179	0.4655309	0.4123632	0.8057732	0.5296413	0.8163782	0.0442086
5840	0.7184184	0.2347385	0.6375619	0.5973986	0.4001588	0.4448257	0.7827589	0.0557894	0.3938079	0.5405468	0.4437112	0.491633	0.8274471	0.6260063	0.7029079	0.0429187
5860	0.7499978	0.305887	0.421544	0.7180002	0.3693194	0.3944416	0.6378159	0.0357163	0.469365	0.5802063	0.4676976	0.4844622	0.7857136	0.6911013	0.6797354	0.0528347
5880	0.6476886	0.2843064	0.440505	0.6346038	0.376312	0.4307198	0.7029628	0.0366439	0.4064979	0.6396975	0.4707613	0.5785386	0.7360423	0.5800544	0.7168457	0.0448021
5900	0.7766128	0.2226365	0.4534124	0.5858925	0.4647292	0.4196865	0.7452821	0.0606447	0.4542596	0.5929178	0.5986027	0.4365964	0.7699508	0.5484983	0.8345144	0.0596906
5920	0.812954	0.2478267	0.4346176	0.6214493	0.2756884	0.4014267	0.8260111	0.0999235	0.3377993	0.6124693	0.6117257	0.4845116	0.7780295	0.5483647	0.6814101	0.0464837
5940	0.6760907	0.2457056	0.4829935	0.7828911	0.3742088	0.3807583	0.7726777	0.0575832	0.3799881	0.6874135	0.5477889	0.4870083	0.7106089	0.68527	0.8071229	0.0576867
5960	0.7046332	0.2497918	0.4833487	0.5754521	0.3247413	0.3827699	0.7548258	0.0613371	0.4181169	0.6015083	0.6881306	0.393923	0.6677801	0.6505815	0.7733508	0.0351131
5980	0.6342031	0.2915332	0.5025103	0.6097969	0.2581454	0.4144559	0.8131327	0.0618602	0.3984263	0.6403828	0.6191902	0.4709852	0.6583587	0.5468572	0.7360871	0.0296658
6000	0.6069882	0.3001131	0.5381579	0.6166731	0.3823002	0.3496461	0.7403253	0.0750474	0.383509	0.5747014	0.5981507	0.4188393	0.8644861	0.642861	0.7112136	0.0557752
6020	0.7070751	0.2906278	0.5542896	0.6520353	0.3395828	0.3464124	0.9214092	0.0727041	0.3512332	0.5226175	0.5660295	0.4774328	0.808227	0.5805101	0.6826469	0.0503069
6040	0.6771597	0.2495195	0.3934043	0.628426	0.3881862	0.3598539	0.658403	0.1181902	0.4485221	0.6300487	0.6567118	0.5408409	0.6877064	0.6255892	0.8042937	0.0335609
6060	0.6965739	0.2873218	0.4500214	0.645788	0.4199101	0.3880911	0.6504308	0.1134281	0.4302136	0.6278622	0.47866	0.4299593	0.8535641	0.6643289	0.6903587	0.0260304
6080	0.7777846	0.3141545	0.522054	0.5535042	0.2700435	0.3993028	0.6817604	0.0868095	0.3833762	0.5825822	0.6510317	0.5246973	0.639429	0.6447451	0.8094386	0.1061994
6100	0.7163671	0.2952774	0.4405765	0.6656501	0.3483155	0.3654322	0.718094	0.1245635	0.3599725	0.8207467	0.6940895	0.4786761	0.7721906	0.5604422	0.6405358	0.029981
6120	0.7748967	0.2364852	0.493698	0.6536146	0.3538664	0.3193475	0.8096367	0.1032081	0.4529218	0.5940024	0.5508299	0.5022019	0.6750314	0.5279748	0.7274087	0.0431388
6140	0.6033506	0.2843806	0.4833141	0.6480538	0.391292	0.3504191	0.7106983	0.1063592	0.3929409	0.5775162	0.5521033	0.5078544	0.7422606	0.6115637	0.7788064	0.0470155
6160	0.6609341	0.259548	0.4629802	0.6093879	0.3391832	0.26896	0.75343	0.0694786	0.4695778	0.6446412	0.5817746	0.4848207	0.7587679	0.6837562	0.7894991	0.0411934
6180	0.7362073	0.435824	0.5259058	0.7239821	0.2734972	0.3258703	0.6582734	0.0698083	0.4589273	0.5109771	0.5785587	0.4866057	0.5635016	0.568794	0.8243519	0.0652194
6200	0.6686598	0.5066459	0.5032909	0.5675986	0.1651617	0.2996031	0.5608625	0.1165347	0.3595813	0.3944432	0.5020221	0.5507439	0.5155957	0.8307135	0.7609116	0.1275674
6220	0.7664499	0.3941087	0.4290387	0.6397518	0.0802333	0.2377425	0.6412048	0.0411044	0.3801088	0.4947838	0.3669094	0.4556883	0.5051951	0.5846426	0.7501248	0.1091585
6240	0.7289126	0.4856199	0.4484391	0.676468	0.0717939	0.1837366	0.5240949	0.0296351	0.279427	0.280327	0.2709784	0.4910706	0.3946794	0.5860361	0.7893224	0.1822375
6260	0.7494572	0.5239923	0.4745363	0.6566868	0.0715457	0.1589278	0.544021	0.0334801	0.2803356	0.2959897	0.2210386	0.4547457	0.4363569	0.7329148	0.8079002	0.1285162
6280	0.6635727	0.4618384	0.426494	0.5680234	0.0651008	0.10919	0.5004393	0.026196	0.3699094	0.314638	0.1037311	0.4818263	0.2902109	0.5854511	0.7523855	0.1748746
6300	0.7555917	0.4579038	0.532401	0.6191478	0.0434284	0.1088198	0.465653	0.0169857	0.3611177	0.2693977	0.1017424	0.5601617	0.3659603	0.5884377	0.6699506	0.1411735
6320	0.5710725	0.4846767	0.4988696	0.6070284	0.020614	0.1417037	0.4183793	0.023579	0.2596848	0.2508145	0.0612561	0.4402756	0.4131113	0.6044099	0.5536888	0.1581959
6340	0.658919	0.4876484	0.5847823	0.7071322	0.008917	0.087704	0.5126818	0.018008	0.2992803	0.3238668	0.0283901	0.4304236	0.5133253	0.6695885	0.6907017	0.0830999
6360	0.8226382	0.4388659	0.3747321	0.629818	0.048468	0.057764	0.4292513	0.0041507	0.3190995	0.3194445	0.0410105	0.4758266	0.5363704	0.7633236	0.7269366	0.1009025
6380	0.8286086	0.4830614	0.4145842	0.6021372	0.0206513	0.0661165	0.4543682	0.0174881	0.2925128	0.2239843	0.0322081	0.4352174	0.5379686	0.7049105	0.8924292	0.1014697
6400	0.7608282	0.5735942	0.3855792	0.6322134	0.042332	0.0955692	0.4327542	0.0046294	0.322895	0.28419	0.0100152	0.3229132	0.397494	0.6970904	0.8032091	0.1358053
6420	0.7814916	0.487332	0.5158245	0.5333415	0.0316837	0.0594025	0.4145133	0.0057733	0.4262285	0.2582087	0.0204802	0.5370968	0.4993961	0.5305011	0.8804659	0.1229276
6440	0.647565	0.3655165	0.5416794	0.6503678	0.0067255	0.1174064	0.3430473	0.0012936	0.2803592	0.3408933	0.008635	0.4405856	0.342283	0.6589541	0.7173271	0.1903194
6460	0.6384768	0.5388427	0.4919729	0.6754586	0.0140963	0.0963021	0.3303917	0.004518	0.3034645	0.2604839	0.0133814	0.4639024	0.2941545	0.5848054	0.6564247	0.1810339
6480	0.7017813	0.5138086	0.4458395	0.6876844	0.0068522	0.0765841	0.3119835	0.0022265	0.3078449	0.2612447	0.004552	0.4920798	0.4006973	0.6159228	0.7321212	0.1937093
6500	0.6071971	0.4530523	0.4893554	0.7026194	0.0146084	0.0559196	0.2831197	0.001485	0.3201346	0.2827249	0.0178184	0.5649156	0.5087832	0.5862657	0.6788705	0.149218
6520	0.6519944	0.5496355	0.4179731	0.6179435	0.0076929	0.0513658	0.3018616	0.0	0.31838	0.2654753	0.0058535	0.5340318	0.3640264	0.548794	0.7682042	0.1152888
6540	0.703801	0.464941	0.3799321	0.6428516	0.0089938	0.0331083	0.329737	0.0015601	0.3193332	0.2474162	0.0028999	0.5169581	0.5072332	0.5957372	0.6234999	0.1259669
6560	0.7592924	0.4575414	0.522565	0.6673428	0.0122503	0.0457146	0.2421499	0.003612	0.3366052	0.3095913	0.0103573	0.5206034	0.4315046	0.5187124	0.6938034	0.1663934
6580	0.6898545	0.4228504	0.5838867	0.7987069	0.0073546	0.0345099	0.2371296	0.007844	0.3039618	0.2437166	0.0076305	0.4317843	0.5315858	0.5220921	0.6630808	0.1286781
6600	0.7088264	0.4890297	0.6874138	0.6760996	0.0345166	0.0398013	0.2181915	0.0060337	0.3988761	0.2254508	0.0160501	0.5133352	0.5398833	0.5832329	0.7423969	0.1212733
6620	0.7932199	0.4893943	0.3896723	0.588999	0.0297801	0.0913266	0.250744	0.0075996	0.279542	0.3310716	0.0081156	0.4709356	0.5709489	0.6583433	0.6732591	0.1676969
6640	0.6961907	0.6359191	0.4907388	0.5986725	0.019949	0.0693509	0.2551478	0.0022615	0.25117	0.3232962	0.0113746	0.482683	0.6153598	0.7403822	0.6381669	0.0944306
6660	0.6906962	0.4481415	0.3798755	0.551593	0.0166571	0.0833294	0.2790698	0.002404	0.319521	0.3002478	0.0327702	0.4045229	0.4255403	0.6368551	0.8738848	0.1779592
6680	0.7157678	0.5074829	0.3375162	0.5654394	0.013218	0.0701278	0.2916814	0.0025279	0.2541064	0.297681	0.0087868	0.5552759	0.4900235	0.6204021	0.7885598	0.113119
6700	0.5996015	0.3841968	0.5145986	0.6876303	0.0129224	0.0937522	0.2917842	0.0037217	0.279116	0.2423347	0.0192765	0.4928319	0.417665	0.5902259	0.6820187	0.1053728
6720	0.8785852	0.3851499	0.5387188	0.5645156	0.0220415	0.0657338	0.328224	0.0077136	0.294796	0.3044576	0.0215225	0.5510888	0.4874344	0.610684	0.658276	0.1212711
6740	0.592762	0.5603421	0.4048867	0.647734	0.0084925	0.066365	0.2106894	0.0033956	0.2840802	0.2155144	0.0134523	0.3595734	0.4716394	0.6111522	0.7483069	0.1083637
6760	0.4372318	0.640525	0.5109361	0.7356408	0.0136545	0.0922161	0.3120789	0.0076784	0.3221212	0.3263033	0.0263774	0.2927116	0.4215989	0.6189486	0.6630305	0.1340768
6780	0.3771308	0.6570927	0.443652	0.7227824	0.0082049	0.0918885	0.3169522	0.0058706	0.3482332	0.33546	0.027508	0.3282427	0.4725381	0.678658	0.6933248	0.0897568
6800	0.36219	0.4994202	0.5565922	0.6657658	0.0198511	0.0496645	0.2817781	0.0137978	0.3707227	0.227647	0.0107967	0.2897966	0.4806977	0.6306827	0.6731434	0.0862735
6820	0.2112424	0.7268505	0.4299659	0.6954941	0.0418769	0.057413	0.2678706	0.0122006	0.3372367	0.2351455	0.010557	0.2755355	0.389775	0.8928133	0.7152799	0.1058923
6840	0.2184567	0.6717806	0.5234286	0.6815433	0.0171178	0.0901766	0.2271509	0.006027	0.3174655	0.2099285	0.0167268	0.2649368	0.4328648	0.7209288	0.7342819	0.1550432
6860	0.2337526	0.6788098	0.5952933	0.7119525	0.023403	0.0814968	0.2458468	0.0032326	0.2695581	0.226421	0.0048061	0.3203705	0.3788667	0.6930581	0.7198245	0.148926
6880	0.1918066	0.6994691	0.6131512	0.5829496	0.0095345	0.0742474	0.2267232	0.0029236	0.2656248	0.2981344	0.0349069	0.3378301	0.3990175	0.7651277	0.8067797	0.0823414
6900	0.1638761	0.7061796	0.5139338	0.5672336	0.0147828	0.0656692	0.2465044	0.000135	0.2759854	0.2976142	0.0120873	0.3108039	0.4157692	0.6313457	0.6844613	0.1578544
6920	0.1650268	0.7623654	0.5537959	0.6892829	0.0226352	0.0764278	0.2581525	0.0007321	0.3632944	0.2648056	0.0209991	0.2399428	0.5644707	0.7273695	0.708068	0.0813545
6940	0.246492	0.7731566	0.5041862	0.7152623	0.0269181	0.0833249	0.3297183	0.0003949	0.2895656	0.3008768	0.0062424	0.2552745	0.4836835	0.5832799	0.5940166	0.0930483
6960	0.2171076	0.9345061	0.5103995	0.6817851	0.0327859	0.072891	0.3179394	0.0016999	0.2888293	0.2685499	0.0014788	0.2814798	0.5079257	0.7024069	0.7024948	0.0793584
6980	0.2206233	0.7944225	0.5237763	0.6919972	0.0189053	0.0981464	0.2807089	0.0018251	0.3533414	0.2568526	0.0055579	0.2191996	0.5049517	0.6872548	0.7198064	0.1008523
7000	0.1789286	0.8361804	0.5055042	0.7067976	0.0333198	0.0708624	0.2553908	0.0002573	0.3355629	0.2514829	0.0185513	0.275716	0.466778	0.7781579	0.7385069	0.1465525
7020	0.1776348	0.6313986	0.4979915	0.5949997	0.0369068	0.0711057	0.3246221	0.0042699	0.3116958	0.2701519	0.015226	0.241698	0.4670784	0.5560731	0.8758607	0.100486
7040	0.2929213	0.7521793	0.4097329	0.5990977	0.0195961	0.0586801	0.2577948	0.0009447	0.3845556	0.2537227	0.0103169	0.2418755	0.5559857	0.7982264	0.7363504	0.0816888
7060	0.2760412	0.7027095	0.5165117	0.6374967	0.0500135	0.0476521	0.3480369	0.0064187	0.3588575	0.3201698	0.0158672	0.3258751	0.4863728	0.7661318	0.7221639	0.1012601
7080	0.2908361	0.7737376	0.4945351	0.6306595	0.0348205	0.0941073	0.2729449	0.0025414	0.3251712	0.2561035	0.0154382	0.2661251	0.4045942	0.686399	0.6899444	0.0947962
7100	0.2038772	0.6072094	0.4242578	0.570333	0.0083875	0.0810528	0.2813136	0.0155208	0.2510061	0.363546	0.0069171	0.2704777	0.5350803	0.7188102	0.7569306	0.1113144
7120	0.2093201	0.7290206	0.4920102	0.7242245	0.0103613	0.0891758	0.2963796	0.0001022	0.3665754	0.3136392	0.0246723	0.3354238	0.4199694	0.8483447	0.6012343	0.079785
7140	0.3153296	0.7154917	0.3759799	0.7456662	0.0227854	0.0614007	0.2941529	0.0001097	0.3490416	0.2764009	0.0330932	0.2916743	0.3383347	0.6852429	0.6178531	0.1037576
7160	0.2170456	0.7479499	0.4123919	0.7887983	0.0137853	0.0552595	0.3291727	0.0006109	0.3187933	0.2295072	0.0086061	0.2878686	0.3018355	0.584771	0.7932306	0.1777438
7180	0.223044	0.7024202	0.4178611	0.4809964	0.0249636	0.0655152	0.3148865	0.0025169	0.2956313	0.3133288	0.0060948	0.3655574	0.3708229	0.710806	0.7414764	0.0916163
7200	0.2233489	0.7809721	0.4424347	0.6885327	0.0296229	0.0595373	0.3261237	0.0001201	0.3253239	0.2464034	0.0060569	0.3640336	0.3215475	0.7118525	0.6996238	0.1244183
7220	0.2695908	0.6567002	0.4435455	0.5832748	0.0162699	0.0498998	0.2070739	0.0011829	0.2874312	0.2826338	0.0036842	0.3606671	0.3054834	0.644058	0.8303389	0.0968078
7240	0.2895567	0.7533193	0.4096341	0.5751169	0.0063017	0.052818	0.2699958	0.008235	0.3190899	0.2984578	0.0068984	0.3159644	0.3860991	0.801016	0.6854915	0.1615666
7260	0.3122497	0.8707742	0.5372911	0.6012438	0.0279583	0.0852793	0.2488151	0.0088612	0.3321508	0.2104974	0.0009761	0.2856803	0.4542402	0.6453843	0.668426	0.1251602
7280	0.2296621	0.6844152	0.5549124	0.6611455	0.0059135	0.036123	0.2068014	0.0022239	0.325993	0.2435592	0.0021777	0.2970483	0.3618981	0.593725	0.6162419	0.1273795
7300	0.5145271	0.7581469	0.4727577	0.6459126	0.0185249	0.0564621	0.2265353	0.00378	0.3259606	0.2538263	0.0052809	0.500928	0.3767365	0.6604624	0.7057591	0.1248376
7320	0.5474266	0.6336899	0.4822712	0.6195623	0.0113523	0.0312657	0.2337737	0.0056206	0.2304376	0.1796809	0.0051167	0.3851163	0.3366546	0.7122014	0.8285002	0.1618087
7340	0.6156221	0.6225629	0.5809044	0.5570167	0.0336694	0.0573425	0.2598856	0.0026929	0.2771446	0.2165835	0.0032479	0.4843107	0.4687523	0.6470938	0.7064737	0.1025891
7360	0.6274109	0.5863578	0.567059	0.5472929	0.0203733	0.0834294	0.1793067	0.0063856	0.2401364	0.1829875	0.0105272	0.5569236	0.3629461	0.612858	0.7581357	0.1629292
7380	0.6016783	0.4750628	0.5038369	0.5897074	0.0216328	0.0603638	0.3137004	0.00151	0.2477769	0.2615925	0.0076349	0.5308202	0.4253718	0.5693263	0.6917923	0.1968534
7400	0.8421167	0.4286743	0.5059401	0.5777156	0.0705538	0.089162	0.2929672	0.0027933	0.2761424	0.2673741	0.0103306	0.4377429	0.3475072	0.7569315	0.6344196	0.1248135
7420	0.4932668	0.4390433	0.5302729	0.6462423	0.0130522	0.062824	0.2721011	0.0229326	0.351369	0.23008	0.0031369	0.4251749	0.4474918	0.6526592	0.6813204	0.1388433
7440	0.5950969	0.4779177	0.5725963	0.5891855	0.0267482	0.0781715	0.3490974	0.005227	0.2632808	0.2628211	0.0076902	0.4916857	0.4630522	0.6273763	0.734742	0.1341131
7460	0.6884437	0.3903817	0.4208795	0.6532587	0.0274053	0.1091805	0.2841032	0.0089989	0.3140098	0.2722966	0.0084384	0.4309357	0.5515017	0.5220142	0.7418347	0.1078415
7480	0.6587354	0.5055087	0.5005258	0.6271466	0.0192617	0.0725643	0.2952617	0.0072332	0.40452	0.3720132	0.0167148	0.4732909	0.4938719	0.6322499	0.7028475	0.1286791
7500	0.6787775	0.4897661	0.4276005	0.6634043	0.0095164	0.0736606	0.3157658	0.0023757	0.4181776	0.2893454	0.0177454	0.479801	0.4762987	0.6251241	0.6962291	0.1596098
7520	0.7802171	0.3810125	0.499126	0.6528885	0.0741166	0.0693034	0.2936021	0.010228	0.240517	0.2512544	0.0175959	0.5233643	0.5172398	0.6736746	0.7530817	0.1246025
7540	0.7581029	0.5144557	0.5324942	0.7055831	0.0243876	0.0647759	0.288587	0.0033826	0.3362463	0.2259817	0.0020929	0.484921	0.749496	0.7011401	0.6804269	0.1063947
7560	0.6389279	0.3642442	0.5070731	0.649352	0.0213559	0.0850217	0.2834485	0.0026947	0.4293751	0.2193686	0.0094693	0.5115261	0.5235974	0.6796261	0.6624473	0.1942704
7580	0.8279352	0.4365889	0.4778686	0.7021232	0.0236202	0.0831403	0.3009589	0.0010185	0.3065925	0.2809835	0.0123699	0.4111683	0.474842	0.6084582	0.6946186	0.1415476
7600	0.747525	0.4408063	0.4354354	0.7375107	0.0078028	0.062569	0.3140919	0.0070889	0.2489214	0.2582276	0.0210625	0.4850787	0.4569606	0.6587871	0.6914873	0.1084233
7620	0.7234701	0.5749827	0.5204249	0.625811	0.0094352	0.0368884	0.3428831	0.0074205	0.2846152	0.2060205	0.0057706	0.4657195	0.4749593	0.5556069	0.8278639	0.1026903
7640	0.7120433	0.3575088	0.5944483	0.6651694	0.0184776	0.0666174	0.2539616	0.0102216	0.3041837	0.2934682	0.0145614	0.4151977	0.4075098	0.6232266	0.6568642	0.0823581
7660	0.7674463	0.5012966	0.5312768	0.5523137	0.018997	0.0910761	0.3215574	0.0094769	0.3352246	0.2535841	0.0227225	0.412855	0.5317501	0.6254117	0.6053515	0.1069545
7680	0.721121	0.3707569	0.4724892	0.6974189	0.0261642	0.0635154	0.3068308	0.0051659	0.2801818	0.315567	0.0136952	0.3549771	0.4346221	0.7258861	0.7630313	0.1541283
7700	0.7133312	0.4023797	0.4399891	0.7186442	0.0127587	0.1144291	0.2408096	0.0196701	0.340035	0.3046541	0.0056787	0.5430268	0.5887752	0.7362525	0.7023615	0.0804408
7720	0.6030697	0.5721468	0.4358875	0.6885528	0.0222354	0.0756615	0.3191705	0.0163373	0.2842643	0.3350682	0.0067514	0.4371124	0.5024862	0.7867275	0.6838371	0.1051102
7740	0.7425216	0.430152	0.4782195	0.6120757	0.008678	0.0649429	0.2592885	0.0081862	0.3253174	0.2649634	0.0085785	0.4964454	0.4685603	0.8334608	0.8534081	0.1017983
7760	0.6496971	0.4554691	0.4771161	0.8380792	0.0227676	0.0583663	0.2937794	0.0102656	0.4131435	0.2638899	0.0093154	0.5262987	0.3764753	0.5968017	0.756457	0.1079905
7780	0.6292206	0.5459092	0.3831801	0.6063361	0.0239826	0.0661123	0.2518297	0.0024556	0.2547543	0.2811245	0.0013833	0.4859708	0.3474825	0.6851109	0.6750885	0.0926161
7800	0.7057029	0.4067098	0.4058511	0.5354571	0.0133762	0.0628275	0.1728241	0.0050411	0.2954967	0.1806321	0.0040464	0.4975792	0.3044153	0.5690125	0.7416075	0.1359353
7820	0.9071112	0.4788615	0.4340396	0.613883	0.0099649	0.0784717	0.2717591	0.020008	0.2557583	0.2808818	0.0017916	0.5666704	0.3457939	0.5739776	0.7883028	0.1075282
7840	0.7486258	0.4697114	0.5209395	0.6805193	0.01385	0.034206	0.3458604	0.0043443	0.3313742	0.2801537	0.0102785	0.5276448	0.4154948	0.6656061	0.6825468	0.1311018
7860	0.634343	0.4042484	0.3107291	0.5832914	0.008736	0.1039773	0.347481	0.0012667	0.5855905	0.4757964	0.3670716	0.2399075	0.5311644	0.6832383	0.742232	0.1185503
7880	0.6751177	0.3921285	0.2243114	0.6085599	0.0041422	0.1920404	0.2767357	0.0038803	0.7007411	0.6294022	0.4824052	0.3047769	0.6301169	0.5847407	0.709667	0.1198807
7900	0.5680587	0.3865953	0.166754	0.6919931	0.0086933	0.2076414	0.2283822	0.0029303	0.7453481	0.5753082	0.652927	0.3893344	0.3995479	0.5626747	0.6529793	0.1156415
7920	0.5565759	0.3917665	0.1124951	0.5606504	0.0089008	0.1760003	0.16507	0.0035918	0.7426163	0.6299655	0.56602	0.2739847	0.2474694	0.3435046	0.6274481	0.1344567
7940	0.5629763	0.4362746	0.1402658	0.6594341	0.0121198	0.1392284	0.1605616	0.0040093	0.5672297	0.5865608	0.6786747	0.2123613	0.2310857	0.2524174	0.6129741	0.2356313
7960	0.4361608	0.3895173	0.1348881	0.4393868	0.0060187	0.2001076	0.1092285	0.0008369	0.6096989	0.71208	0.6868531	0.1957823	0.1430521	0.1214579	0.5495442	0.3232908
7980	0.4073873	0.3709271	0.1055672	0.4587961	0.0044545	0.1453622	0.0800708	0.0072555	0.642162	0.5297632	0.7021371	0.2225772	0.1094531	0.0934516	0.6316435	0.2986903
8000	0.4698379	0.4239399	0.0745982	0.521677	0.0069647	0.2072592	0.0588768	0.0045974	0.5784329	0.6615719	0.6464731	0.247382	0.0981783	0.0888612	0.641005	0.395302
8020	0.4842006	0.4244207	0.1173412	0.3368577	0.0150743	0.1828138	0.0459644	0.0036764	0.7573011	0.7149329	0.8579038	0.3221059	0.0961626	0.0626475	0.6296001	0.4963503
8040	0.3937053	0.349413	0.0845664	0.2889919	0.0048688	0.223059	0.0400357	0.0114889	0.5478079	0.6645076	0.6650491	0.2444164	0.0527454	0.075387	0.6977286	0.4315135
8060	0.4556308	0.3990523	0.1610704	0.3343918	0.0005106	0.2386019	0.0226484	0.0015042	0.7095023	0.7244371	0.6291775	0.1984901	0.0430933	0.0279916	0.706223	0.475358
8080	0.4549728	0.5009034	0.1293285	0.3038527	0.0064064	0.2057783	0.0306714	0.0020919	0.660315	0.5760815	0.6166903	0.3820863	0.0482724	0.0421622	0.6650623	0.5634528
8100	0.5743346	0.414983	0.1104886	0.3153494	0.0112441	0.1648447	0.0550796	0.0102366	0.696159	0.5914136	0.6463536	0.2809033	0.0732158	0.0776985	0.7846155	0.5350212
8120	0.4414075	0.358504	0.1187462	0.2644247	0.0070706	0.2024468	0.0420848	0.0070191	0.6189572	0.58394	0.57637	0.3264098	0.0545741	0.0167376	0.8275455	0.480921
8140	0.4317421	0.4961699	0.1328669	0.1931688	0.0077469	0.1957337	0.0238459	0.0052091	0.6829138	0.7142928	0.6172754	0.2049982	0.0680868	0.0226352	0.7272172	0.5656221
8160	0.3655046	0.4500872	0.1300376	0.1294238	0.0068987	0.2120776	0.0360992	0.0122621	0.5359394	0.708499	0.6725015	0.2349012	0.0471947	0.0345822	0.5853498	0.5396302
8180	0.4695435	0.4549718	0.1490537	0.1691034	0.0158729	0.2651069	0.0484273	0.0068305	0.7135426	0.5666189	0.625914	0.2670096	0.0402399	0.0331981	0.7311027	0.447234
8200	0.4474822	0.4846509	0.0935081	0.1158661	0.0163836	0.1635224	0.0425963	0.0025133	0.5980579	0.5293503	0.6129532	0.3328918	0.0881542	0.0138374	0.7078028	0.4869699
8220	0.442733	0.4493468	0.1014442	0.1051477	0.0099022	0.2784603	0.0638372	0.0022528	0.6149538	0.5632679	0.6434074	0.2765747	0.042176	0.0189983	0.6930886	0.4952832
8240	0.4717467	0.4526963	0.1235364	0.1122189	0.0038994	0.2413484	0.0677786	0.0015212	0.7149528	0.6270607	0.7349648	0.2701099	0.0503748	0.0311548	0.6196641	0.5421641
8260	0.5051309	0.4575614	0.0653011	0.1305661	0.0017164	0.2499144	0.0851518	0.0030392	0.6724154	0.6375461	0.7124167	0.2486601	0.0609315	0.0317972	0.6860006	0.4835719
8280	0.4205644	0.4040053	0.0836141	0.0854361	0.0093571	0.2090161	0.04691	0.0044256	0.5075121	0.6317463	0.6642189	0.2219405	0.057127	0.0133494	0.7490923	0.5694393
8300	0.3707544	0.5567786	0.0844574	0.1044389	0.0107928	0.3033406	0.043592	0.0019366	0.6713332	0.5690729	0.7343084	0.2098005	0.0275217	0.0333241	0.7127232	0.54007
8320	0.536651	0.4266027	0.1024015	0.0546645	0.004581	0.2019513	0.0577466	0.0010801	0.5077564	0.7086055	0.7426513	0.245705	0.0540445	0.0083461	0.7098514	0.5668679
8340	0.463427	0.5591517	0.1061998	0.0879918	0.0094283	0.2009891	0.024707	0.0120341	0.6162324	0.734586	0.7260398	0.2733207	0.0984663	0.0125654	0.7017972	0.5492047
8360	0.5076048	0.4691265	0.0737513	0.0781374	0.0009195	0.2096607	0.0355474	0.0015127	0.6229333	0.6172895	0.7111154	0.3272734	0.056535	0.0201687	0.676165	0.5916383
8380	0.4214388	0.4143018	0.1101585	0.0637744	0.0044234	0.1548453	0.0157988	0.0037639	0.5922012	0.5175637	0.7793691	0.267933	0.0478613	0.0127621	0.7374446	0.5578962
8400	0.5362941	0.5172723	0.1205661	0.0436037	0.007191	0.1714854	0.0195472	0.0034141	0.6414988	0.5533847	0.5714896	0.303813	0.0108595	0.0216976	0.6372531	0.5981043
8420	0.5139343	0.4551754	0.3347077	0.0546106	0.0421308	0.1449669	0.0218976	0.0020397	0.2742104	0.2975232	0.4599421	0.4224538	0.0483331	0.0199258	0.6715995	0.5456739
8440	0.5259116	0.5166629	0.4375403	0.1649159	0.0115777	0.1062349	0.0340745	0.0029034	0.1934375	0.1366189	0.2592661	0.6449987	0.0611642	0.0267045	0.6872574	0.6434938
8460	0.7459181	0.5404847	0.4594528	0.3052805	0.0069393	0.1083414	0.0270152	0.0087749	0.1426149	0.1417091	0.1172903	0.7291566	0.0909022	0.0727314	0.6656105	0.4313982
8480	0.771945	0.5210148	0.4336927	0.3197112	0.0140817	0.0675501	0.0536597	0.0147598	0.1779387	0.1701631	0.1154127	0.6194204	0.0874831	0.1943486	0.5638575	0.4476616
8500	0.6841966	0.5411562	0.4664678	0.3188833	0.0198419	0.0507214	0.0832233	0.0043033	0.2197401	0.150906	0.0617298	0.5743295	0.1487755	0.3184027	0.7419357	0.3459499
8520	0.7615572	0.49992	0.4095338	0.4604309	0.0101825	0.0848751	0.1701524	0.0006716	0.2681669	0.1486274	0.0218409	0.6391861	0.2057548	0.5380856	0.730297	0.2922256
8540	0.8775152	0.3832055	0.5574016	0.4973749	0.0063948	0.0924909	0.2173316	0.0023999	0.2702639	0.2558779	0.0488689	0.5970039	0.281935	0.5110055	0.6799387	0.2013406
8560	0.7154431	0.4036611	0.4807122	0.6446463	0.0024711	0.0662476	0.2060673	0.0013819	0.2662579	0.2795551	0.016525	0.5110962	0.3191101	0.5718523	0.7183607	0.1695802
8580	0.6966745	0.3811312	0.4675438	0.5327396	0.0225499	0.0912667	0.2363181	0.0022455	0.3186694	0.2379457	0.0113892	0.5457758	0.361091	0.5176933	0.7072344	0.1651067
8600	0.7869407	0.4442042	0.4230503	0.4441794	0.0089051	0.0528304	0.2250451	0.0010243	0.362448	0.2633355	0.0091139	0.5132223	0.3934021	0.5744876	0.7236002	0.218466
8620	0.6478248	0.5081722	0.5344813	0.5349997	0.0063045	0.0576727	0.2915253	0.0015413	0.2512085	0.3339465	0.0177277	0.4897434	0.400834	0.5944534	0.6787303	0.1402085
8640	0.7378558	0.4515031	0.4872608	0.5967081	0.0117634	0.0826432	0.2952517	0.0013753	0.2543717	0.3048938	0.0041779	0.4017571	0.3679023	0.7329764	0.7178538	0.1707718
8660	0.8433539	0.4421743	0.5384108	0.6426035	0.0357499	0.0400339	0.2932893	0.0005492	0.2547547	0.3174596	0.0090731	0.43997	0.4484275	0.4904159	0.7090719	0.1568893
8680	0.7532162	0.4124001	0.6039627	0.595241	0.0152001	0.0541285	0.3029061	0.0008643	0.2936174	0.2795788	0.0038721	0.5154874	0.4743011	0.5544429	0.7474992	0.1353558
8700	0.8546307	0.4359795	0.4352252	0.5105373	0.013466	0.0655281	0.3513926	0.0004706	0.2677405	0.2549202	0.0038697	0.4388729	0.5590181	0.59839	0.9237299	0.1118746
8720	0.8242298	0.4596177	0.6144565	0.5614309	0.0217785	0.0556343	0.2935501	0.0002297	0.2474449	0.2724416	0.0033062	0.5123967	0.5243075	0.6669487	0.7203621	0.1353509
8740	0.7211752	0.4398036	0.5085513	0.6387634	0.0076274	0.0571743	0.3136603	0.0018809	0.2751898	0.2700077	0.0141267	0.5046244	0.4791968	0.7264233	0.8902793	0.0829322
8760	0.7992049	0.4145411	0.5281892	0.5978206	0.0213209	0.0529413	0.3438301	0.0	0.3202215	0.2499383	0.0080511	0.5222951	0.5236828	0.6525707	0.7639783	0.1540361
8780	0.8280405	0.4411645	0.5343319	0.7275176	0.0104935	0.0764254	0.2547571	0.0015743	0.3513203	0.2537288	0.0057095	0.3608083	0.5726558	0.642587	0.8047264	0.1795414
8800	0.6933511	0.392737	0.4814304	0.6490604	0.0683945	0.0535123	0.3517122	0.0032192	0.3015187	0.2869593	0.0215964	0.4630579	0.4696819	0.7076663	0.7501192	0.1378349
8820	0.7669186	0.4685092	0.422994	0.7645001	0.0303123	0.0465592	0.2647748	0.0040966	0.3352167	0.3133949	0.0041087	0.4593711	0.5092026	0.7184442	0.8291083	0.1893032
8840	0.7286042	0.4983871	0.4858891	0.6074006	0.0024054	0.0620294	0.3132423	0.0038805	0.3400908	0.3083462	0.0131112	0.5137362	0.3827731	0.7210187	0.6828425	0.1461866
8860	0.7700007	0.4377317	0.558163	0.5444495	0.002789	0.0678183	0.2567896	0.0012371	0.2618963	0.2195534	0.0264219	0.4842936	0.4726743	0.6398244	0.7748371	0.1147407
8880	0.8989112	0.4334566	0.5355158	0.6319934	0.014663	0.0630967	0.2535294	0.0088037	0.2794714	0.1840981	0.0083462	0.3924751	0.3777224	0.7552753	0.8360937	0.1310877
8900	0.8105018	0.4764406	0.5043134	0.5799823	0.0251555	0.0626636	0.2635015	0.0073	0.2278773	0.2878793	0.0063112	0.4906507	0.4293781	0.6168991	0.7944682	0.1511344
8920	0.8335619	0.4140138	0.5289794	0.5744245	0.0221253	0.0514289	0.2358956	0.0038774	0.2308133	0.3123679	0.006921	0.417663	0.4400706	0.6187447	0.7623868	0.1478449
8940	0.8272063	0.4375182	0.5669226	0.5778796	0.010942	0.072292	0.287577	0.0034925	0.3483178	0.3086964	0.0007054	0.4086299	0.4083841	0.7795463	0.7326426	0.1466701
8960	0.7169113	0.3869387	0.5107007	0.71736	0.0225327	0.0782276	0.4585279	0.0024918	0.3940391	0.2525251	0.0086514	0.517997	0.5451625	0.7509815	0.6694405	0.1316918
8980	0.8662719	0.5822621	0.3499168	0.5767213	0.0033201	0.0656129	0.4061098	0.2339466	0.3559357	0.4871454	0.2994567	0.3656856	0.439587	0.6842847	0.707948	0.1109789
9000	0.7551299	0.4408275	0.2539975	0.6435274	0.0162663	0.0523905	0.3940165	0.3893897	0.292862	0.562261	0.3955085	0.3886866	0.3635652	0.6127537	0.6149947	0.123176
9020	0.6639846	0.5326872	0.2494608	0.6453547	0.0135401	0.0488047	0.3120012	0.3847568	0.2285305	0.6082263	0.3638678	0.3340042	0.3180224	0.625175	0.7848735	0.2412267
9040	0.6833645	0.4671407	0.1775101	0.578761	0.0482636	0.0388087	0.4374799	0.6188108	0.2330021	0.566317	0.5085256	0.4134537	0.2195876	0.4281357	0.7450059	0.247513
9060	0.7544953	0.4151514	0.2005641	0.5078604	0.0136516	0.0428794	0.5659977	0.5183656	0.162676	0.5718693	0.5267166	0.4861979	0.2125812	0.2913604	0.7674389	0.1818579
9080	0.6196653	0.3907677	0.1530937	0.5199925	0.0098182	0.0440685	0.3466752	0.6120462	0.1219943	0.7070223	0.5261595	0.461699	0.1131371	0.2178733	0.843088	0.3219152
9100	0.4945727	0.4482554	0.1338862	0.4756098	0.0095891	0.0637724	0.3138078	0.6385704	0.1101776	0.6346369	0.6242868	0.5293121	0.0897847	0.1308701	0.6911019	0.4007483
9120	0.5654605	0.5386108	0.1393981	0.3418104	0.0077044	0.088684	0.3609771	0.7209388	0.0476652	0.5720675	0.6493322	0.4550239	0.1127651	0.0795614	0.6935166	0.4846323
9140	0.6367289	0.3724562	0.1175077	0.3788008	0.0203153	0.0651831	0.3503949	0.6555499	0.0536124	0.5623476	0.591861	0.4863361	0.0744797	0.0564312	0.6841667	0.5545821
9160	0.4553396	0.6796979	0.1185982	0.3531222	0.00629	0.0787536	0.3649911	0.7200637	0.0748204	0.5908541	0.5179456	0.4168885	0.0667713	0.0802036	0.6603786	0.630092
9180	0.5151282	0.5679238	0.1253225	0.3383897	0.0329558	0.0967633	0.3642771	0.6570413	0.0431379	0.6238561	0.5517284	0.3463143	0.116976	0.0321801	0.6350608	0.5444694
9200	0.6133134	0.4260724	0.1604957	0.3762359	0.0247724	0.0803939	0.2703715	0.6559684	0.0343548	0.512015	0.6130303	0.4274605	0.0860659	0.0351953	0.6478525	0.7007012
9220	0.6179149	0.4467535	0.12072	0.2140583	0.015284	0.0602437	0.3065066	0.7602413	0.0361666	0.5202725	0.59056	0.5380317	0.1111481	0.0606918	0.7292558	0.7646715
9240	0.4913964	0.6070916	0.1112073	0.2211595	0.0120208	0.0307896	0.2047684	0.6716821	0.0303777	0.5430336	0.5506158	0.4598861	0.0471212	0.0579884	0.7271786	0.8134785
9260	0.5782715	0.5161363	0.1883798	0.2771318	0.0147322	0.0630848	0.2693052	0.7463908	0.0317807	0.571434	0.5350112	0.5292166	0.0267082	0.0446559	0.6255571	0.7067166
9280	0.6140088	0.4783302	0.1837675	0.1952012	0.0137379	0.035827	0.2644844	0.6927934	0.0378015	0.6208373	0.5551287	0.4809811	0.0434678	0.0190044	0.6041274	0.7345741
9300	0.5164419	0.4059855	0.2160593	0.2188789	0.0186291	0.0641576	0.1929247	0.6981428	0.0228472	0.5790043	0.5525518	0.4693681	0.0631378	0.0255015	0.6772047	0.7599423
9320	0.6242911	0.4727834	0.1496856	0.3561645	0.0145226	0.0435795	0.2304274	0.6695023	0.0248906	0.5396028	0.6162423	0.4554841	0.0499292	0.0223794	0.6763658	0.5815443
9340	0.6244501	0.4879441	0.1136845	0.2817447	0.0114043	0.0488463	0.2726243	0.6355553	0.0379825	0.6349787	0.6088152	0.4290778	0.0244609	0.0253901	0.7366191	0.6647293
9360	0.7574355	0.6169756	0.1115396	0.2454729	0.0049653	0.0590651	0.2571211	0.6637336	0.0355722	0.6386303	0.5536306	0.3491207	0.049638	0.0526699	0.647229	0.740938
9380	0.6984996	0.4694449	0.1098513	0.182389	0.0174894	0.0537782	0.3148559	0.655618	0.0313819	0.7346547	0.5359921	0.4308579	0.052244	0.068367	0.7089929	0.649876
9400	0.7047961	0.5537972	0.0887502	0.2017073	0.0108366	0.0730966	0.2242335	0.8425805	0.0382001	0.4980141	0.6395168	0.3525787	0.122885	0.0389169	0.7174914	0.6518871
9420	0.4554221	0.5272736	0.1328962	0.1936166	0.0196542	0.059681	0.2992905	0.8621535	0.0196058	0.5871517	0.7123636	0.4223287	0.0438822	0.0445795	0.7504928	0.7240098
9440	0.525385	0.4746106	0.1505045	0.1599472	0.0292903	0.0429621	0.3048913	0.6351832	0.0058972	0.6534062	0.7012653	0.4751307	0.0474568	0.0445392	0.6256672	0.6886901
9460	0.579141	0.6711855	0.1005477	0.139678	0.0229682	0.0922061	0.283705	0.7824403	0.0230563	0.5184052	0.5240531	0.4587758	0.046842	0.0195824	0.6885663	0.6220689
9480	0.5209444	0.6803597	0.2051071	0.1790337	0.0203135	0.0586801	0.2959151	0.8566231	0.0411776	0.5355264	0.5295641	0.4465215	0.0670793	0.050716	0.6720245	0.6301319
9500	0.5878814	0.5232234	0.1336171	0.1968645	0.0096351	0.0510453	0.2547159	0.7853271	0.0309763	0.6516831	0.650092	0.394828	0.0496888	0.015691	0.6896914	0.6640163
9520	0.5448556	0.6888819	0.128128	0.1607571	0.0203002	0.0763275	0.3091939	0.7999749	0.0617247	0.6120467	0.533477	0.4704229	0.0665625	0.0344549	0.7534116	0.5017612
9540	0.6502705	0.5547578	0.3192817	0.1699583	0.0229361	0.0548407	0.1853092	0.6084448	0.0344222	0.2144645	0.3371769	0.6195984	0.0368896	0.033527	0.5476202	0.5680719
9560	0.7061383	0.5459917	0.5432711	0.400099	0.0068999	0.0287808	0.0998235	0.3716437	0.1108573	0.1454173	0.1864194	0.6430828	0.0814718	0.1178618	0.797308	0.4820818
9580	0.7369749	0.3451947	0.5837413	0.4340082	0.0098646	0.0665811	0.1125585	0.2035921	0.1380643	0.1925682	0.1025738	0.5490635	0.1332534	0.1753167	0.6672905	0.4976607
9600	0.7801989	0.5029663	0.613344	0.4821321	0.0125413	0.0655028	0.2133542	0.1911413	0.2215822	0.2002355	0.0783801	0.6795933	0.1522608	0.2884701	0.7003391	0.2993247
9620	0.614354	0.5124797	0.476876	0.4463574	0.0125981	0.0467883	0.1902821	0.0855566	0.2499096	0.1452269	0.0624069	0.5880768	0.2596981	0.4378706	0.6949057	0.2296428
9640	0.6569462	0.4531021	0.444499	0.5051372	0.0399491	0.0597036	0.2710559	0.0775633	0.2244729	0.1916523	0.0342962	0.4838247	0.4089935	0.5448789	0.6017654	0.2159088
9660	0.6218977	0.4639969	0.3786152	0.5351706	0.0151006	0.0636987	0.2976658	0.0521189	0.3081653	0.2693254	0.0363812	0.5277094	0.2914152	0.4903133	0.6968012	0.1629425
9680	0.7099653	0.5311896	0.4049453	0.598932	0.0150405	0.0646745	0.2677426	0.0299934	0.2680504	0.2557253	0.0137769	0.4931927	0.4006277	0.4844364	0.7227027	0.1019069
9700	0.6465164	0.5403627	0.4505933	0.6289389	0.0157701	0.0592826	0.3478682	0.0151407	0.2577962	0.3297899	0.0063105	0.536351	0.4367654	0.5560661	0.5923956	0.1580378
9720	0.5701436	0.4245324	0.4811806	0.6203176	0.0162668	0.0863648	0.2974821	0.0229985	0.3916982	0.3529151	0.0058113	0.5976699	0.3766936	0.6452205	0.6908973	0.1364965
9740	0.5974837	0.489537	0.4688587	0.6393381	0.0388371	0.0551048	0.2722915	0.0121531	0.2880663	0.3088541	0.0124991	0.4703025	0.3478453	0.5944116	0.6120376	0.0711173
9760	0.8106794	0.4816496	0.4961001	0.5854863	0.0117561	0.0726607	0.3643624	0.0118522	0.367166	0.2507186	0.0031833	0.5809781	0.4676874	0.6172318	0.685875	0.1283538
9780	0.8192261	0.4542076	0.5713938	0.764353	0.0188611	0.0631358	0.4619515	0.0134431	0.3701437	0.2157571	0.0072782	0.4030362	0.3842358	0.5622883	0.7684019	0.0991237
9800	0.6248727	0.4776881	0.5136582	0.7070712	0.0057597	0.0327773	0.3067069	0.0071491	0.2545599	0.2897984	0.0013393	0.4644837	0.3683854	0.6126834	0.6752532	0.1820705
9820	0.7167525	0.44333	0.4995119	0.5393747	0.0325917	0.0646064	0.3116087	0.019472	0.3186354	0.1912829	0.0042277	0.4963262	0.4473902	0.6677108	0.6354756	0.1406814
9840	0.8208413	0.4907937	0.5041	0.5496185	0.0382227	0.0491374	0.294487	0.0076869	0.3963083	0.2590987	0.0043577	0.5804362	0.423159	0.5905605	0.708478	0.1221474
9860	0.670927	0.4935163	0.5401458	0.5943983	0.0283189	0.0489307	0.3429431	0.0092942	0.3524344	0.3115273	0.0079927	0.5109417	0.4388661	0.6052208	0.8131419	0.1508745
9880	0.7874772	0.5248325	0.4508628	0.637926	0.007978	0.0912704	0.3236894	0.0047181	0.3840857	0.2858433	0.0066145	0.5658794	0.4727888	0.740304	0.6837667	0.1125103
9900	0.7805634	0.5334878	0.5259358	0.6766039	0.0064391	0.0912672	0.3430247	0.0180583	0.3683509	0.244427	0.0122854	0.460887	0.4406287	0.7175386	0.6924445	0.1120105
9920	0.9311534	0.4960143	0.4296056	0.6038127	0.0079514	0.0935941	0.3412242	0.0023533	0.3275712	0.2363255	0.008498	0.5000655	0.4729732	0.5913394	0.6795264	0.0988138
9940	0.7879506	0.5741926	0.4302856	0.6287208	0.0146679	0.0827613	0.2926334	0.0037137	0.2861796	0.2291021	0.0102378	0.4660604	0.4018586	0.6150496	0.6881392	0.0725529
9960	0.7742241	0.4542322	0.4885204	0.6116864	0.0331439	0.0927375	0.3259983	0.0013386	0.2679824	0.2142599	0.0093287	0.5185685	0.4619003	0.670386	0.731108	0.1305157
9980	0.6829591	0.4514503	0.4793394	0.5502383	0.0146282	0.0729159	0.2836693	0.0024139	0.3297146	0.2665701	0.014125	0.4862114	0.3652229	0.5926734	0.6562528	0.0931677
10000	0.7469515	0.4134236	0.3364601	0.6416433	0.0149992	0.0826368	0.3015344	0.0041649	0.2984363	0.2203122	0.0082162	0.4858079	0.4115863	0.4817244	0.7278565	0.2112059
10020	0.647811	0.5444724	0.4505966	0.6181816	0.029171	0.053864	0.2381304	0.0050061	0.2800623	0.2003061	0.0141891	0.4851877	0.4211231	0.5231822	0.7371857	0.1863417
10040	0.7412886	0.4543831	0.4767761	0.7109741	0.0232015	0.020247	0.2420291	0.0038903	0.3044869	0.25785	0.0038216	0.5657324	0.403065	0.5096911	0.800789	0.132396
10060	0.6346591	0.4607144	0.4298956	0.7371465	0.0273121	0.0867793	0.2448075	0.0005075	0.2763711	0.2471736	0.0046862	0.5020825	0.3924904	0.5585327	0.7217407	0.1255032
