dicA	ydfD	dicB	alaS	tdh	lrp	yeiL	stpA	malT	dgsA	gadE	ydeO	evgA	gadW	gadX	rutR	nemR	torR	rcsA	csgD	mdtE	mdtF	hdeA	hdeB	yhiD	gadA	gadB	gadC	nemA	gadY	hdeD	slp	dctR	cadA	cadB	osmC	csgG	csgF	csgE	gltD	gltB	gltF	livK	livM	iraP	asnB	yfdX	lon	lysU	ydeP	livH	sdaA	kbl	livJ	livF	malZ	gnd	adrA	ybaT	yegR	ybaS	yneN	pepD	yojI	Time	Experiment
1	0	0	1	1	1	0	0	0	1	1	0	0	1	0	1	1	0	0	1	0	0	0	1	1	1	0	0	0	0	0	0	1	0	0	1	1	1	1	0	0	1	0	0	1	0	0	0	0	0	0	1	0	1	0	1	1	1	0	0	0	0	0	0	0	0
1	0	0	1	1	0	0	0	0	1	1	0	0	1	0	1	1	1	0	1	0	1	0	1	1	1	0	0	0	0	1	0	0	0	0	1	1	1	1	0	0	0	0	0	1	1	0	0	0	0	0	1	0	1	0	1	1	1	0	0	0	0	0	0	20	0
1	0	0	1	1	0	1	0	0	1	1	1	0	1	0	0	1	1	0	1	0	1	0	1	1	1	0	0	0	1	1	1	1	0	0	1	1	0	1	0	1	1	0	0	1	1	0	0	0	0	0	1	0	1	0	0	1	1	0	0	0	0	0	0	40	0
1	0	0	1	0	0	0	0	0	1	0	1	0	1	0	0	1	1	0	1	0	0	1	1	1	1	0	0	0	0	1	0	0	0	0	1	1	0	1	0	1	0	0	0	1	1	0	1	0	0	0	1	0	1	0	0	0	1	0	1	0	1	0	0	60	0
1	0	0	1	1	0	0	0	0	1	1	1	1	1	0	0	1	0	0	1	0	0	0	1	1	1	0	0	0	1	1	1	0	0	0	1	1	0	1	1	0	1	0	0	1	1	0	0	0	0	0	1	0	0	0	1	1	1	0	1	0	1	0	0	80	0
1	0	0	1	1	0	0	0	0	0	1	1	1	0	0	0	1	0	0	0	0	1	0	1	1	1	0	0	0	0	1	1	0	0	0	1	1	0	1	1	0	1	0	0	1	1	0	1	0	0	0	1	0	1	0	0	0	1	0	1	0	1	0	0	100	0
1	0	0	1	0	0	0	0	0	1	1	1	1	1	0	0	1	0	0	0	0	1	0	1	0	1	0	0	0	1	1	1	0	0	0	1	1	0	0	0	0	1	0	1	1	1	0	1	0	0	0	1	0	1	0	0	0	1	0	1	0	1	0	0	120	0
1	0	0	1	0	0	0	0	0	1	1	1	1	0	0	0	1	0	0	0	0	1	1	1	1	1	0	0	0	1	1	1	1	0	0	1	1	0	0	1	0	0	0	1	1	1	0	1	1	1	0	1	0	1	0	1	0	1	0	1	0	1	0	1	140	0
1	0	0	1	1	0	0	0	0	1	1	1	1	1	0	0	1	0	0	0	1	1	1	1	1	1	0	0	0	1	1	1	1	0	0	1	1	0	0	0	0	0	0	1	1	1	0	1	1	1	0	1	0	1	1	1	1	1	0	1	0	1	0	0	160	0
1	0	0	1	1	0	1	0	0	1	1	1	1	1	0	0	1	0	0	0	1	1	1	1	1	0	0	0	0	1	1	1	1	0	0	1	1	0	0	0	0	0	0	1	1	1	0	1	0	1	0	1	0	1	1	1	0	0	0	1	0	1	1	0	180	0
1	0	0	1	1	0	0	0	0	1	1	1	1	1	0	0	1	0	0	0	1	1	1	1	1	1	0	0	0	1	1	1	0	0	0	1	1	0	0	1	0	1	0	1	1	1	1	1	1	1	0	1	0	0	1	0	1	0	0	1	0	1	1	0	200	0
1	0	0	1	1	0	0	0	0	1	1	1	1	0	0	0	1	0	0	0	1	1	1	1	1	1	0	0	0	1	1	1	0	0	0	1	1	0	0	0	0	1	0	1	1	1	1	1	1	1	0	1	0	0	0	0	0	0	0	1	0	1	1	0	220	0
1	0	0	1	0	0	0	0	0	1	1	1	1	1	0	0	1	0	0	0	1	0	1	1	1	0	0	0	0	1	1	1	0	0	0	1	1	0	0	0	0	0	0	1	1	1	0	1	1	1	0	1	0	1	0	0	0	0	0	1	0	1	1	0	240	0
1	0	0	1	0	0	0	0	0	0	0	1	1	1	0	0	1	1	0	0	1	1	1	1	1	1	0	0	0	1	1	1	0	0	0	1	1	0	0	1	0	0	0	1	1	1	1	0	1	1	1	1	0	1	0	0	1	0	0	1	0	1	1	0	260	0
1	0	0	1	0	0	0	0	0	1	0	1	1	0	0	0	1	0	0	0	1	1	1	1	1	1	0	0	0	1	1	1	0	0	0	1	1	0	0	0	1	0	0	1	1	1	1	0	1	1	1	1	0	1	1	0	1	0	0	1	0	1	1	0	280	0
1	0	0	1	0	0	0	0	0	1	0	1	1	1	0	0	1	1	0	0	1	1	1	1	1	1	0	0	0	1	1	1	0	0	0	1	1	0	0	0	1	0	0	1	1	1	1	1	1	1	0	1	0	0	0	0	1	0	0	1	0	1	1	0	300	0
1	0	0	1	1	0	0	0	0	0	1	1	1	0	0	0	1	0	0	0	1	1	1	1	1	0	0	0	0	1	1	1	0	0	0	1	1	0	1	1	1	0	0	1	1	1	1	1	1	1	1	1	0	1	1	0	1	0	0	1	0	1	1	0	320	0
1	0	0	1	1	0	0	0	0	1	0	1	1	1	0	0	1	0	0	0	1	1	1	1	1	1	0	0	0	1	1	1	1	0	0	1	1	0	0	1	1	0	0	1	1	1	1	0	1	1	1	1	0	1	1	1	1	0	0	1	0	1	1	0	340	0
1	0	0	1	0	0	1	0	0	1	0	1	1	1	0	0	1	1	0	0	1	1	1	1	1	1	0	0	0	0	1	1	0	0	0	1	1	0	1	0	1	0	0	1	1	1	1	1	1	1	1	1	0	1	0	0	1	0	0	1	0	1	1	0	360	0
1	0	0	1	1	0	0	0	0	1	0	1	1	1	0	0	1	0	0	0	1	1	1	1	1	1	0	0	0	1	1	1	1	0	0	1	1	0	0	0	1	0	0	1	1	1	1	1	0	1	1	1	0	1	0	1	1	0	0	1	0	1	1	0	380	0
1	0	0	1	1	0	0	0	0	1	1	1	1	1	0	0	1	0	0	0	1	0	1	1	1	1	0	0	0	1	1	1	0	0	0	1	1	0	0	0	1	0	0	1	1	1	1	1	1	1	1	1	0	0	0	1	1	0	0	1	0	1	1	0	400	0
1	0	0	1	0	0	0	0	0	1	1	1	1	1	0	0	1	0	0	0	1	1	1	1	1	1	0	0	0	1	1	1	1	0	0	1	1	0	0	1	1	0	0	1	1	1	1	1	1	1	1	1	0	1	1	1	1	0	0	1	0	1	1	0	420	0
1	0	0	1	0	0	0	0	0	1	1	1	1	1	0	0	1	0	0	0	1	1	1	1	1	1	0	0	0	1	1	1	1	0	0	1	1	0	0	0	1	0	0	1	1	1	1	1	1	1	1	1	0	1	1	1	1	0	0	1	0	1	1	0	440	0
1	0	0	1	0	0	0	0	0	0	1	1	1	1	0	0	1	0	0	0	1	1	1	1	1	1	0	0	0	1	1	1	0	0	0	1	1	0	0	0	1	0	0	1	1	1	1	1	1	1	1	1	0	1	1	0	1	0	0	1	0	1	1	0	460	0
1	0	0	1	1	0	0	0	0	0	1	1	1	1	0	0	1	0	0	0	1	1	1	1	1	1	0	0	0	1	1	1	1	0	0	1	1	0	0	1	1	0	0	1	1	1	1	1	1	1	1	1	0	0	1	0	0	0	0	1	0	1	1	0	480	0
1	0	0	1	1	0	0	0	0	1	0	1	1	0	0	0	1	0	0	0	1	1	1	1	1	1	0	0	0	1	1	1	1	0	0	1	1	0	0	0	1	0	0	1	1	1	1	1	1	1	1	1	0	0	1	1	1	0	0	1	0	1	1	0	500	0
1	0	0	1	0	0	0	0	0	1	0	1	1	0	0	0	1	0	0	0	1	1	1	1	1	1	0	0	0	1	1	1	0	0	0	1	1	0	0	0	0	0	0	1	1	1	1	1	1	1	1	1	0	1	1	1	1	0	0	1	0	1	1	0	520	0
1	0	0	1	1	0	0	0	0	1	0	1	1	1	0	0	1	0	0	0	1	1	1	1	1	1	0	0	0	1	1	1	1	0	0	1	1	0	0	0	1	0	0	1	1	1	1	1	1	1	1	1	0	1	1	1	1	0	0	1	0	1	1	0	540	0
1	0	0	1	1	0	0	0	0	1	1	1	1	1	0	0	1	0	0	0	1	1	1	1	1	1	0	0	0	1	1	1	1	0	0	1	1	0	0	0	1	0	0	1	1	1	1	0	1	1	1	1	0	1	1	0	0	0	0	1	0	1	1	0	560	0
1	0	0	1	0	0	0	0	0	1	0	1	1	1	0	1	1	1	0	0	1	0	1	1	1	1	0	0	1	0	1	1	1	0	0	1	1	0	0	0	0	0	0	1	1	0	1	0	1	1	1	1	0	1	1	0	0	0	0	1	0	1	1	0	580	0
1	0	0	1	0	0	0	0	0	1	1	1	1	1	0	1	1	1	0	0	1	1	1	1	1	1	0	0	1	0	1	0	1	0	0	0	0	1	0	1	0	1	0	1	1	0	1	0	1	1	1	1	0	0	1	0	0	0	0	1	0	1	1	0	600	0
1	0	0	1	0	0	0	0	0	1	0	1	1	0	0	1	1	1	0	0	1	1	1	1	1	1	0	0	0	0	1	0	0	0	0	0	1	0	0	0	0	0	1	1	1	0	1	0	1	1	1	1	0	0	1	0	0	0	0	1	0	1	1	0	620	0
1	0	0	1	0	0	0	0	0	0	1	1	1	1	0	1	1	0	0	0	1	1	1	1	0	1	0	0	0	0	1	0	1	0	0	0	1	1	0	0	0	1	0	1	1	0	1	0	0	1	0	1	0	0	1	0	0	0	0	1	0	1	1	0	640	0
1	0	0	1	0	0	0	0	0	0	0	1	1	0	0	1	1	0	0	0	1	1	1	1	1	1	0	0	0	0	1	0	0	0	0	0	1	1	0	0	1	0	0	0	1	0	1	0	0	1	0	1	0	0	1	1	1	0	0	1	0	1	1	0	660	0
1	0	0	1	0	0	1	0	0	1	1	1	1	0	0	1	1	0	0	0	1	1	1	1	1	1	0	0	0	0	1	0	0	0	0	0	1	1	0	1	0	1	0	0	1	0	1	0	0	1	0	1	0	1	1	1	0	0	0	1	0	1	1	0	680	0
1	0	0	1	1	0	0	0	0	1	0	1	1	0	0	1	0	0	0	0	1	1	0	1	1	1	0	0	0	0	0	0	0	0	0	0	1	1	0	1	1	0	0	0	1	0	1	0	0	1	0	1	0	0	0	1	1	0	0	1	0	1	1	0	700	0
1	0	0	1	1	1	0	0	0	1	1	1	1	0	0	1	1	0	0	1	1	1	0	1	0	1	0	0	0	0	0	0	0	0	0	0	1	1	0	1	1	0	0	0	1	0	1	0	0	1	0	1	1	1	1	1	0	0	0	1	0	1	1	0	720	0
1	0	0	1	0	0	0	0	0	1	0	1	1	0	0	1	1	0	0	0	1	1	0	1	0	1	0	0	0	0	0	0	0	0	0	0	1	1	0	1	0	1	1	0	1	0	1	0	0	1	0	1	1	1	1	1	1	0	0	1	0	1	1	1	740	0
1	0	0	1	1	0	0	0	0	1	0	1	1	0	0	1	1	1	0	1	1	1	1	1	1	1	0	0	0	0	0	0	0	0	0	0	1	1	0	1	0	0	0	0	1	0	1	0	0	1	0	1	1	0	0	0	0	0	0	1	0	1	1	0	760	0
1	0	0	1	0	0	0	0	0	1	1	1	1	0	0	1	1	1	0	1	1	1	1	1	0	1	0	0	0	0	0	0	1	0	0	0	1	1	0	0	0	0	0	0	1	0	1	0	0	1	0	1	0	0	0	0	1	0	0	1	0	1	0	0	780	0
1	0	0	1	0	0	0	0	0	1	0	1	1	0	0	1	1	1	0	1	1	1	0	1	1	1	0	0	0	0	0	0	0	0	0	1	1	1	1	1	0	0	1	0	1	0	1	0	0	1	0	1	0	1	1	1	1	0	0	1	0	1	0	0	800	0
1	0	0	1	1	1	0	0	0	1	1	1	1	0	0	1	0	0	0	1	1	1	0	1	1	1	0	0	0	0	0	0	0	0	0	0	1	1	1	1	0	0	0	0	1	0	1	0	0	1	0	1	1	0	1	1	0	1	0	1	0	1	1	1	820	0
1	0	0	1	1	0	0	0	0	0	1	1	1	1	0	1	1	1	0	1	1	1	0	1	1	1	0	0	0	0	0	0	0	0	0	0	1	1	1	1	1	0	0	0	1	0	1	0	0	1	0	1	1	0	1	1	1	1	0	1	0	1	1	0	840	0
1	0	0	1	0	1	0	0	0	1	1	1	1	0	0	1	1	1	0	1	1	1	0	1	0	1	0	0	0	0	0	0	0	0	0	1	1	1	0	0	0	0	0	0	1	0	1	0	0	1	0	1	0	0	1	0	1	0	0	1	0	1	0	0	860	0
1	0	0	1	0	0	0	0	0	1	0	1	1	0	0	1	1	1	0	1	1	1	0	1	0	1	0	0	0	0	0	0	0	0	0	0	1	1	0	1	0	0	0	0	1	0	1	0	0	1	0	1	0	1	1	1	1	1	0	1	0	1	1	1	880	0
1	0	0	1	1	1	0	0	0	1	0	1	1	0	0	1	1	1	0	1	1	1	0	1	1	1	0	0	0	0	0	0	0	0	0	0	1	1	0	0	0	0	0	0	1	0	1	0	0	1	0	1	0	1	1	1	1	1	0	1	0	1	0	0	900	0
1	0	0	1	1	1	0	0	0	1	0	1	1	0	0	1	1	1	0	1	1	1	0	1	1	1	0	0	0	0	0	0	0	0	0	0	1	1	1	0	1	0	1	0	1	0	1	0	0	1	0	1	1	0	0	0	1	0	0	1	0	1	0	0	920	0
1	0	0	1	1	0	0	0	0	1	0	1	1	1	0	1	1	1	0	1	1	1	0	1	1	1	0	0	0	0	0	0	0	0	0	0	1	1	0	1	0	1	0	0	1	0	1	0	0	1	0	1	1	1	0	0	1	0	0	1	0	1	1	0	940	0
1	0	0	1	1	1	0	1	0	1	1	1	1	1	0	1	1	0	0	1	1	1	0	1	1	1	0	0	0	0	0	0	0	0	0	0	1	1	0	0	0	1	1	0	1	0	1	0	0	1	0	1	1	1	0	0	1	0	0	1	0	1	0	1	960	0
1	0	0	1	0	1	0	0	0	1	1	1	1	1	0	1	1	0	0	1	1	1	0	1	0	1	0	0	0	0	0	0	0	0	0	0	1	1	0	1	1	0	1	0	1	0	1	0	0	1	0	1	0	1	0	1	1	0	0	1	0	1	0	0	980	0
1	0	0	1	1	0	1	0	0	1	1	1	1	1	0	1	1	1	0	1	1	1	0	1	0	1	0	0	0	0	0	0	0	0	0	0	1	1	0	0	1	0	1	0	1	0	1	0	0	1	0	1	0	0	0	0	1	1	0	1	0	1	0	1	1000	0
1	0	0	1	1	1	0	0	0	1	1	1	1	0	0	1	1	0	0	1	1	1	0	1	1	1	0	0	0	0	0	0	0	0	0	0	1	1	0	0	0	1	0	0	1	0	1	0	0	1	0	1	1	0	0	1	1	1	0	1	0	1	0	0	1020	0
1	0	0	1	0	0	1	0	0	1	1	1	1	0	0	1	1	0	0	1	1	1	0	1	0	0	0	0	0	0	0	0	1	0	0	0	1	1	1	1	0	0	0	0	1	0	1	0	0	1	0	1	0	0	1	0	0	1	0	1	0	1	0	0	1040	0
1	0	0	1	1	1	1	0	0	1	1	1	1	1	0	1	1	1	0	1	1	1	0	1	0	1	0	0	0	0	0	0	1	0	0	1	1	1	1	0	1	1	0	0	1	0	1	0	0	1	0	1	0	0	1	0	0	1	0	1	0	1	0	0	1060	0
1	0	0	1	1	0	0	0	0	0	1	1	1	1	0	1	1	0	0	1	1	1	0	1	0	1	0	0	0	0	0	0	1	0	0	1	1	1	0	0	0	1	0	0	1	0	1	0	0	1	0	1	1	1	1	1	0	0	0	1	0	1	0	0	1080	0
1	0	0	1	1	0	0	0	0	1	1	1	1	0	0	1	1	0	0	1	1	1	0	1	0	0	0	0	0	0	0	0	1	0	0	0	1	1	1	0	1	1	1	0	1	0	1	0	0	1	0	1	0	0	0	0	0	1	0	1	0	1	0	0	1100	0
1	0	0	1	1	1	0	0	0	1	0	0	0	1	0	1	1	1	0	1	0	0	0	1	1	1	0	0	0	0	0	0	0	0	0	1	1	1	1	0	1	1	0	0	1	0	0	0	0	0	0	1	0	1	1	0	1	1	0	0	0	0	0	1	0	1
1	0	0	1	1	0	1	0	0	0	0	0	0	1	0	1	1	1	0	1	0	0	0	1	0	1	0	1	0	0	0	0	1	0	0	0	1	1	1	0	1	0	1	0	1	0	0	0	0	0	0	0	0	0	0	1	1	1	0	0	0	0	0	0	20	1
0	0	0	1	1	1	1	0	0	0	0	0	0	0	1	1	1	0	0	1	0	1	0	1	0	1	0	1	0	0	0	0	1	0	1	0	1	1	1	0	1	1	0	0	1	1	0	0	0	0	0	0	1	0	0	0	0	1	0	0	1	0	0	0	40	1
0	0	0	1	1	1	0	0	0	0	0	0	0	1	1	1	0	0	0	1	0	1	0	1	0	0	0	1	0	1	0	0	0	0	1	1	1	0	1	1	1	0	0	0	1	1	0	1	0	0	0	0	1	0	0	0	0	1	0	1	1	0	0	0	60	1
0	0	0	1	1	1	1	0	0	0	1	0	0	1	1	1	1	1	0	1	1	1	0	1	0	1	0	1	0	1	0	0	0	0	1	0	1	1	1	0	1	0	0	0	1	1	0	1	0	0	0	0	0	0	0	0	0	1	0	1	1	0	0	1	80	1
0	1	0	1	1	0	0	1	0	0	1	0	0	1	1	1	1	1	0	1	1	1	0	1	0	1	0	1	0	1	0	0	0	0	1	0	1	0	1	0	1	0	0	0	1	1	0	1	0	0	0	0	1	0	0	1	0	1	0	1	1	0	0	0	100	1
0	1	0	1	0	1	0	0	0	0	1	0	0	1	1	1	0	0	0	1	1	0	0	1	0	1	0	1	0	1	0	0	0	0	1	1	1	0	1	0	1	0	0	0	1	1	0	1	0	0	0	0	1	0	0	0	0	1	0	1	1	0	0	0	120	1
0	1	0	1	1	0	0	0	0	0	1	0	0	1	1	1	1	0	0	1	1	0	0	1	0	1	0	1	0	1	0	0	1	0	1	0	1	0	1	0	1	0	1	0	1	1	0	1	0	0	0	0	0	0	0	0	0	1	0	1	1	0	0	0	140	1
0	1	0	1	1	0	1	0	0	0	0	0	0	0	1	1	1	0	0	1	1	0	0	1	0	1	0	1	0	1	0	0	0	0	1	1	1	0	1	0	1	1	0	0	1	1	0	1	0	0	0	0	0	0	0	1	0	1	0	1	1	0	0	0	160	1
0	1	0	1	1	0	0	0	1	0	0	0	0	1	1	1	1	1	0	1	1	1	0	1	0	1	0	1	0	1	0	0	0	0	1	0	1	0	1	0	0	1	1	0	1	1	0	1	0	0	0	0	0	0	0	0	0	1	0	1	1	0	0	0	180	1
0	1	0	1	1	1	1	0	0	0	0	0	0	1	1	1	1	0	0	1	1	1	0	1	0	1	0	1	0	1	0	0	0	0	1	0	1	0	1	0	0	0	0	0	1	1	0	1	0	0	0	0	0	0	0	1	0	1	0	1	1	0	0	1	200	1
0	1	0	1	1	0	0	1	1	0	0	0	0	0	1	1	1	0	0	1	1	1	0	1	1	1	0	1	0	1	0	0	0	0	1	0	1	0	1	1	0	1	1	0	1	1	0	1	0	0	0	0	1	0	0	1	1	1	0	1	1	0	0	0	220	1
0	1	0	1	1	0	1	0	0	0	0	0	0	1	1	1	1	0	0	1	1	1	0	1	0	1	0	1	0	1	0	0	0	0	1	0	1	0	1	0	1	1	1	0	1	1	0	1	0	0	0	0	1	0	0	0	0	0	0	1	1	0	0	1	240	1
0	1	0	1	1	0	0	0	0	0	0	0	0	1	1	1	1	1	0	1	1	1	0	1	0	1	0	1	0	1	0	0	1	0	1	0	1	0	1	0	0	0	1	0	1	1	0	1	0	0	0	0	0	0	0	1	0	1	0	1	1	0	0	0	260	1
0	1	0	1	1	0	1	0	0	0	1	0	0	1	1	1	1	1	0	1	1	1	0	1	0	1	0	1	0	1	0	0	0	0	1	0	1	0	1	1	0	1	1	0	1	1	0	1	0	0	0	0	1	0	0	1	0	1	0	1	1	0	0	0	280	1
0	1	0	1	1	0	1	0	0	1	0	0	0	0	1	1	1	1	0	1	1	1	0	1	1	1	0	1	0	1	0	0	0	0	1	0	1	0	1	0	0	0	1	0	1	1	0	1	0	0	0	0	0	0	0	1	0	1	0	1	1	0	0	1	300	1
0	1	1	1	1	0	1	0	0	0	1	0	0	0	1	1	1	1	0	1	1	1	0	1	0	0	0	1	0	1	0	0	0	0	1	0	1	0	1	0	0	1	1	0	1	1	0	1	0	0	0	0	1	0	0	0	0	1	0	1	1	0	0	0	320	1
0	1	1	1	1	1	1	0	0	0	0	0	0	1	1	1	1	0	0	1	1	1	0	1	0	1	0	1	0	1	0	0	1	0	1	0	1	0	1	0	1	1	1	0	1	1	0	1	0	0	0	0	1	0	0	0	0	1	0	1	1	0	0	0	340	1
0	1	1	1	1	1	1	0	0	0	0	0	0	0	1	1	1	0	0	1	1	1	0	1	0	1	0	1	0	1	0	0	0	0	1	0	1	0	1	1	1	0	0	0	1	1	0	1	0	0	0	0	0	0	0	1	0	1	0	1	1	0	0	1	360	1
0	1	1	1	1	1	1	0	0	0	0	0	0	1	1	1	1	1	0	1	1	1	0	1	0	0	0	1	0	1	0	0	0	0	1	1	1	0	1	1	0	1	1	0	1	1	0	1	0	0	0	0	1	0	0	1	0	1	0	1	1	0	0	1	380	1
0	1	1	1	1	0	1	0	0	0	0	0	0	0	1	1	1	1	0	1	1	1	0	1	0	1	0	1	0	1	0	0	0	0	1	0	1	0	1	1	1	1	0	0	1	1	0	1	0	0	0	0	0	0	0	1	0	1	0	1	1	0	0	0	400	1
0	1	1	1	0	0	1	0	0	0	0	0	0	1	1	1	1	0	0	1	1	1	0	1	0	1	0	1	0	1	0	0	0	0	1	0	1	0	1	1	0	0	0	0	1	1	0	1	0	0	0	0	1	0	0	1	1	1	0	1	1	0	0	0	420	1
0	1	1	1	1	0	1	0	0	0	0	0	0	1	1	1	1	0	0	1	1	1	0	1	1	0	0	1	0	1	0	0	0	0	1	0	1	0	1	1	1	1	0	0	1	1	0	1	0	0	0	0	1	0	0	1	0	1	0	1	1	0	0	0	440	1
0	1	1	1	0	0	0	0	0	0	0	0	0	0	1	1	1	0	0	1	1	0	1	1	0	0	0	1	0	1	0	0	1	0	1	1	1	0	1	1	0	1	1	0	1	1	0	1	0	0	0	0	0	0	0	1	1	1	0	1	1	1	0	0	460	1
0	1	1	1	0	0	1	0	0	0	1	0	0	1	1	1	0	1	0	1	1	1	0	1	0	1	0	1	0	1	0	0	0	0	1	0	1	0	1	0	1	0	0	0	1	1	0	1	0	0	0	0	1	0	0	1	0	1	0	1	1	1	0	0	480	1
0	1	1	1	0	0	0	0	0	0	0	0	0	1	1	1	1	1	0	1	1	1	0	1	0	1	0	1	0	1	0	0	0	0	1	1	1	0	1	1	0	0	1	0	1	1	0	1	0	0	0	0	1	0	0	1	0	1	0	1	1	0	0	1	500	1
0	1	1	1	0	0	0	0	0	0	0	0	0	1	1	1	0	0	0	1	1	1	0	1	0	1	0	1	0	1	0	0	1	0	1	0	1	0	1	1	1	1	0	0	1	1	0	1	0	0	0	0	0	0	0	1	0	1	0	1	1	0	0	0	520	1
0	1	1	1	1	1	0	0	0	0	0	0	0	0	1	1	1	0	0	1	1	0	0	1	0	0	0	1	0	1	0	0	0	0	1	1	1	0	1	1	1	1	0	0	1	1	0	1	0	0	0	0	1	0	0	0	0	1	0	1	1	0	0	1	540	1
0	1	1	1	1	1	0	0	1	0	0	0	0	0	1	1	1	0	0	1	1	1	0	1	0	1	0	1	0	1	0	0	1	0	1	1	1	0	1	1	1	1	0	0	1	1	0	1	0	0	0	0	0	0	0	0	0	1	0	1	1	0	0	0	560	1
0	1	1	1	1	0	0	0	0	1	0	0	0	1	1	1	0	1	0	1	1	0	0	1	1	1	0	0	0	1	0	0	0	0	1	0	1	0	1	1	0	1	1	0	1	1	0	1	0	0	0	0	1	0	0	0	0	1	0	0	1	0	0	0	580	1
0	1	1	1	0	0	1	0	0	1	0	0	0	1	0	1	1	0	0	1	1	0	0	1	1	0	0	0	0	1	0	0	0	0	1	1	1	1	1	1	0	1	1	0	1	1	0	1	0	0	0	1	0	0	0	1	0	1	0	0	1	0	0	0	600	1
1	1	1	1	1	0	0	0	0	1	0	0	0	1	0	1	1	0	0	1	1	0	0	1	0	1	0	0	0	1	0	0	1	0	0	1	1	1	1	1	1	1	0	0	1	1	0	0	0	0	0	1	0	0	0	1	0	1	0	0	0	0	0	0	620	1
1	1	0	1	0	1	0	0	0	1	0	0	0	1	0	1	0	1	0	1	1	0	0	1	0	0	0	0	0	1	0	0	0	0	0	1	1	1	1	1	1	1	0	0	1	1	0	0	0	0	0	1	1	1	1	0	1	1	0	0	1	0	0	0	640	1
1	1	0	1	1	1	0	0	0	1	0	0	0	0	0	1	1	1	0	1	1	1	0	1	1	1	0	0	0	1	0	0	1	0	0	1	1	1	1	0	1	1	1	0	1	1	0	0	0	0	0	1	1	1	1	0	1	1	0	0	0	0	0	0	660	1
1	1	0	1	1	1	0	0	0	1	1	0	0	0	0	1	1	0	0	1	1	0	0	1	0	1	0	0	0	1	0	0	1	0	0	0	1	1	1	0	0	1	1	0	1	1	0	0	0	0	0	1	0	1	1	0	0	1	0	0	0	0	0	0	680	1
1	1	0	1	1	0	1	0	0	1	0	0	0	0	0	1	0	0	0	1	1	1	0	1	1	1	0	0	0	1	0	0	0	0	0	0	1	1	1	1	1	0	0	0	1	1	0	0	0	0	0	1	0	0	1	0	0	1	0	0	0	0	0	0	700	1
1	0	0	1	1	0	0	0	0	0	0	0	0	1	0	1	1	0	0	1	1	1	0	1	1	1	0	0	0	1	0	0	0	0	0	1	1	1	1	1	0	0	0	0	1	1	0	0	0	0	0	1	1	1	1	0	1	1	0	0	0	0	0	0	720	1
1	0	0	1	1	0	1	0	0	1	1	0	0	1	0	1	1	0	0	1	0	1	0	1	1	1	0	0	0	1	0	0	0	0	0	1	1	1	0	1	1	0	0	0	1	1	0	0	0	0	0	1	1	1	1	0	1	1	0	0	0	0	0	0	740	1
1	0	0	1	0	0	0	0	0	0	1	0	0	1	0	1	1	1	0	1	0	1	0	1	0	1	0	0	0	0	0	0	0	0	0	1	1	1	1	0	1	1	1	0	1	1	0	0	0	0	0	1	0	1	1	0	0	1	0	0	0	0	0	0	760	1
1	0	0	1	1	0	1	0	0	1	0	0	0	1	0	1	1	1	0	1	0	0	0	1	1	0	0	0	0	0	0	0	1	0	0	1	1	1	1	0	1	1	1	0	1	1	0	0	0	0	0	1	0	1	1	1	0	1	0	0	0	0	0	0	780	1
1	0	0	1	1	0	0	0	0	0	1	0	0	1	0	1	1	0	0	1	0	1	0	1	1	1	0	0	0	0	0	0	0	0	0	0	1	1	1	0	1	1	0	0	1	0	0	0	0	0	0	1	0	0	1	1	1	1	0	0	0	0	0	0	800	1
1	0	0	1	1	1	0	0	0	0	1	0	0	1	0	1	1	1	0	1	0	1	0	1	1	1	0	0	0	0	0	0	1	0	0	0	1	1	1	1	0	1	0	0	1	1	0	0	0	0	0	1	1	0	0	0	0	1	0	0	0	0	0	0	820	1
1	0	0	1	0	0	1	0	0	1	1	0	0	1	0	1	1	0	0	1	0	0	0	1	0	1	0	0	0	0	0	0	0	0	0	0	1	1	0	0	1	0	0	0	1	0	0	0	0	0	0	1	0	0	0	1	0	1	0	0	0	0	0	0	840	1
1	0	0	1	1	0	0	0	0	0	0	0	0	1	0	1	1	0	0	1	0	0	0	1	1	1	0	0	0	0	0	0	0	0	0	1	1	1	1	1	0	0	0	0	1	0	0	0	0	0	0	1	0	0	0	0	1	1	0	0	0	0	0	0	860	1
1	0	0	1	1	0	0	0	0	1	0	0	0	0	0	1	1	0	0	1	0	0	0	1	1	1	0	0	0	0	0	0	1	0	0	0	1	1	1	0	0	0	0	0	1	0	0	0	0	0	0	1	1	1	1	0	0	1	0	0	0	0	0	0	880	1
1	0	0	1	1	0	0	0	0	1	1	0	0	1	0	1	1	0	0	1	0	0	0	1	0	1	0	0	0	0	0	0	0	0	0	0	1	1	1	1	1	0	0	0	1	0	0	0	0	0	0	1	0	0	1	0	1	1	0	0	0	0	0	1	900	1
1	0	0	1	0	1	1	0	0	1	0	0	0	1	0	1	1	0	0	1	0	0	0	1	1	1	0	0	0	0	0	0	0	0	0	1	1	1	1	0	1	0	1	0	1	0	0	0	0	0	0	1	0	0	1	1	1	1	0	0	0	0	0	1	920	1
1	0	0	1	1	1	1	0	0	1	0	0	0	0	0	1	0	1	0	1	0	0	0	1	0	1	0	0	0	0	0	0	0	0	0	0	1	1	1	0	1	1	0	0	1	0	0	0	0	0	0	1	1	0	1	1	1	1	0	0	0	0	0	1	940	1
1	0	0	1	1	1	0	0	0	1	0	0	0	1	0	1	1	0	0	1	0	0	0	1	1	1	0	0	0	0	0	0	0	0	0	0	1	1	1	1	0	0	0	0	1	0	0	0	0	0	0	1	1	0	0	0	0	1	0	0	0	0	0	0	960	1
1	0	0	1	1	1	1	0	0	1	0	0	0	1	0	1	1	1	0	1	0	0	0	1	1	0	0	0	0	0	0	0	0	0	0	0	1	1	1	0	0	1	1	0	1	0	0	0	0	0	0	1	1	1	0	1	0	1	0	0	0	0	0	0	980	1
1	0	0	1	1	0	1	0	0	1	0	0	0	1	0	1	1	0	0	1	0	0	0	1	1	1	0	0	0	0	0	0	0	0	0	0	1	1	1	0	1	1	0	0	1	0	0	0	0	0	0	1	1	1	0	1	1	1	0	0	0	0	0	0	1000	1
1	0	0	1	1	0	1	0	0	0	0	0	0	1	0	1	1	0	0	1	0	0	0	1	0	1	0	0	0	0	0	0	0	0	0	1	1	1	1	0	0	1	0	0	1	0	0	0	0	0	0	1	1	0	1	0	0	1	0	0	0	0	0	1	1020	1
1	0	0	1	0	0	0	0	0	0	0	0	0	1	0	1	1	0	0	1	0	0	0	1	1	1	0	0	0	0	0	0	0	0	0	0	1	1	1	0	0	1	1	0	1	0	0	0	0	0	0	1	1	1	0	0	0	1	0	0	0	0	0	0	1040	1
1	0	0	1	1	0	0	0	0	1	1	0	0	1	0	1	1	0	0	1	0	0	0	1	1	0	0	0	0	0	0	0	0	0	0	0	1	1	1	1	1	1	0	0	1	0	0	0	0	0	0	1	0	0	0	1	1	1	0	0	0	0	0	0	1060	1
1	0	0	1	1	1	1	0	0	0	1	0	0	1	0	1	1	1	0	1	0	0	0	1	1	1	0	0	0	0	0	0	0	0	0	1	1	1	1	1	1	1	0	0	1	0	0	0	0	0	0	1	1	1	1	1	1	1	0	0	0	0	0	1	1080	1
1	0	0	1	0	0	0	0	0	1	0	0	0	1	0	1	1	0	0	1	0	0	0	1	0	1	0	0	0	0	0	0	1	0	0	0	1	1	1	0	1	0	0	0	1	0	0	0	0	0	0	1	1	1	1	1	0	1	0	0	0	0	0	0	1100	1
1	0	0	1	1	0	0	0	0	1	0	0	0	0	0	1	1	0	0	1	0	0	0	1	1	1	0	0	0	0	0	0	0	0	0	1	1	1	1	0	1	0	0	0	1	0	0	0	0	0	0	1	1	0	1	0	1	1	0	0	0	0	0	0	0	2
1	0	0	1	1	0	0	0	0	1	0	0	0	0	0	1	1	0	1	1	0	0	0	1	1	1	0	0	0	0	1	0	0	0	0	1	1	1	1	0	0	0	1	0	1	0	0	1	0	0	0	0	1	1	1	0	0	1	1	0	0	0	0	0	20	2
1	0	0	0	0	0	0	0	0	1	0	0	0	0	0	1	0	0	1	1	0	0	0	1	0	1	1	0	0	1	1	0	0	0	0	1	1	1	1	1	0	1	0	0	1	0	0	1	0	0	0	0	0	0	0	1	0	1	1	0	0	0	0	0	40	2
1	0	0	1	0	0	1	1	0	1	1	0	0	1	0	1	0	0	1	0	0	1	0	1	0	1	1	0	0	1	1	0	0	0	0	0	1	1	0	0	0	1	0	0	1	0	0	1	0	0	0	0	0	1	1	0	0	1	1	0	1	0	0	1	60	2
1	0	0	1	1	0	1	0	0	0	0	1	0	1	0	1	1	0	1	0	0	0	0	1	0	1	1	0	0	1	1	0	1	0	0	0	1	1	0	1	1	1	0	0	1	0	0	1	0	0	0	0	0	0	0	0	0	1	1	0	1	0	0	1	80	2
1	0	0	1	1	1	1	0	0	1	1	0	0	1	0	1	1	0	1	0	0	1	1	1	0	1	1	0	0	1	1	0	0	0	0	0	0	1	0	0	1	1	1	0	1	0	0	1	0	0	0	0	1	1	0	0	0	0	1	0	1	0	0	0	100	2
1	0	0	0	1	0	1	0	0	1	1	0	0	0	0	1	1	1	1	0	0	1	1	1	1	1	1	0	0	1	1	0	1	0	0	0	0	0	0	0	0	0	0	0	1	0	0	1	0	0	0	0	0	1	0	0	0	0	1	0	1	0	0	0	120	2
1	0	0	1	1	0	1	0	0	1	1	0	0	0	0	1	0	1	1	0	0	0	0	1	1	1	1	0	0	1	1	0	1	0	0	1	0	0	0	0	1	1	0	0	1	0	0	1	0	0	0	0	1	1	1	0	1	0	1	0	1	0	1	0	140	2
1	0	0	1	1	1	0	0	0	1	1	0	0	1	0	1	1	0	1	0	0	1	0	1	0	1	1	0	0	1	1	0	1	0	0	1	0	0	0	1	1	1	0	0	1	0	0	1	0	0	0	0	1	0	1	0	1	0	1	0	1	0	1	0	160	2
1	0	0	1	1	0	0	0	0	1	1	0	0	1	0	1	1	0	1	0	0	1	0	1	1	1	1	0	0	1	1	0	1	0	0	0	0	0	0	1	0	1	1	0	1	0	0	1	0	0	0	0	1	0	1	0	0	0	1	0	1	0	1	0	180	2
1	0	0	1	1	1	1	0	0	1	1	0	0	0	0	1	1	0	1	0	0	1	0	1	0	1	1	0	0	1	1	0	1	0	0	0	0	0	0	0	0	0	0	0	1	0	0	1	0	0	0	0	0	1	1	0	0	0	1	0	1	0	1	0	200	2
1	0	0	1	1	1	1	0	0	1	1	0	0	0	0	1	1	0	1	0	0	1	0	1	1	0	1	0	0	1	1	0	0	0	0	0	0	0	0	1	0	1	1	0	1	0	0	1	0	0	0	0	1	0	1	0	1	0	1	0	1	0	1	0	220	2
1	0	0	1	0	1	0	0	0	1	0	1	0	0	0	1	1	0	1	0	0	1	0	1	1	0	1	0	0	1	1	0	0	0	0	1	0	0	0	1	0	1	0	0	0	0	0	1	0	0	0	0	0	1	0	0	1	0	1	0	1	0	1	0	240	2
1	0	0	1	1	0	0	0	0	1	1	0	0	1	0	1	1	0	1	0	0	1	0	1	0	1	1	0	0	1	1	0	1	0	0	1	0	0	0	0	1	1	0	0	0	0	0	1	0	0	0	0	0	1	1	0	0	0	1	0	1	0	1	0	260	2
1	0	0	0	1	0	1	0	0	0	1	0	0	1	0	1	1	0	1	0	0	1	0	1	1	1	1	0	0	1	1	0	0	0	0	0	0	0	0	0	1	1	1	0	0	0	0	1	0	0	0	0	1	1	1	0	0	0	1	0	1	0	1	1	280	2
1	0	0	1	1	0	0	0	0	1	0	0	0	1	0	1	1	0	1	0	0	1	0	1	0	1	1	0	0	1	1	0	0	0	0	1	0	0	0	1	0	0	1	0	0	0	0	1	0	0	0	0	1	1	0	0	1	0	1	0	1	0	1	0	300	2
1	0	0	1	1	0	0	0	0	1	0	0	0	1	0	1	1	0	1	0	0	0	0	1	0	1	1	0	0	1	1	0	1	0	0	0	0	0	0	0	0	0	0	0	0	0	0	1	0	0	0	0	0	1	1	0	0	0	1	1	1	0	1	0	320	2
1	0	0	1	0	0	0	0	0	1	0	0	0	1	0	1	1	0	1	0	0	1	0	1	0	1	1	0	0	1	1	0	0	0	0	0	0	0	0	1	1	1	1	0	0	0	0	1	0	0	0	0	0	1	1	0	0	0	1	0	1	0	1	0	340	2
1	0	0	1	0	0	0	0	0	1	0	0	0	1	0	1	1	0	1	0	0	1	0	1	1	1	1	0	0	1	1	0	0	0	0	0	0	0	0	1	1	1	1	0	0	0	0	1	0	0	0	0	0	1	0	0	0	0	1	0	1	0	1	0	360	2
1	0	0	1	1	0	1	0	0	1	1	0	0	1	0	1	1	0	1	0	0	1	0	1	0	1	1	0	0	1	1	0	0	0	0	0	0	0	0	1	1	1	0	0	0	0	0	1	0	0	0	0	0	1	1	0	0	0	1	0	1	0	1	0	380	2
1	0	0	1	1	0	1	0	0	0	0	0	0	1	0	1	1	0	1	0	0	1	0	1	1	0	1	0	0	1	1	0	0	0	0	0	0	0	0	0	0	1	0	0	0	0	0	1	0	0	0	0	1	0	1	0	0	0	1	0	1	0	1	0	400	2
1	0	0	1	0	1	0	0	0	0	0	0	0	0	0	1	1	0	1	0	0	1	0	1	1	1	1	0	0	1	1	0	0	0	0	0	0	0	0	1	0	1	1	0	0	0	0	1	0	0	0	0	0	1	1	1	1	0	1	0	1	0	1	0	420	2
1	0	0	1	1	0	1	0	0	0	1	0	0	1	0	1	1	0	1	0	0	0	0	1	0	1	1	0	0	1	1	0	0	0	0	1	0	0	0	1	1	0	0	0	0	0	0	1	0	0	0	0	1	0	1	1	1	0	1	1	1	0	1	1	440	2
1	0	0	1	1	1	0	0	0	1	1	0	0	0	0	1	1	0	1	0	0	1	0	1	0	1	1	0	0	1	1	0	1	0	0	0	0	0	0	1	0	1	0	0	0	0	0	1	0	0	0	0	0	1	1	1	1	0	1	0	1	0	1	0	460	2
1	0	0	1	1	1	0	0	0	1	0	0	0	1	0	1	1	0	1	0	0	0	1	1	0	1	1	0	0	1	1	0	0	0	0	0	0	0	0	0	0	0	1	0	0	0	0	1	0	0	0	0	0	1	1	1	0	0	1	0	1	0	1	0	480	2
1	0	0	1	1	1	0	0	0	1	0	0	0	1	0	1	1	0	1	0	0	1	0	1	0	1	1	0	0	1	1	0	1	0	0	0	0	0	0	0	1	1	0	0	0	0	0	1	0	0	0	0	0	1	0	0	1	0	1	0	1	0	1	0	500	2
1	0	0	1	1	1	1	0	0	0	1	0	0	1	0	1	1	0	1	0	0	1	0	1	0	1	1	0	0	1	1	0	1	0	0	0	0	0	0	0	0	1	0	0	0	0	0	1	0	0	0	0	0	1	1	0	1	0	1	0	1	0	1	1	520	2
1	0	0	1	0	0	0	0	0	1	0	0	0	1	0	1	1	0	1	0	0	0	0	1	1	1	1	0	0	1	1	0	0	0	0	0	0	0	0	1	1	1	0	0	0	0	0	1	0	0	0	0	0	1	0	0	0	0	1	0	1	0	1	0	540	2
1	0	0	1	1	1	1	0	0	1	0	0	0	1	0	1	1	0	1	0	0	0	0	1	0	0	1	0	0	1	1	0	0	0	0	0	0	0	0	1	1	1	1	0	0	0	0	1	0	0	0	0	0	1	0	0	1	0	1	0	1	0	1	1	560	2
1	0	0	1	1	0	1	0	0	1	0	0	0	1	0	1	0	1	1	0	0	0	0	1	0	1	1	0	0	1	1	0	0	0	0	0	0	0	0	1	0	0	0	0	0	0	0	1	0	0	0	1	1	1	1	1	0	0	1	0	0	0	1	0	580	2
1	0	0	1	1	1	1	0	0	0	0	0	0	1	0	1	1	0	1	0	0	0	0	1	0	0	0	0	0	1	1	0	0	0	0	0	0	0	0	0	1	1	1	0	0	0	0	0	0	0	0	1	0	1	0	1	0	0	1	0	0	0	1	0	600	2
1	0	0	1	1	0	0	0	0	1	0	0	0	1	0	1	1	0	1	0	0	0	0	1	1	1	0	0	0	0	1	0	1	0	0	0	0	0	0	1	1	1	1	0	0	0	0	0	0	0	0	1	1	1	0	0	0	0	0	0	0	0	1	0	620	2
1	0	0	1	1	0	0	0	0	1	0	0	0	1	0	1	1	1	1	0	0	0	0	1	1	1	0	0	0	0	1	0	0	0	0	0	0	0	0	0	0	1	0	0	0	0	0	0	0	0	0	1	0	1	1	0	1	0	0	0	0	0	1	0	640	2
1	0	0	1	1	1	0	0	0	1	0	0	0	1	0	1	1	1	1	0	0	0	0	1	1	0	0	0	0	0	0	0	0	0	0	0	0	0	0	1	0	1	0	0	0	0	0	0	0	0	0	1	0	1	0	0	0	0	0	0	0	0	1	0	660	2
1	0	0	1	1	0	0	0	0	1	0	0	0	0	0	1	1	1	1	0	0	0	0	1	0	1	0	0	0	0	0	0	1	0	0	0	0	0	0	0	1	0	1	0	1	0	0	0	0	0	0	1	1	0	1	0	0	0	0	0	0	0	1	1	680	2
1	0	0	1	1	1	0	1	0	1	0	0	0	1	0	1	1	0	1	0	0	0	0	1	0	1	0	0	0	0	0	0	1	0	0	1	0	0	0	0	0	0	0	0	1	0	0	0	0	0	0	1	0	0	1	0	1	0	0	0	0	0	1	0	700	2
1	0	0	1	0	1	0	0	0	1	1	0	0	1	0	1	1	1	1	0	0	0	0	1	0	1	0	0	0	0	0	0	0	0	0	1	0	0	0	0	1	1	1	0	1	0	0	0	0	0	0	1	0	1	0	0	0	0	0	0	0	1	1	1	720	2
1	0	0	1	1	1	0	0	0	1	1	0	0	1	0	1	1	1	1	0	0	0	0	1	0	1	0	0	0	0	0	0	0	0	0	0	0	0	0	1	0	0	0	0	1	0	0	0	0	0	0	1	1	0	0	0	0	0	0	0	0	0	1	0	740	2
1	0	0	1	1	1	0	0	0	1	0	0	0	1	0	1	1	0	1	0	0	0	0	1	0	1	0	0	0	0	0	0	1	0	0	0	0	0	0	0	1	1	1	0	1	0	0	0	0	0	0	1	1	0	1	0	1	0	0	0	0	0	1	0	760	2
1	0	0	1	1	0	1	0	0	1	0	0	0	1	0	1	1	0	1	0	0	0	0	1	1	1	0	0	0	0	0	0	0	0	0	0	0	0	0	0	0	0	0	0	1	0	0	0	0	0	0	1	0	0	1	1	1	0	0	0	0	0	1	0	780	2
1	0	0	1	1	0	0	0	0	1	0	0	0	1	0	1	1	0	1	0	0	0	0	1	0	1	0	0	0	0	0	0	0	0	0	0	0	0	0	0	1	1	1	0	1	0	0	0	0	0	0	1	1	0	0	0	0	0	0	0	0	0	1	0	800	2
1	0	0	1	1	1	0	0	0	1	0	0	0	1	0	1	1	0	1	0	0	0	0	1	0	1	0	0	0	0	0	0	1	0	0	0	0	0	0	1	1	0	0	0	1	0	0	0	0	0	0	1	0	1	0	1	1	0	0	0	0	0	1	0	820	2
1	0	0	1	1	0	0	0	0	1	0	0	0	1	0	1	0	0	1	0	0	0	0	1	0	0	0	0	0	0	0	0	1	0	0	0	0	0	0	1	0	0	1	0	1	0	0	0	0	0	0	1	0	1	0	0	1	0	0	0	0	0	1	1	840	2
1	0	0	1	1	1	0	0	0	1	1	0	0	1	0	1	1	0	1	0	0	0	0	1	0	0	0	0	0	0	0	0	1	0	0	0	0	0	0	0	0	0	1	0	1	0	0	0	0	0	0	1	0	1	1	0	0	0	0	0	0	0	1	0	860	2
1	0	0	1	1	1	0	0	0	1	0	0	0	0	0	1	1	0	1	0	0	0	0	1	0	1	0	0	0	0	0	0	1	0	0	0	0	0	0	1	1	0	0	0	1	0	0	0	0	0	0	1	0	1	1	0	0	0	0	0	0	0	1	0	880	2
1	0	0	1	1	0	0	0	0	1	0	0	0	1	0	1	1	1	1	0	0	0	0	1	0	1	0	0	0	0	0	0	1	0	0	0	0	0	0	1	0	1	1	0	1	0	0	0	0	0	0	1	0	1	0	0	1	0	0	0	0	0	1	1	900	2
1	0	0	1	1	1	0	0	0	1	0	0	0	1	0	1	1	0	1	0	0	0	0	1	0	1	0	0	0	0	0	0	1	0	0	0	0	0	0	1	1	1	1	0	1	0	0	0	0	0	0	1	0	1	0	0	0	0	0	0	0	0	1	0	920	2
1	0	0	1	0	0	0	0	0	1	0	0	0	1	0	1	1	1	1	0	0	0	0	1	0	1	0	0	0	0	0	0	0	0	0	0	0	0	0	1	1	0	1	0	1	0	0	0	0	0	0	1	1	1	0	0	0	0	0	0	0	0	1	0	940	2
1	0	0	1	1	0	0	0	0	0	0	0	0	0	0	1	1	0	1	0	0	0	0	1	0	0	0	0	0	0	0	0	0	0	0	0	0	0	0	0	1	1	0	0	1	0	0	0	0	0	0	1	0	1	0	0	0	0	0	0	0	0	1	0	960	2
1	0	0	1	1	0	0	0	0	1	0	0	0	1	0	1	1	0	1	0	0	0	0	1	1	1	0	0	0	0	0	0	0	0	0	0	0	0	0	1	1	1	0	0	1	0	0	0	0	0	0	1	0	1	1	0	0	0	0	0	0	0	1	0	980	2
1	0	0	1	0	0	0	0	0	1	1	0	0	1	0	1	1	0	1	0	0	0	0	1	1	1	0	0	0	0	0	0	0	0	0	1	0	0	0	0	0	0	0	0	1	0	0	0	0	0	0	1	0	1	0	0	0	0	0	0	0	0	1	0	1000	2
1	0	0	1	0	0	0	0	0	1	0	0	0	0	0	1	1	0	1	0	0	0	0	1	1	1	0	0	0	0	0	0	0	0	0	0	0	0	0	1	0	1	0	0	1	0	0	0	0	0	0	1	0	1	0	0	0	0	0	0	0	0	1	0	1020	2
1	0	0	1	1	1	0	0	0	1	0	0	0	1	0	1	1	1	1	0	0	1	0	1	0	1	0	0	0	0	0	0	0	0	0	1	0	0	0	1	1	1	0	0	1	0	0	0	0	0	0	1	0	1	0	0	0	0	0	0	0	0	1	0	1040	2
1	0	0	1	1	1	0	0	0	1	1	0	0	1	0	1	1	0	1	0	0	1	0	1	1	1	0	0	0	0	0	0	0	0	0	0	0	0	0	1	0	1	0	0	1	0	0	0	0	0	0	1	0	0	0	0	0	0	0	0	0	0	1	0	1060	2
1	0	0	1	1	0	0	0	0	1	0	0	0	1	0	1	1	0	1	0	0	0	0	1	0	1	0	0	0	0	0	0	0	0	0	1	0	0	0	1	1	0	0	0	1	0	0	0	0	0	0	1	0	1	0	0	0	0	0	0	0	0	1	0	1080	2
1	0	0	1	1	1	1	0	0	1	1	0	0	0	0	1	0	1	1	0	0	0	0	1	0	1	0	0	0	0	0	0	1	0	0	0	0	0	0	0	1	0	0	0	1	0	0	0	0	0	0	1	0	0	0	0	1	0	0	0	0	0	1	0	1100	2
1	0	0	1	0	1	0	0	0	1	0	0	0	1	0	1	1	0	0	1	0	0	0	1	0	1	0	0	0	0	0	0	0	0	0	1	1	1	1	0	1	1	0	0	1	0	0	0	0	0	0	1	0	0	1	1	0	1	0	0	0	0	0	0	0	3
1	0	0	1	1	0	0	1	0	1	1	0	0	1	0	1	1	1	0	1	0	0	0	1	0	1	0	1	0	0	0	0	1	0	0	0	1	1	0	1	0	0	0	0	1	0	0	0	0	0	0	1	1	1	0	0	0	1	1	0	0	1	0	0	20	3
1	0	0	1	1	0	1	0	0	0	1	1	0	0	0	1	1	1	0	1	0	0	0	0	1	1	0	1	0	0	0	0	1	0	0	1	1	0	0	1	1	1	0	0	1	0	0	0	0	0	0	1	0	1	0	0	1	1	1	0	0	1	0	0	40	3
1	0	0	1	1	0	1	0	0	1	1	1	1	0	0	1	0	0	0	1	0	1	0	0	1	1	0	1	0	0	0	0	1	1	0	0	1	0	0	0	0	1	0	0	1	1	0	0	0	0	0	1	0	0	1	1	1	1	1	0	0	1	0	0	60	3
1	0	0	1	1	1	1	0	0	0	0	1	1	0	0	1	0	0	0	1	0	1	0	0	1	1	0	1	0	0	0	0	1	0	0	0	1	0	0	0	1	0	0	0	1	1	0	0	0	0	0	1	0	0	0	1	1	1	1	0	0	1	0	0	80	3
1	0	0	1	0	0	1	0	0	1	0	1	1	1	0	1	1	0	0	1	0	0	0	0	1	1	0	1	0	0	0	0	0	1	0	1	1	0	0	0	1	1	0	0	1	0	0	0	0	1	0	1	1	0	0	1	1	1	1	1	0	1	0	0	100	3
1	0	0	1	1	0	1	0	0	1	1	1	1	1	0	1	1	0	0	1	0	1	0	0	1	1	0	1	0	0	0	0	1	1	0	1	1	0	0	0	0	0	0	0	1	1	0	0	0	1	0	0	0	0	0	1	1	1	1	1	0	1	0	0	120	3
1	0	0	1	1	0	1	0	0	1	1	1	1	1	0	1	1	0	0	1	0	1	0	0	1	1	0	1	0	0	0	0	1	1	0	1	1	0	0	0	1	1	0	0	1	1	0	0	0	1	0	0	1	0	0	1	0	1	1	1	0	1	0	0	140	3
1	0	0	1	1	0	1	0	0	1	1	1	1	1	0	1	1	1	0	1	1	1	0	0	1	1	0	1	0	0	0	0	0	1	0	0	1	0	0	1	0	1	0	0	1	1	1	0	0	1	0	1	1	0	0	1	1	1	1	1	0	1	0	0	160	3
1	0	0	1	1	0	0	0	0	1	1	1	1	1	0	1	0	0	0	1	1	1	0	0	1	1	0	1	0	0	0	0	0	1	0	0	1	0	0	0	1	0	0	0	1	1	1	0	0	1	0	1	0	0	0	0	1	1	1	1	0	1	0	0	180	3
1	0	0	1	1	0	0	0	0	1	0	1	1	0	0	1	1	1	0	1	1	1	0	0	1	1	0	1	0	0	0	0	0	1	0	0	1	0	0	1	1	1	0	0	1	1	1	0	0	1	0	1	1	0	0	1	0	1	1	1	0	1	0	0	200	3
1	0	0	1	1	0	0	0	0	1	0	1	1	0	0	1	0	1	0	1	1	1	0	0	1	1	0	1	0	0	0	0	0	1	0	0	1	0	0	0	0	0	0	0	1	1	1	0	0	1	0	0	1	0	0	0	0	1	1	1	0	1	0	0	220	3
1	0	0	1	0	1	0	0	0	0	1	1	1	1	0	1	0	0	0	1	1	1	0	0	1	1	0	1	0	0	0	0	0	1	0	0	1	0	0	0	0	1	0	0	1	1	1	0	0	1	0	1	1	0	0	1	0	1	1	1	0	1	0	0	240	3
1	0	0	1	1	1	0	0	0	1	1	1	1	0	0	1	0	0	0	1	1	1	0	0	1	1	0	1	0	0	0	0	0	1	0	1	1	0	0	0	1	1	0	0	1	1	1	0	0	1	0	0	0	0	0	1	0	1	1	1	0	1	0	1	260	3
1	0	0	1	1	1	0	0	0	1	0	1	1	1	0	1	1	0	0	1	1	1	0	0	1	1	0	1	0	0	0	0	0	1	0	0	1	0	0	1	1	0	0	0	1	1	1	0	0	1	0	0	0	0	0	1	0	1	1	1	0	1	0	0	280	3
1	0	0	1	1	1	0	0	0	1	0	1	1	1	0	1	1	1	0	1	1	1	1	0	1	1	0	1	0	0	0	0	1	1	0	1	1	0	0	1	1	1	0	0	1	1	1	0	0	1	0	1	0	0	0	1	1	1	1	1	0	1	0	0	300	3
1	0	0	1	1	1	0	0	0	1	0	1	1	1	0	1	1	0	0	1	1	1	0	0	1	1	0	1	0	0	0	0	1	1	0	1	1	0	0	1	0	1	0	0	1	1	1	0	0	1	0	0	1	0	0	0	0	1	1	1	0	1	0	0	320	3
1	0	0	1	1	0	1	0	0	0	1	1	1	0	0	1	1	1	0	1	1	1	0	0	1	1	0	1	0	0	0	0	1	1	0	1	1	0	0	1	0	1	0	0	1	1	1	0	0	1	0	0	1	0	0	0	0	1	1	1	0	1	0	0	340	3
1	0	0	1	1	1	0	0	0	1	1	1	1	0	0	1	1	0	0	1	1	1	0	0	1	1	0	1	0	0	0	0	0	1	0	1	1	0	0	1	0	1	0	0	1	1	1	0	0	1	0	0	1	0	0	0	1	1	1	1	0	1	0	0	360	3
1	0	0	1	0	1	1	0	0	1	1	1	1	1	0	1	1	0	0	1	1	0	0	0	1	1	0	1	0	0	0	0	0	1	0	0	1	0	0	1	1	0	0	0	1	1	1	0	0	1	0	0	1	0	0	0	1	1	1	1	0	1	0	0	380	3
1	0	0	1	0	0	0	0	0	1	0	1	1	1	0	1	1	0	0	1	1	1	0	0	1	1	0	1	0	0	0	0	0	1	0	1	1	0	0	0	1	0	0	0	1	1	1	0	0	1	0	0	1	0	0	1	0	1	1	1	0	1	0	1	400	3
1	0	0	1	1	0	1	0	0	1	0	1	1	0	0	1	1	0	0	1	1	1	0	0	1	1	0	1	0	0	0	0	0	1	0	0	1	0	0	0	0	0	0	0	1	1	1	0	0	1	0	1	0	0	0	0	1	1	1	1	0	1	0	0	420	3
1	0	0	1	1	0	0	0	0	1	0	1	1	0	0	1	1	0	0	1	1	1	0	0	1	1	0	1	0	0	0	0	0	1	0	1	1	0	0	1	0	0	0	0	1	0	1	0	0	1	0	0	0	0	0	0	0	1	1	1	0	1	0	0	440	3
1	0	0	1	1	0	1	0	0	1	0	1	1	1	0	1	1	0	0	1	1	1	0	0	1	1	0	1	0	0	0	0	0	1	0	0	1	0	0	0	1	1	0	0	1	1	1	0	0	1	0	1	0	0	0	1	0	1	1	1	0	1	0	0	460	3
1	0	0	1	1	1	0	0	0	1	0	1	1	0	0	1	1	1	0	1	1	0	0	0	1	1	0	1	0	0	0	0	1	1	0	0	1	0	0	0	1	1	0	0	1	1	1	0	0	1	0	0	1	0	0	1	0	1	1	1	0	1	0	0	480	3
1	0	0	1	1	0	0	0	0	1	0	1	1	1	0	1	1	1	0	1	1	0	0	1	1	1	0	1	0	0	0	0	1	1	0	0	1	0	0	1	1	1	0	0	1	1	1	0	0	1	0	1	0	0	0	0	0	1	1	1	0	1	0	0	500	3
1	0	0	1	1	0	1	0	0	1	1	1	1	1	0	1	1	0	0	1	1	1	1	0	1	1	0	1	0	0	0	0	0	1	0	0	1	0	0	1	1	0	0	0	1	1	1	0	0	1	0	1	1	0	0	0	1	1	1	1	0	1	0	0	520	3
1	0	0	1	0	1	0	0	0	1	0	1	1	1	0	1	1	0	0	1	1	1	0	0	1	1	0	1	0	0	0	0	1	1	0	1	1	0	0	1	1	0	0	0	1	1	1	0	0	1	0	0	1	0	0	1	1	1	1	1	0	1	0	0	540	3
1	0	0	1	0	1	1	0	0	1	0	1	1	1	0	1	1	0	0	1	1	1	1	0	1	1	0	1	0	0	0	0	0	1	0	0	1	0	0	0	1	0	0	0	1	1	1	0	0	1	0	1	0	0	0	1	0	1	1	1	0	1	0	0	560	3
1	0	0	1	1	0	1	0	0	1	0	1	1	1	0	1	1	0	0	1	1	1	0	1	1	1	0	1	0	0	0	0	0	0	0	0	1	0	0	0	1	0	0	0	1	0	1	0	0	1	0	1	1	1	0	0	0	1	1	1	0	1	0	0	580	3
1	0	0	1	0	1	0	0	0	1	0	1	1	0	0	1	1	1	0	1	1	0	1	1	1	1	0	0	0	0	0	0	0	0	0	0	1	0	0	1	0	1	0	0	1	0	1	0	0	1	0	1	1	0	1	1	1	1	1	1	0	1	0	0	600	3
1	0	0	1	1	1	0	0	0	0	0	1	1	1	0	1	0	0	0	1	1	0	0	1	1	1	0	0	0	0	0	0	0	0	0	1	1	1	1	1	0	1	0	0	1	0	1	0	0	1	0	1	0	0	1	0	0	1	0	1	0	1	0	0	620	3
1	0	0	1	0	0	0	0	0	1	0	1	1	1	0	1	0	0	0	1	1	1	0	1	1	1	0	0	0	0	0	0	0	0	0	0	1	1	1	0	1	1	0	0	1	0	1	0	0	1	0	1	1	0	1	0	0	1	0	1	0	1	0	0	640	3
1	0	0	1	1	0	0	0	0	1	0	1	1	1	0	1	1	1	0	1	1	1	0	1	1	0	0	0	0	0	0	0	0	0	0	0	1	1	1	0	0	1	1	0	1	0	1	0	0	1	0	1	0	1	0	1	0	1	0	1	0	1	0	0	660	3
1	0	0	1	1	0	0	0	0	1	1	1	1	1	0	1	1	1	0	1	1	1	0	1	0	1	0	0	0	0	0	0	1	0	0	0	1	1	1	1	1	1	1	0	1	0	1	0	0	1	0	1	0	0	0	0	0	1	0	1	0	1	0	0	680	3
1	0	0	1	0	0	0	0	0	1	1	1	1	1	0	1	1	1	0	1	1	1	0	1	0	1	0	0	0	0	0	0	0	0	0	0	1	1	1	1	0	0	1	0	1	0	1	0	0	1	0	1	0	0	0	1	0	1	0	1	0	1	0	0	700	3
1	0	0	1	0	0	1	0	0	1	1	1	1	0	0	1	1	0	0	1	1	1	0	1	1	1	0	0	0	0	0	0	1	0	0	0	1	1	1	1	0	0	1	0	1	0	1	0	0	1	0	1	0	0	1	0	0	1	0	1	0	1	0	1	720	3
1	0	0	1	0	1	0	0	0	1	1	1	1	0	0	1	1	0	0	1	1	1	0	1	0	1	0	0	0	0	0	0	1	0	0	0	1	1	1	1	1	0	1	0	1	0	1	0	0	1	0	1	0	0	1	0	0	1	0	1	0	1	0	0	740	3
1	0	0	1	0	0	0	0	0	1	0	1	1	0	0	1	1	1	0	1	1	1	0	1	0	1	0	0	0	0	0	0	0	0	0	0	1	1	1	1	0	0	0	0	1	0	1	0	0	1	0	1	0	0	1	1	0	1	0	1	0	1	0	1	760	3
1	0	0	1	1	0	0	1	0	1	0	1	1	1	0	1	1	0	0	1	1	1	0	1	0	1	0	0	0	0	0	0	0	0	0	0	1	1	1	1	0	0	1	0	1	0	1	0	0	1	0	1	0	0	1	0	0	1	0	1	0	1	0	1	780	3
1	0	0	1	1	0	0	0	0	1	0	1	1	0	0	1	1	0	0	1	1	1	0	1	0	1	0	0	0	0	0	0	0	0	0	1	1	1	1	1	1	1	1	0	1	0	1	0	0	1	0	1	0	0	1	0	0	1	0	1	0	1	0	0	800	3
1	0	0	1	1	0	0	0	0	1	0	1	1	1	0	1	1	0	0	1	1	1	0	1	0	0	0	0	0	0	0	0	0	0	0	0	1	1	1	1	0	1	1	0	1	0	1	0	0	1	0	1	0	1	1	0	0	1	0	1	0	1	0	0	820	3
1	0	0	1	1	0	0	0	0	1	1	1	1	1	0	1	1	1	0	1	1	1	0	1	0	0	0	0	0	0	0	0	0	0	0	1	1	1	1	0	1	0	0	0	1	0	1	0	0	1	0	1	0	1	1	0	0	1	0	1	0	1	0	0	840	3
1	0	0	1	1	0	0	0	0	1	1	1	1	1	0	1	0	0	0	1	1	1	0	1	1	1	0	0	0	0	0	0	1	0	0	0	1	1	1	0	1	1	0	0	1	0	1	0	0	1	0	1	0	0	1	0	0	1	0	1	0	1	0	0	860	3
1	0	0	1	1	1	0	0	0	1	0	1	1	1	0	1	1	1	0	1	1	1	0	1	0	1	0	0	0	0	0	0	1	0	0	1	1	1	1	0	1	0	0	0	1	0	1	0	0	1	0	1	0	0	1	1	0	1	0	1	0	1	0	1	880	3
1	0	0	1	1	0	0	0	0	1	1	1	1	1	0	1	1	0	0	1	1	1	0	1	0	1	0	0	0	0	0	0	0	0	0	1	1	1	1	1	1	1	0	0	1	0	1	0	0	1	0	1	1	0	1	1	1	1	0	1	0	1	0	1	900	3
1	0	0	1	1	0	0	0	0	1	0	1	1	0	0	1	1	0	0	1	1	1	0	1	0	1	0	0	0	0	0	0	1	0	0	1	1	1	1	1	0	1	0	0	1	0	1	0	0	1	0	1	1	0	0	1	1	1	0	1	0	1	0	0	920	3
1	0	0	1	1	0	1	0	0	1	0	1	1	0	0	1	0	1	0	1	1	1	0	1	0	1	0	0	0	0	0	0	0	0	0	1	1	1	1	0	0	1	0	0	1	0	1	0	0	1	0	1	1	1	1	0	1	1	0	1	0	1	0	0	940	3
1	0	0	1	1	1	1	0	0	1	0	1	1	1	0	1	1	0	0	1	1	1	0	1	1	1	0	0	0	0	0	0	1	0	0	1	1	1	1	0	1	0	0	0	1	0	1	0	0	1	0	1	0	1	1	0	0	1	0	1	0	1	0	1	960	3
1	0	0	1	1	0	0	0	0	1	0	1	1	0	0	1	1	0	0	1	1	1	0	1	1	1	0	0	0	0	0	0	0	0	0	1	1	1	1	1	0	1	0	0	1	0	1	0	0	1	0	1	1	1	1	0	0	1	0	1	0	1	0	0	980	3
1	0	0	1	1	0	0	0	0	1	0	1	1	1	0	1	1	0	0	1	1	1	0	1	1	1	0	0	0	0	0	0	0	0	0	0	1	1	1	1	0	1	0	0	1	0	1	0	0	1	0	1	1	0	1	0	0	1	0	1	0	1	0	0	1000	3
1	0	0	1	1	0	1	0	0	1	0	1	1	0	0	1	1	0	0	1	1	1	0	1	1	1	0	0	0	0	0	0	1	0	0	0	1	1	1	0	0	1	0	0	1	0	1	0	0	1	0	1	1	1	0	0	0	1	0	1	0	1	0	0	1020	3
1	0	0	1	1	1	0	0	0	0	1	1	1	0	0	1	1	0	0	1	1	1	0	1	1	1	0	0	0	0	0	0	0	0	0	1	1	1	1	0	0	1	0	0	1	0	1	0	0	1	0	1	0	0	0	0	0	1	0	1	0	1	0	0	1040	3
1	0	0	1	1	0	0	0	0	1	1	1	1	1	0	1	1	0	0	1	1	1	0	1	1	1	0	0	0	0	0	0	0	0	0	1	1	1	0	1	1	1	1	0	1	0	1	0	0	1	0	1	1	0	0	1	1	1	0	1	0	1	0	0	1060	3
1	0	0	1	1	0	0	0	0	1	1	1	1	1	0	1	1	0	0	1	1	1	0	1	1	1	0	0	0	0	0	0	1	0	0	0	1	1	1	1	1	1	0	0	1	0	1	0	0	1	0	1	1	0	1	1	1	1	0	1	0	1	0	0	1080	3
1	0	0	1	1	0	0	0	0	0	1	1	1	0	0	1	1	0	0	1	1	1	0	1	0	1	0	0	0	0	0	0	0	0	0	1	1	1	1	1	0	1	1	0	1	0	1	0	0	1	0	1	1	1	1	0	1	1	0	1	0	1	0	0	1100	3
1	0	0	1	1	0	1	0	0	0	0	0	0	1	0	1	1	0	0	1	0	0	0	1	1	1	0	0	0	0	0	0	0	0	0	1	1	1	1	1	1	0	0	0	1	0	0	0	0	0	0	1	1	1	0	1	0	1	0	0	0	0	0	0	0	4
1	0	0	1	1	1	1	0	0	1	0	1	0	1	0	1	1	1	0	1	0	0	0	1	1	1	0	0	0	0	0	0	0	0	0	1	1	1	1	1	1	0	0	0	1	1	0	0	0	0	0	1	1	0	0	1	1	1	0	0	0	1	0	0	20	4
1	0	0	0	1	1	0	0	0	1	0	1	0	0	0	1	1	0	0	1	0	0	0	1	0	1	0	0	0	0	0	0	0	0	0	0	1	1	1	1	0	1	0	0	1	1	0	0	0	0	0	1	1	1	0	1	0	1	0	0	0	1	0	0	40	4
1	0	0	0	0	1	1	0	0	1	0	1	0	0	0	1	1	1	1	1	0	1	0	1	0	0	0	0	0	1	0	0	1	0	0	0	1	1	1	0	1	0	0	0	1	1	0	0	0	0	0	1	1	1	0	0	0	1	0	0	0	0	0	0	60	4
1	0	0	0	1	0	1	0	0	1	0	0	0	1	0	1	1	1	1	1	0	0	1	1	0	1	0	0	0	1	0	0	0	0	0	0	1	1	1	0	1	1	1	0	1	1	0	0	0	0	0	1	1	0	0	1	0	1	0	0	0	0	0	0	80	4
1	0	0	0	1	1	0	0	0	1	1	0	0	1	0	1	1	0	1	1	0	1	1	1	0	1	0	0	0	1	0	0	0	0	0	0	1	0	1	1	0	1	0	0	1	1	0	0	0	0	0	1	1	1	0	1	1	1	0	0	0	0	0	0	100	4
1	0	0	0	1	0	1	0	0	1	0	0	0	1	0	1	0	0	1	1	0	1	1	1	0	0	0	0	0	1	0	0	0	0	0	0	1	0	1	0	0	1	0	0	1	1	0	0	0	0	0	1	1	1	0	1	0	1	0	0	0	0	0	0	120	4
1	0	0	0	0	1	0	0	0	1	0	0	0	1	0	1	1	0	1	1	0	1	0	1	0	0	0	0	0	1	0	0	1	0	0	0	1	0	1	0	0	1	1	0	1	1	0	0	0	0	0	1	1	1	0	1	1	1	0	0	0	0	0	0	140	4
1	0	0	0	0	0	1	0	0	0	0	0	0	1	0	1	1	0	1	1	0	1	1	1	0	0	0	0	0	1	0	0	0	0	0	1	1	0	1	0	1	1	1	0	1	1	0	0	0	0	0	1	1	0	0	1	0	1	0	0	0	0	0	0	160	4
1	0	0	1	0	1	1	0	0	1	0	0	0	1	0	1	1	1	1	1	0	0	1	1	0	1	0	0	0	1	0	0	0	0	0	0	1	0	1	0	0	1	1	0	1	1	0	0	0	0	0	1	1	1	0	1	0	1	0	0	0	0	0	0	180	4
1	0	0	0	0	1	1	0	0	1	1	0	0	1	0	1	1	1	1	1	0	1	1	1	0	1	0	0	0	1	0	0	0	0	0	0	1	0	1	0	1	0	0	0	1	1	0	0	0	0	0	1	1	0	0	0	0	1	0	0	0	0	0	0	200	4
1	0	0	1	1	1	1	0	0	1	0	0	0	1	0	1	1	1	1	1	0	1	1	1	0	0	0	0	0	1	0	0	0	0	0	0	1	0	1	0	1	1	1	0	1	1	0	0	0	0	0	1	1	0	0	1	0	1	0	0	1	0	0	0	220	4
1	0	0	1	0	1	1	0	0	1	1	0	0	1	0	1	1	1	1	1	0	1	1	1	0	0	0	0	0	1	0	0	1	0	0	0	0	0	1	0	0	1	1	0	1	1	0	0	0	0	0	1	1	1	0	1	1	1	0	0	0	0	0	0	240	4
1	0	0	0	0	0	1	0	0	0	1	0	0	1	0	1	1	0	1	0	0	0	1	1	0	0	0	0	0	1	0	0	1	0	0	0	0	0	1	1	1	1	0	0	1	1	0	0	0	0	0	1	1	1	0	0	1	1	0	0	0	0	0	0	260	4
1	0	0	0	0	0	0	0	0	1	0	0	0	1	0	1	0	0	1	0	0	0	1	1	0	0	0	0	0	1	0	0	1	0	0	1	0	0	1	1	1	0	1	0	1	1	0	0	0	0	0	1	0	1	0	1	1	1	0	0	0	0	0	1	280	4
1	0	0	0	1	1	0	0	0	1	0	0	0	1	0	1	1	0	1	1	0	0	1	1	0	0	0	0	0	1	0	0	1	0	0	0	0	0	1	0	1	1	1	0	1	1	0	0	0	0	0	1	1	1	0	0	0	1	0	0	0	0	0	0	300	4
1	0	0	0	0	0	0	0	0	1	1	0	0	1	0	1	1	0	1	0	0	1	1	1	0	0	0	0	0	1	0	0	0	0	0	0	0	0	1	0	0	0	0	0	1	1	0	0	0	0	0	1	1	0	0	0	0	1	0	0	1	0	0	0	320	4
1	0	0	0	1	0	0	0	0	1	0	0	0	1	0	1	1	1	1	0	0	0	1	1	0	0	0	0	0	1	0	0	0	0	0	0	0	0	1	1	0	1	1	0	1	1	0	0	0	0	0	1	0	0	0	0	1	0	0	0	0	0	0	0	340	4
1	0	0	0	1	1	0	0	0	0	0	0	0	0	0	1	0	0	1	0	0	0	1	1	0	1	0	0	0	1	0	0	0	0	0	0	0	0	1	0	0	0	0	0	1	1	0	0	0	0	0	1	1	1	0	1	0	0	0	0	0	0	0	1	360	4
1	0	0	1	0	0	0	0	0	1	0	0	0	1	0	1	1	0	1	0	0	0	1	1	0	0	0	0	0	1	0	0	1	0	0	0	0	0	1	0	0	0	0	0	1	1	0	0	0	0	0	1	0	1	0	0	1	1	0	0	0	0	0	0	380	4
1	0	0	0	1	0	0	0	0	1	0	0	0	1	0	1	0	0	1	0	0	0	1	1	0	0	0	0	0	1	0	0	1	0	0	0	0	0	1	0	1	1	0	0	1	1	0	0	0	0	0	1	0	1	0	0	0	0	0	0	0	0	0	0	400	4
1	0	0	0	1	0	0	0	0	1	0	0	0	0	0	1	1	0	1	0	0	0	1	1	0	0	0	0	0	1	0	0	1	0	0	0	0	0	1	1	0	1	0	0	1	1	0	0	0	0	0	1	1	0	0	0	0	0	0	0	0	0	0	0	420	4
1	0	0	0	0	0	0	0	0	1	0	0	0	1	0	1	0	0	1	0	0	0	1	1	0	1	0	0	0	1	0	0	0	0	0	0	0	0	1	1	0	1	1	0	1	1	0	0	0	0	0	1	1	0	0	0	0	0	0	0	0	0	0	0	440	4
1	0	0	0	1	0	0	0	0	1	0	0	0	0	0	1	1	1	1	0	0	0	1	1	0	0	0	0	0	1	0	0	0	0	0	1	0	0	1	0	0	0	1	0	1	1	0	0	0	0	0	1	1	0	0	0	1	0	0	0	0	0	0	0	460	4
1	0	0	0	1	0	0	0	0	1	0	0	0	0	0	1	1	1	1	0	0	0	1	1	0	0	0	0	0	1	0	0	0	0	0	0	0	0	1	1	0	0	0	0	1	1	0	0	0	0	0	1	1	1	0	0	1	0	0	0	0	0	0	0	480	4
1	0	0	0	0	0	1	0	0	1	1	0	0	0	0	1	1	1	1	0	0	0	1	1	0	0	0	0	0	1	0	0	1	0	0	0	0	0	1	1	1	1	1	0	1	1	0	0	0	0	0	1	0	1	0	0	1	0	0	0	0	0	0	0	500	4
1	0	0	0	1	1	0	0	0	0	1	0	0	0	0	1	1	0	1	0	0	0	1	1	0	0	0	0	0	1	0	0	1	0	0	1	0	0	1	0	0	1	1	0	1	1	0	0	0	0	0	1	1	0	0	0	0	0	0	0	1	0	0	0	520	4
1	0	0	0	1	0	0	0	0	1	0	0	0	1	0	1	1	1	1	0	0	1	1	1	0	1	0	0	0	1	0	0	0	0	0	0	0	0	1	1	1	1	1	0	1	1	0	0	0	0	0	1	1	0	0	1	0	0	0	0	0	0	0	0	540	4
1	0	0	0	0	1	1	0	0	1	1	0	0	1	0	1	1	0	1	0	0	0	1	1	0	0	0	0	0	1	0	0	0	0	0	1	0	0	1	0	1	0	0	0	1	1	0	0	0	0	0	1	0	0	0	1	1	0	0	0	0	0	0	0	560	4
1	0	0	1	1	1	0	0	0	1	1	0	0	0	0	1	0	1	1	0	0	0	1	1	0	1	0	0	0	1	0	0	1	0	0	0	0	0	0	0	1	1	0	0	1	0	0	0	0	0	0	1	1	0	1	1	0	0	0	0	0	0	1	0	580	4
1	0	0	1	0	0	0	0	0	1	1	0	0	1	0	1	1	0	1	0	0	0	0	1	0	1	0	0	0	0	0	0	0	0	0	0	0	0	0	0	0	1	1	0	1	0	0	0	0	0	0	1	0	0	0	0	0	0	0	0	0	0	1	0	600	4
1	0	0	1	0	0	0	0	0	1	1	0	0	0	0	1	1	1	1	0	0	0	0	1	0	1	0	0	0	0	0	0	0	0	0	1	0	0	0	1	0	1	1	0	1	0	0	0	0	0	0	1	1	0	1	0	1	0	0	0	0	0	1	0	620	4
1	0	0	1	0	0	0	0	0	1	0	0	0	1	0	1	1	1	1	0	0	0	0	1	0	0	0	0	0	0	0	0	1	0	0	0	0	0	0	1	0	1	0	0	1	0	0	0	0	0	0	1	0	0	0	0	0	0	0	0	0	0	1	0	640	4
1	0	0	1	1	0	0	0	0	1	1	0	0	0	0	1	1	0	1	0	0	0	0	1	0	1	0	0	0	0	0	0	0	0	0	1	0	0	0	0	0	1	0	0	1	0	0	0	0	0	0	1	1	1	0	1	0	0	0	0	0	0	1	0	660	4
1	0	0	1	1	1	1	0	0	1	0	0	0	0	0	1	1	1	1	0	0	0	0	1	1	1	0	0	0	0	0	0	0	0	0	0	0	0	0	0	0	1	0	0	1	0	0	0	0	0	0	1	1	1	0	0	0	0	0	0	0	0	1	0	680	4
1	0	0	1	1	0	1	0	0	1	0	0	0	0	0	1	1	1	1	0	0	0	0	1	0	1	0	0	0	0	0	0	0	0	0	0	0	0	0	1	1	1	0	0	1	0	0	0	0	0	0	1	0	0	1	1	0	0	0	0	0	0	1	0	700	4
1	0	0	1	0	0	1	0	0	1	0	0	0	0	0	1	0	0	1	0	0	1	0	1	0	1	0	0	0	0	0	0	0	0	0	1	0	0	0	0	0	1	0	0	1	0	0	0	0	0	0	1	1	1	0	0	0	0	0	0	0	0	1	0	720	4
1	0	0	1	0	1	1	0	0	1	1	0	0	0	0	1	1	0	1	0	0	0	0	1	1	1	0	0	0	0	0	0	0	0	0	0	0	0	0	1	1	1	0	0	1	0	0	0	0	0	0	1	0	0	0	0	0	0	0	0	0	0	1	0	740	4
1	0	0	1	0	0	0	0	0	1	0	0	0	1	0	1	1	0	1	0	0	0	0	1	1	1	0	0	0	0	0	0	0	0	0	0	0	0	0	1	0	1	1	0	1	0	0	0	0	0	0	1	0	0	0	0	0	0	0	0	0	0	1	0	760	4
1	0	0	1	0	0	0	0	0	0	0	0	0	0	0	1	1	1	1	0	0	0	0	1	0	1	0	0	0	0	0	0	0	0	0	0	0	0	0	0	0	0	0	0	1	0	0	0	0	0	0	1	1	0	1	0	1	0	0	0	0	0	1	0	780	4
1	0	0	1	0	0	1	0	0	0	0	0	0	0	0	1	0	1	1	0	0	0	0	1	0	1	0	0	0	0	0	0	0	0	0	0	0	0	0	0	0	0	0	0	1	0	0	0	0	0	0	1	0	1	0	0	0	0	0	0	0	0	1	0	800	4
1	0	0	1	0	0	0	0	0	0	0	0	0	0	0	1	1	1	1	0	0	0	0	1	0	1	0	0	0	0	0	0	0	0	0	0	0	0	0	0	0	0	1	0	1	0	0	0	0	0	0	1	0	1	1	0	1	0	0	0	0	0	1	0	820	4
1	0	0	1	0	0	0	0	0	1	0	0	0	0	0	1	1	1	1	0	0	0	0	1	1	1	0	0	0	0	0	0	0	0	0	0	0	0	0	0	0	0	0	0	1	0	0	0	0	0	0	1	1	1	1	1	1	0	0	0	0	0	1	0	840	4
1	0	0	1	1	0	0	0	0	0	0	0	0	0	0	1	1	1	1	0	0	0	0	1	0	1	0	0	0	0	0	0	0	0	0	1	0	0	0	0	0	1	0	0	1	0	0	0	0	0	0	1	0	1	0	0	0	0	0	0	0	0	1	0	860	4
1	0	0	1	1	0	1	0	0	0	1	0	0	0	0	1	1	1	1	0	0	0	0	1	0	1	0	0	0	0	0	0	0	0	0	0	0	0	0	1	0	1	0	0	1	0	0	0	0	0	0	1	1	1	0	0	1	0	0	0	0	0	1	0	880	4
1	0	0	1	1	1	1	0	0	1	1	0	0	1	0	1	1	1	1	0	0	0	0	1	0	1	0	0	0	0	0	0	0	0	0	0	0	0	0	0	0	1	0	0	1	0	0	0	0	0	0	1	0	0	1	0	0	0	0	0	0	0	1	0	900	4
1	0	0	1	0	0	1	0	0	1	0	0	0	1	0	1	1	0	1	0	0	0	0	1	1	1	0	0	0	0	0	0	0	0	0	0	0	0	0	1	0	1	0	0	1	0	0	0	0	0	0	1	1	0	0	0	0	0	0	0	0	0	1	1	920	4
1	0	0	1	1	1	0	0	0	1	0	0	0	0	0	1	0	1	1	0	0	0	0	1	0	1	0	0	0	0	0	0	1	0	0	1	0	0	0	1	0	0	0	0	1	0	0	0	0	0	0	1	0	1	0	1	0	0	0	0	0	0	1	0	940	4
1	0	0	1	1	0	1	0	0	1	0	0	0	1	0	1	1	1	1	0	0	0	0	1	0	1	0	0	0	0	0	0	0	0	0	0	0	0	0	0	0	1	0	0	1	0	0	0	0	0	0	1	0	1	0	1	0	0	0	0	0	0	1	0	960	4
1	0	0	1	0	0	0	0	0	0	0	0	0	1	0	1	1	1	1	0	0	0	1	1	0	1	0	0	0	0	0	0	1	0	0	0	0	0	0	0	1	1	0	0	1	0	0	0	0	0	0	1	0	1	1	1	0	0	0	0	0	0	1	1	980	4
1	0	0	1	0	0	0	0	0	0	0	0	0	0	0	1	1	1	1	0	0	0	1	1	0	0	0	0	0	0	0	0	0	0	0	0	0	0	0	1	0	1	0	0	1	0	0	0	0	0	0	1	1	1	0	1	0	0	0	0	0	0	1	0	1000	4
1	0	0	1	0	0	1	0	0	1	1	0	0	1	0	1	1	1	1	0	0	0	0	1	0	1	0	0	0	0	0	0	0	0	0	0	0	0	0	0	0	1	0	0	1	0	0	0	0	0	0	1	0	0	1	1	0	0	0	0	0	0	1	0	1020	4
1	0	0	1	1	0	0	0	0	1	0	0	0	0	0	1	1	1	1	0	0	0	1	1	0	1	0	0	0	0	0	0	0	0	0	0	0	0	0	1	1	1	0	0	1	0	0	0	0	0	0	1	1	0	0	1	0	0	0	0	0	0	1	0	1040	4
1	0	0	1	1	0	1	0	0	0	0	0	0	1	0	1	1	0	0	0	0	0	0	1	0	1	0	0	0	0	0	0	0	0	0	0	0	0	0	1	0	1	0	0	1	0	0	0	0	0	0	1	1	1	1	0	0	0	0	0	0	0	1	0	1060	4
1	0	0	1	1	1	0	0	0	1	0	0	0	1	0	1	1	0	0	1	0	0	0	1	0	1	0	0	0	0	0	0	0	0	0	0	1	0	0	1	0	0	0	0	1	0	0	0	0	0	0	1	0	1	1	0	0	0	0	0	0	0	1	0	1080	4
1	0	0	1	0	0	0	0	0	1	1	0	0	0	0	1	1	1	1	0	0	0	1	1	1	1	0	0	0	0	0	0	1	0	0	0	0	0	0	0	1	0	1	0	1	0	0	0	0	0	0	1	0	1	1	0	0	0	0	0	0	0	1	1	1100	4
1	0	0	1	1	1	1	0	0	1	0	0	0	0	0	1	1	1	0	1	0	0	0	1	0	1	0	0	0	0	0	0	0	0	0	0	1	1	1	0	1	0	1	0	1	0	0	0	0	0	0	1	1	0	1	1	0	1	0	0	0	0	0	0	0	5
1	0	0	1	1	0	0	0	0	1	0	0	0	1	0	1	1	0	0	1	0	1	0	1	0	1	0	0	0	0	0	0	0	0	0	1	1	1	1	0	1	1	0	0	1	0	0	0	0	0	0	1	1	0	0	1	1	1	0	0	0	0	0	0	20	5
1	0	0	1	0	0	0	0	0	1	0	0	0	1	0	1	0	0	0	1	0	1	0	1	0	1	0	0	0	0	0	0	1	0	0	0	1	0	1	0	0	1	0	0	1	0	0	1	0	0	0	1	1	1	1	0	0	1	0	0	0	0	0	1	40	5
0	0	0	1	1	1	0	0	0	1	0	0	0	0	0	1	1	0	0	1	0	1	0	1	0	0	0	0	0	0	0	0	0	0	0	0	1	0	1	0	1	1	0	0	1	0	0	1	0	0	0	1	1	0	1	0	0	1	0	0	0	0	0	1	60	5
0	0	0	1	0	0	0	0	0	1	0	0	0	0	0	1	1	0	0	1	0	1	0	1	1	0	0	0	0	0	0	0	0	0	0	0	1	0	1	0	0	1	0	0	1	0	0	1	0	0	0	1	1	0	1	0	0	1	0	0	0	0	0	1	80	5
0	0	0	1	0	1	0	0	0	1	0	0	0	1	0	1	0	0	0	1	1	1	0	1	0	0	0	0	0	0	0	0	0	0	0	0	1	0	1	0	0	1	0	0	1	0	0	1	0	0	0	1	0	1	1	1	0	1	0	0	0	0	0	1	100	5
0	0	0	1	1	1	1	0	0	1	0	0	0	1	0	1	1	0	0	1	1	1	0	1	1	0	0	0	0	0	0	0	1	0	0	0	1	0	0	0	1	1	0	0	1	0	0	1	0	0	0	1	1	0	0	1	0	1	0	0	0	0	0	1	120	5
0	1	0	1	1	1	0	0	0	1	1	0	0	0	0	1	0	0	0	1	1	1	0	1	0	0	0	0	0	0	0	0	1	0	0	0	1	0	1	1	1	1	0	0	1	0	0	1	0	0	0	1	1	0	0	1	1	1	0	0	0	0	0	0	140	5
0	0	0	1	1	0	0	0	0	0	0	0	0	0	0	1	1	1	0	1	1	1	0	1	0	0	0	0	0	0	0	0	0	0	0	0	1	0	1	1	0	1	0	0	1	0	0	1	0	0	0	1	0	0	1	0	0	1	0	0	0	0	0	1	160	5
0	1	0	1	0	1	1	1	0	1	1	0	0	1	0	1	1	0	0	1	1	1	0	1	1	0	0	0	0	0	0	0	0	0	0	1	1	0	1	1	1	1	0	0	1	0	0	1	0	0	0	1	0	1	1	1	0	1	0	0	0	0	0	1	180	5
0	1	0	1	1	0	0	0	0	0	0	0	0	1	0	1	1	0	0	1	1	1	0	1	1	0	0	0	0	0	0	0	0	0	0	1	1	0	1	1	1	1	0	0	1	0	0	1	0	0	0	1	1	0	1	1	0	1	0	0	0	0	0	1	200	5
0	1	0	1	1	0	1	0	0	1	0	0	0	1	0	1	1	0	0	1	1	1	0	1	1	0	0	0	0	0	0	0	0	0	0	0	1	0	1	0	1	1	0	0	1	0	0	1	0	0	0	1	0	0	0	1	1	1	0	0	0	0	0	0	220	5
0	1	0	1	1	1	0	1	0	1	0	0	0	1	0	1	1	0	0	1	1	1	0	1	0	0	0	0	0	0	0	0	0	0	0	1	1	0	1	1	1	1	0	0	1	0	0	1	0	0	0	1	0	1	0	1	0	1	0	0	0	0	0	1	240	5
0	0	0	1	0	1	0	0	0	0	0	0	0	1	0	1	0	0	0	1	1	1	0	1	0	0	0	0	0	0	0	0	1	0	0	0	1	0	0	0	0	1	0	0	1	0	0	1	0	0	0	1	0	0	1	0	0	1	0	0	0	0	0	0	260	5
0	1	0	1	0	0	0	0	0	1	0	1	0	1	0	1	0	0	0	1	1	1	0	1	0	0	0	0	0	0	0	0	1	0	0	1	1	0	1	1	0	0	0	0	1	0	0	1	0	0	0	1	0	1	0	1	0	1	0	0	0	0	0	1	280	5
0	1	0	1	1	0	1	0	0	1	0	0	0	1	0	1	0	1	0	1	1	0	0	1	1	0	0	0	0	0	0	0	1	0	0	1	1	0	1	0	1	1	0	0	1	0	0	1	0	0	0	1	0	1	0	1	1	1	0	0	0	0	0	1	300	5
0	1	0	1	0	0	0	1	0	0	0	0	0	1	0	1	0	0	0	1	1	0	0	1	0	0	0	0	0	0	0	0	1	0	0	1	1	0	1	0	1	1	0	0	1	0	0	1	0	0	0	1	0	0	0	0	0	1	0	0	0	0	0	1	320	5
0	1	0	1	0	0	0	0	0	1	0	0	0	0	0	1	1	1	0	1	1	1	0	1	0	0	0	0	0	0	0	0	0	0	0	0	1	0	1	0	1	0	0	0	1	0	0	1	0	0	0	1	1	1	0	0	1	1	0	0	0	0	0	1	340	5
0	1	0	1	1	0	1	0	0	1	0	0	0	1	0	1	1	1	0	1	1	0	0	1	1	0	0	0	0	0	0	0	0	0	0	0	1	0	1	0	0	1	0	0	1	0	0	1	0	0	0	1	1	1	1	1	0	1	0	0	0	0	0	1	360	5
0	1	0	1	1	0	0	0	0	1	1	0	0	0	0	1	0	1	0	1	1	0	0	1	1	0	0	0	0	0	0	0	0	0	0	1	1	0	1	0	1	1	0	0	1	0	0	1	0	0	0	1	0	1	0	0	0	1	0	0	0	0	0	0	380	5
0	1	0	1	0	0	0	0	0	1	1	0	0	1	0	1	1	1	0	1	1	0	0	1	1	0	0	0	0	0	0	0	1	0	0	0	1	0	1	1	1	1	0	0	1	0	0	1	0	0	0	1	0	0	0	0	0	1	0	0	0	0	0	1	400	5
0	1	0	1	1	0	1	0	0	1	0	0	0	0	0	1	1	0	0	1	1	1	0	1	0	0	0	0	0	0	0	0	0	0	0	1	1	0	1	1	0	0	0	0	1	0	0	1	0	0	0	1	1	1	1	1	0	1	0	0	0	0	0	1	420	5
0	1	0	1	0	0	0	0	0	1	0	0	0	0	0	1	1	0	0	1	1	1	0	1	0	0	0	0	0	0	0	0	0	0	0	0	1	0	0	0	0	1	0	0	1	0	0	1	0	0	0	1	0	1	1	0	0	1	0	0	0	0	0	0	440	5
0	1	0	1	1	0	0	0	0	0	0	0	0	0	0	1	1	0	0	1	0	1	0	0	1	0	0	0	0	0	0	0	0	0	0	1	1	0	1	0	1	0	0	0	1	0	0	1	0	0	0	1	0	1	0	1	0	1	0	0	0	0	0	1	460	5
0	1	0	1	1	1	0	0	0	0	0	0	0	0	0	1	1	0	0	1	1	1	0	1	1	0	0	0	0	0	0	0	0	0	0	0	1	0	1	0	0	1	0	0	1	0	0	1	0	0	0	1	0	1	1	0	0	1	0	0	0	0	0	1	480	5
0	1	0	1	0	1	0	0	0	1	1	1	0	1	0	1	1	0	0	1	1	1	0	1	0	0	0	0	0	0	0	0	1	0	0	1	1	0	1	0	0	1	0	0	1	0	0	1	0	0	0	1	0	1	0	1	1	1	0	0	0	1	0	0	500	5
0	1	0	1	1	0	0	0	0	1	1	1	0	1	0	1	1	1	0	1	1	1	0	1	0	0	0	0	0	0	0	0	0	0	0	0	1	0	0	0	1	1	0	0	1	0	0	1	0	0	0	1	0	1	0	0	0	1	0	0	0	1	0	0	520	5
0	1	0	1	1	0	1	0	0	1	0	1	0	1	0	1	1	0	0	1	1	0	1	1	0	0	0	0	0	0	0	0	0	0	0	0	1	0	1	0	1	1	0	0	1	0	0	1	0	0	0	1	0	1	1	0	0	1	0	0	0	1	0	1	540	5
0	1	0	1	1	0	0	1	0	1	0	0	0	1	0	1	1	1	0	1	1	0	0	1	0	0	0	0	0	0	0	0	0	0	0	1	1	0	1	1	1	1	0	0	1	0	0	1	0	0	0	1	1	0	1	1	0	1	0	0	0	1	0	1	560	5
0	1	0	1	0	0	1	0	0	0	0	0	0	1	0	1	1	0	0	1	1	1	0	1	0	0	0	0	0	0	0	0	1	0	0	0	1	1	1	1	0	1	0	0	1	0	0	0	0	0	0	1	0	1	1	1	0	1	0	0	0	0	0	0	580	5
0	1	0	1	1	1	1	0	0	1	0	0	0	1	0	1	1	0	0	1	1	0	0	1	0	1	0	0	0	0	0	0	0	0	0	1	1	1	1	1	1	1	0	0	1	0	0	0	0	0	0	1	0	0	1	1	0	1	0	0	0	0	0	0	600	5
1	1	0	1	1	1	0	0	0	0	0	0	0	1	0	1	1	0	0	1	0	0	0	1	0	0	0	0	0	0	0	0	1	0	0	0	1	1	1	1	1	0	0	0	1	0	0	0	0	0	0	1	1	1	1	0	0	1	0	0	0	1	0	0	620	5
1	0	0	1	0	1	1	1	0	1	1	0	0	0	0	1	1	0	0	1	0	1	0	1	0	0	0	0	0	0	0	0	0	0	0	0	1	1	1	1	1	0	0	0	1	0	0	0	0	0	0	1	0	0	1	0	0	1	0	0	0	1	0	0	640	5
1	1	0	1	1	1	0	0	0	1	1	0	0	1	0	1	1	0	0	1	0	0	1	1	1	1	0	0	0	0	0	0	0	0	0	0	1	1	1	0	1	0	0	0	1	0	0	0	0	0	0	1	1	0	1	1	0	1	0	0	0	1	0	1	660	5
1	0	0	1	0	0	1	0	0	1	0	0	0	0	0	1	1	0	0	1	1	0	0	1	0	1	0	0	0	0	0	0	0	0	0	1	1	1	1	0	1	0	0	0	1	0	0	0	0	0	0	1	1	0	1	0	0	1	0	0	0	0	0	0	680	5
1	0	0	1	0	1	0	0	0	1	0	0	0	1	0	1	0	0	0	1	1	0	0	1	1	1	0	0	0	0	0	0	0	0	0	0	1	1	1	1	0	1	1	0	1	0	0	0	0	0	0	1	1	0	1	1	0	1	0	0	0	0	0	0	700	5
1	0	0	1	0	0	0	0	0	1	0	0	0	1	0	1	1	1	0	1	0	1	0	1	0	1	0	0	0	0	0	0	0	0	0	0	1	1	1	1	0	1	1	0	1	0	0	0	0	0	0	1	1	0	0	1	0	1	0	0	0	0	0	0	720	5
1	0	0	1	1	0	0	0	0	1	0	0	0	1	0	1	1	1	0	1	0	0	0	1	1	1	0	0	0	0	0	0	0	0	0	0	1	1	1	1	0	0	1	0	1	0	0	0	0	0	0	1	0	0	1	0	0	1	0	0	0	0	0	0	740	5
1	0	0	1	1	0	0	0	0	1	0	0	0	1	0	1	1	0	0	1	0	0	0	1	0	1	0	0	0	0	0	0	0	0	0	0	1	1	1	1	0	1	1	0	1	0	0	0	0	0	0	1	0	1	1	0	1	1	0	0	0	0	0	1	760	5
1	0	0	1	0	1	0	0	0	1	0	0	0	0	0	1	1	1	0	1	0	0	0	1	0	1	0	0	0	0	0	0	0	0	0	0	1	1	1	0	0	0	0	0	1	0	0	0	0	0	0	1	1	1	1	1	0	1	0	0	0	0	0	0	780	5
1	0	0	1	1	0	1	0	0	0	0	0	0	1	0	1	1	0	0	1	0	0	0	1	1	1	0	0	0	0	0	0	0	0	0	0	1	1	1	1	1	0	1	0	1	0	0	0	0	0	0	1	0	0	0	0	1	1	0	0	0	0	0	0	800	5
1	0	0	1	1	0	0	0	0	1	0	0	0	0	0	1	1	1	0	1	0	0	0	1	0	1	0	0	0	0	0	0	0	0	0	0	1	1	1	0	0	0	0	0	1	0	0	0	0	0	0	1	0	0	0	0	0	1	0	0	0	0	0	0	820	5
1	0	0	1	1	1	0	0	0	1	0	0	0	1	0	1	1	0	0	1	0	0	0	1	0	1	0	0	0	0	0	0	1	0	0	0	1	1	0	0	1	1	1	0	1	0	0	0	0	0	0	1	1	1	1	0	0	1	0	0	0	0	0	0	840	5
1	0	0	1	0	0	0	0	0	1	0	0	0	1	0	1	1	0	0	1	0	0	0	1	1	1	0	0	0	0	0	0	0	0	0	0	1	1	0	0	0	0	1	0	1	0	0	0	0	0	0	1	1	0	1	1	0	1	0	0	0	0	0	0	860	5
1	0	0	1	1	1	1	0	0	1	0	0	0	1	0	1	1	0	0	1	0	0	0	1	0	1	0	0	0	0	0	0	1	0	0	0	1	1	1	0	1	0	1	0	1	0	0	0	0	0	0	1	1	0	0	0	0	1	0	0	0	0	0	0	880	5
1	0	0	1	1	0	1	0	0	1	0	0	0	1	0	1	1	0	0	1	0	0	0	1	0	1	0	0	0	0	0	0	1	0	0	0	1	1	1	1	0	1	1	0	1	0	0	0	0	0	0	1	0	1	0	0	1	1	0	0	0	0	0	0	900	5
1	0	0	1	1	0	0	0	0	1	0	0	0	0	0	1	1	1	0	1	0	1	0	1	0	1	0	0	0	0	0	0	0	0	0	1	1	1	1	1	1	0	1	0	1	0	0	0	0	0	0	1	1	0	0	0	0	1	0	0	0	0	0	1	920	5
1	0	0	1	1	0	1	0	0	1	1	0	0	0	0	1	1	0	0	1	0	0	0	1	0	1	0	0	0	0	0	0	1	0	0	0	1	1	1	1	1	0	0	0	1	0	0	0	0	0	0	1	0	0	1	0	0	1	0	0	0	0	0	0	940	5
1	0	0	1	0	0	0	0	0	1	1	0	0	1	0	1	0	0	0	1	0	0	0	1	0	1	0	0	0	0	0	0	0	0	0	0	1	1	1	1	1	1	0	0	1	0	0	0	0	0	0	1	0	0	1	1	1	1	0	0	0	0	0	0	960	5
1	0	0	1	0	0	0	0	0	1	1	0	0	1	0	1	1	1	0	1	0	0	0	1	0	1	0	0	0	0	0	0	1	0	0	0	1	1	0	1	1	0	0	0	1	0	0	0	0	0	0	1	0	0	0	1	0	1	0	0	0	0	0	0	980	5
1	0	0	1	1	0	1	0	0	1	0	0	0	1	0	1	1	1	0	1	0	0	0	1	1	1	0	0	0	0	0	0	1	0	0	0	1	1	1	0	0	0	0	0	1	0	0	0	0	0	0	1	1	0	1	1	0	1	0	0	0	0	0	0	1000	5
1	0	0	1	1	0	0	0	0	1	0	0	0	0	0	1	1	1	0	1	0	0	1	1	1	1	0	0	0	0	0	0	1	0	0	0	1	1	1	0	1	1	0	0	1	0	0	0	0	0	0	1	0	1	0	1	1	1	0	0	0	0	0	1	1020	5
1	0	0	1	0	0	1	0	0	1	0	0	0	1	0	1	0	0	0	1	0	0	0	1	1	1	0	0	0	0	0	0	1	0	0	0	1	1	1	1	1	0	1	0	1	0	0	0	0	0	0	1	0	1	0	0	0	1	0	0	0	0	0	0	1040	5
1	0	0	1	1	0	0	0	0	1	1	0	0	1	0	1	1	0	0	1	0	0	0	1	1	1	0	0	0	0	0	0	1	0	0	0	1	1	1	1	1	1	1	0	1	0	0	0	0	0	0	1	0	1	1	1	0	1	0	0	0	0	0	0	1060	5
1	0	0	1	1	0	0	0	0	1	0	0	0	1	0	1	1	0	0	1	0	0	0	1	1	1	0	0	0	0	0	0	0	0	0	0	1	1	1	1	0	1	0	0	1	0	0	0	0	0	0	1	0	1	1	1	0	1	0	0	0	0	0	0	1080	5
1	0	0	1	1	0	0	0	0	1	0	0	0	1	0	1	1	1	0	1	0	0	0	1	1	1	0	0	0	0	0	0	0	0	0	0	1	1	1	1	1	1	1	0	1	0	0	0	0	0	0	1	1	1	1	0	1	1	0	0	0	0	0	0	1100	5
1	0	0	1	0	1	1	0	0	1	1	0	0	1	0	1	1	1	0	1	0	0	0	1	1	1	0	0	0	0	0	0	0	0	0	0	1	1	1	1	1	1	0	0	1	0	0	0	0	0	0	1	0	1	0	1	1	1	0	0	0	0	0	0	0	6
1	0	0	1	1	0	0	1	0	1	0	0	0	0	0	1	0	1	1	1	0	0	0	0	0	1	0	0	0	0	0	0	1	0	0	0	1	1	1	0	0	1	0	0	1	0	0	0	0	0	0	1	0	1	1	0	0	1	0	0	0	0	0	0	20	6
1	0	0	1	1	0	1	1	0	1	1	0	0	0	0	1	0	1	1	1	0	0	0	0	0	0	0	0	0	0	0	0	1	0	0	1	1	1	1	0	0	1	0	0	1	0	0	1	0	0	0	1	1	0	0	1	1	1	0	0	0	0	0	0	40	6
1	0	0	1	1	0	1	1	0	1	1	0	0	1	0	1	0	0	1	1	0	0	0	0	1	1	0	0	0	0	0	0	1	0	0	1	1	1	1	0	1	0	0	0	1	0	0	0	0	0	0	1	0	0	1	0	1	1	0	0	0	0	0	1	60	6
1	0	0	1	1	0	0	1	0	1	0	0	0	0	0	1	0	1	1	1	0	0	0	0	1	1	0	0	0	0	0	0	1	0	0	0	1	1	0	1	0	1	0	0	1	0	0	0	0	0	0	1	0	0	1	1	0	1	0	0	0	0	0	0	80	6
1	0	0	1	1	0	0	1	0	0	0	0	0	1	0	1	0	1	1	1	0	1	0	0	1	1	0	0	0	0	0	0	1	0	0	0	1	1	0	0	1	1	0	0	1	0	0	0	0	0	0	1	1	0	1	1	0	1	0	0	0	0	0	0	100	6
1	0	0	1	1	0	1	1	0	1	0	0	0	0	0	1	0	1	1	1	0	0	0	0	1	1	0	0	0	0	0	0	1	0	0	0	0	0	0	0	1	1	0	0	1	0	0	0	0	0	0	1	0	0	0	0	1	1	0	0	0	0	0	0	120	6
1	0	0	1	1	0	1	1	0	0	0	0	0	1	0	1	0	0	1	1	0	0	0	0	1	1	0	0	0	0	0	0	1	0	0	1	0	0	0	1	1	1	0	0	1	0	0	0	0	0	0	1	0	0	1	1	1	1	0	0	0	1	0	0	140	6
1	0	0	1	1	0	0	1	0	1	1	0	0	0	0	1	0	0	1	0	0	0	0	0	1	1	0	0	0	0	0	0	1	0	0	0	0	0	0	0	0	1	0	0	1	0	0	0	0	0	0	1	0	0	1	0	0	1	0	0	0	0	0	0	160	6
1	0	0	1	0	0	0	1	0	1	0	0	0	0	0	1	0	0	1	0	0	0	0	0	0	1	0	0	0	0	0	0	1	0	0	1	0	0	0	1	0	1	0	0	1	0	0	0	0	0	0	1	0	0	1	0	0	1	0	0	0	1	0	0	180	6
1	0	0	1	0	0	1	1	0	1	0	0	0	0	0	1	0	0	1	0	0	0	0	0	0	1	0	0	0	0	0	0	1	0	0	1	0	0	0	1	0	1	0	0	1	0	0	0	0	0	0	1	0	0	1	1	0	1	0	0	0	0	0	0	200	6
1	0	0	1	1	0	0	1	0	1	0	0	0	0	0	1	0	0	1	0	0	0	0	0	0	1	0	0	0	0	0	0	1	0	0	1	0	0	0	1	0	1	0	0	1	0	0	0	0	0	0	1	0	0	1	1	0	1	0	0	0	1	0	0	220	6
1	0	0	1	0	0	0	1	0	1	0	0	0	0	0	1	0	1	1	0	0	0	0	0	0	1	0	0	0	0	0	0	1	0	0	0	0	0	0	0	1	1	0	0	1	0	0	0	0	0	0	1	0	0	1	0	0	1	0	0	0	1	1	1	240	6
1	0	0	1	0	1	0	1	0	0	1	0	0	0	0	1	0	0	1	0	0	0	1	0	0	0	0	0	0	0	0	0	1	0	0	0	0	0	0	1	1	1	0	0	1	0	0	0	0	0	0	1	0	0	1	0	0	1	0	0	0	1	1	0	260	6
1	0	0	1	1	0	0	1	0	0	1	0	0	1	0	1	0	0	1	0	0	1	1	0	0	1	0	0	0	0	0	0	1	0	0	1	0	0	0	1	1	0	0	0	1	0	0	0	0	0	0	1	0	0	1	0	0	1	0	0	0	1	1	0	280	6
1	0	0	1	1	0	0	1	0	1	0	0	0	0	0	1	0	1	1	0	0	1	1	0	0	0	0	0	0	0	0	0	1	0	0	0	0	0	0	0	0	0	0	0	1	0	0	0	0	0	0	1	0	0	1	0	0	1	0	0	0	1	0	0	300	6
1	0	0	1	1	0	0	1	0	0	0	0	0	0	0	1	0	0	1	0	0	1	0	0	1	1	0	0	0	0	0	0	1	0	0	0	0	0	0	0	1	0	0	0	1	0	0	0	0	0	0	1	1	0	1	0	1	1	0	0	0	0	1	0	320	6
1	0	0	1	0	1	1	1	0	1	0	0	0	0	0	1	0	0	1	0	0	0	1	0	0	0	0	0	0	0	0	0	1	0	0	0	0	0	0	0	1	0	0	0	1	0	0	0	0	0	0	1	0	0	1	0	0	1	0	0	0	0	1	0	340	6
1	0	0	1	0	0	0	1	0	1	0	0	0	0	0	1	0	0	1	0	0	0	0	0	0	1	0	0	0	0	0	0	1	0	0	1	0	0	0	0	1	0	0	0	1	0	0	0	0	0	0	1	0	0	1	0	0	1	0	0	0	0	1	0	360	6
1	0	0	1	1	0	0	1	0	0	0	0	0	0	0	1	0	0	1	0	0	0	0	0	0	1	0	0	0	0	0	0	1	0	0	0	0	0	0	1	1	0	0	0	1	0	0	0	0	0	0	1	1	0	1	0	0	1	0	0	0	0	1	1	380	6
1	0	0	1	1	0	0	1	0	1	0	0	0	0	0	1	0	0	1	0	0	0	0	0	0	0	0	0	0	0	0	0	1	0	0	0	0	0	0	0	1	0	0	0	1	0	0	0	0	0	0	1	0	0	1	0	0	1	0	0	0	1	1	0	400	6
1	0	0	1	0	0	0	1	0	0	0	0	0	0	0	1	0	0	1	0	0	0	0	0	1	0	0	0	0	0	0	0	1	0	0	0	0	0	0	1	0	0	0	0	1	0	0	0	0	0	0	1	0	0	1	0	1	1	0	0	0	1	1	0	420	6
1	0	0	1	1	0	0	1	0	1	1	0	0	0	0	1	0	0	1	0	0	0	0	0	1	1	0	0	0	0	0	0	1	0	0	1	0	0	0	0	0	1	0	0	1	0	0	0	0	0	0	1	0	0	1	0	0	1	0	0	0	0	1	0	440	6
1	0	0	1	0	0	0	1	0	1	1	0	0	0	0	1	0	1	1	0	0	0	0	0	0	0	0	0	0	0	0	0	1	0	0	1	0	0	0	0	1	0	0	0	1	0	0	0	0	0	0	1	0	0	1	0	1	1	0	0	0	0	1	0	460	6
1	0	0	1	1	0	0	1	0	1	1	0	0	0	0	1	0	0	1	0	0	0	0	0	0	1	0	0	0	0	0	0	1	0	0	1	0	0	0	1	1	0	0	0	1	0	0	0	0	0	0	1	0	0	1	0	0	1	0	0	0	1	1	0	480	6
1	0	0	1	0	0	1	1	0	1	0	0	0	0	0	1	0	0	1	0	0	0	0	0	1	1	0	0	0	0	0	0	1	0	0	0	0	0	0	0	0	0	0	0	1	0	0	0	0	0	0	1	0	0	1	0	0	1	0	0	0	0	1	0	500	6
1	0	0	1	0	0	0	1	0	1	1	0	0	0	0	1	0	0	1	0	0	0	0	0	1	1	0	0	0	0	0	0	1	0	0	0	0	0	0	0	1	0	0	0	1	0	0	0	0	0	0	1	0	0	1	0	0	1	0	0	0	1	1	0	520	6
1	0	0	1	0	0	0	1	0	1	0	0	0	0	0	1	0	0	1	0	0	0	0	0	1	1	0	0	0	0	0	0	1	0	0	1	0	0	0	1	0	1	0	0	1	0	0	0	0	0	0	1	1	0	1	1	0	1	0	0	0	1	1	0	540	6
1	0	0	1	0	0	0	1	0	1	0	0	0	0	0	1	0	1	1	0	0	0	0	0	1	1	0	0	0	0	0	0	1	0	0	0	0	0	0	1	0	0	0	0	1	0	0	0	0	0	0	1	0	0	1	0	1	1	0	0	0	1	1	0	560	6
1	0	0	1	0	0	0	0	0	1	0	0	0	0	0	1	0	0	1	0	0	0	1	0	1	0	0	0	0	0	0	0	1	0	0	1	0	0	0	1	0	0	0	0	1	0	0	0	0	0	0	1	1	0	1	0	1	1	0	0	0	0	1	0	580	6
1	0	0	1	0	0	1	0	0	1	0	0	0	0	0	1	0	0	1	0	0	0	0	1	1	1	0	0	0	0	0	0	1	0	0	0	0	0	0	0	0	1	1	0	1	0	0	0	0	0	0	1	1	1	0	0	0	1	0	0	0	0	1	0	600	6
1	0	0	1	0	0	1	0	0	1	0	0	0	1	0	1	0	1	1	0	0	0	0	1	1	1	0	0	0	0	0	0	0	0	0	0	0	0	0	1	0	0	0	0	1	0	0	0	0	0	0	1	0	1	1	0	1	0	0	0	0	0	1	0	620	6
1	0	0	1	1	1	1	0	0	0	0	0	0	1	0	1	0	1	1	0	0	0	0	1	0	0	0	0	0	0	0	0	0	0	0	0	0	0	0	0	0	1	0	0	1	0	0	0	0	0	0	1	0	1	1	0	1	0	0	0	0	0	1	0	640	6
1	0	0	1	1	0	1	0	0	1	1	0	0	0	0	1	0	0	1	0	0	0	0	1	0	1	0	0	0	0	0	0	1	0	0	0	0	0	0	1	1	1	0	0	1	0	0	0	0	0	0	1	0	1	1	1	1	0	0	0	0	0	1	0	660	6
1	0	0	1	0	0	1	0	0	1	1	0	0	1	0	1	1	0	1	0	0	0	0	1	0	1	0	0	0	0	0	0	0	0	0	0	0	0	0	1	0	1	0	0	1	0	0	0	0	0	0	1	0	1	1	0	0	0	0	0	0	0	1	1	680	6
1	0	0	1	1	0	1	0	0	1	0	0	0	0	0	1	0	1	1	0	0	0	0	1	0	1	0	0	0	0	0	0	0	0	0	0	0	0	0	0	1	0	0	0	1	0	0	0	0	0	0	1	0	1	1	1	0	0	0	0	0	0	1	0	700	6
1	0	0	1	0	1	0	0	0	1	0	0	0	0	0	1	1	0	1	0	0	0	0	1	0	1	0	0	0	0	0	0	0	0	0	0	0	0	0	1	0	1	0	0	1	0	0	0	0	0	0	1	0	1	1	1	0	0	0	0	0	0	1	0	720	6
1	0	0	1	0	0	0	0	0	1	0	0	0	0	0	1	1	0	1	0	0	0	0	1	1	1	0	0	0	0	0	0	0	0	0	0	0	0	0	1	0	1	0	0	1	0	0	0	0	0	0	1	0	0	1	0	0	0	0	0	0	0	1	0	740	6
1	0	0	1	0	0	0	0	0	1	0	0	0	1	0	1	1	1	1	0	0	0	0	1	0	1	0	0	0	0	0	0	0	0	0	0	0	0	0	0	0	0	0	0	1	0	0	0	0	0	0	1	0	1	1	1	0	0	0	0	0	0	1	0	760	6
1	0	0	1	0	0	1	0	0	1	0	0	0	1	0	1	1	0	1	0	0	0	0	1	0	1	0	0	0	0	0	0	0	0	0	1	0	0	0	0	1	1	0	0	1	0	0	0	0	0	0	1	1	0	1	0	0	0	0	0	0	0	1	0	780	6
1	0	0	1	1	0	0	0	0	1	0	0	0	0	0	1	1	1	1	0	0	0	1	1	0	1	0	0	0	0	0	0	0	0	0	0	0	0	0	0	1	0	0	0	1	0	0	0	0	0	0	1	0	0	1	1	0	0	0	0	0	0	1	0	800	6
1	0	0	1	0	0	0	0	0	1	1	0	0	1	0	1	1	1	1	0	0	0	1	1	0	1	0	0	0	0	0	0	0	0	0	0	0	0	0	0	0	1	1	0	1	0	0	0	0	0	0	1	0	1	1	1	0	0	0	0	0	0	1	0	820	6
1	0	0	1	1	0	1	0	0	0	1	0	0	1	0	1	0	0	1	0	0	0	0	1	0	1	0	0	0	0	0	0	0	0	0	0	0	0	0	1	1	0	0	0	1	0	0	0	0	0	0	1	0	1	1	0	0	0	0	0	0	0	1	0	840	6
1	0	0	1	0	0	1	0	0	0	0	0	0	0	0	1	1	0	1	0	0	0	0	1	1	1	0	0	0	0	0	0	0	0	0	1	0	0	0	1	0	0	1	0	1	0	0	0	0	0	0	1	1	0	0	0	0	0	0	0	0	0	1	0	860	6
1	0	0	1	1	1	0	0	0	1	0	0	0	1	0	1	1	0	1	0	0	0	0	1	1	1	0	0	0	0	0	0	0	0	0	0	0	0	0	0	0	1	0	0	1	0	0	0	0	0	0	1	0	1	1	1	0	0	0	0	0	0	1	0	880	6
1	0	0	1	1	0	0	0	0	1	0	0	0	0	0	1	1	0	1	0	0	0	0	1	1	1	0	0	0	0	0	0	0	0	0	0	0	0	0	1	0	0	0	0	1	0	0	0	0	0	0	1	0	1	0	0	0	0	0	0	0	0	1	0	900	6
1	0	0	1	0	1	1	0	0	1	0	0	0	0	0	1	1	0	1	0	0	0	0	1	1	1	0	0	0	0	0	0	0	0	0	0	0	0	0	1	0	1	0	0	1	0	0	0	0	0	0	1	0	0	1	0	0	0	0	0	0	0	1	0	920	6
1	0	0	1	1	0	0	0	0	1	0	0	0	0	0	1	0	0	1	0	0	0	0	1	0	1	0	0	0	0	0	0	0	0	0	0	0	0	0	0	1	1	0	0	1	0	0	0	0	0	0	1	0	0	1	0	0	0	0	0	0	0	1	0	940	6
1	0	0	1	1	0	1	0	0	0	1	0	0	0	0	1	0	0	1	0	0	0	1	1	1	1	0	0	0	0	0	0	0	0	0	0	0	0	0	0	0	1	0	0	1	0	0	0	0	0	0	1	1	1	0	0	0	0	0	0	0	0	1	0	960	6
1	0	0	1	0	0	0	0	0	1	0	0	0	0	0	1	1	0	1	0	0	0	0	1	1	1	0	0	0	0	0	0	0	0	0	0	0	0	0	0	0	1	1	0	1	0	0	0	0	0	0	1	0	1	0	0	1	0	0	0	0	0	1	0	980	6
1	0	0	1	1	0	0	0	0	1	1	0	0	1	0	1	1	0	1	0	0	0	0	1	0	1	0	0	0	0	0	0	1	0	0	0	0	0	0	0	0	1	0	0	1	0	0	0	0	0	0	1	0	1	1	0	0	0	0	0	0	0	1	1	1000	6
1	0	0	1	0	0	0	0	0	1	1	0	0	0	0	1	1	0	1	0	0	0	0	1	1	1	0	0	0	0	0	0	0	0	0	1	0	0	0	1	1	1	1	0	1	0	0	0	0	0	0	1	0	0	0	1	1	0	0	0	0	0	1	1	1020	6
1	0	0	1	0	0	0	0	0	1	0	0	0	0	0	1	1	0	1	0	0	0	0	1	0	1	0	0	0	0	0	0	0	0	0	1	0	0	0	0	1	1	0	0	1	0	0	0	0	0	0	1	1	0	1	1	0	0	0	0	0	0	1	0	1040	6
1	0	0	1	0	0	0	0	0	1	1	0	0	1	0	1	1	1	1	0	0	0	0	1	0	1	0	0	0	0	0	0	1	0	0	1	0	0	0	1	1	1	1	0	1	0	0	0	0	0	0	1	0	0	1	1	0	0	0	0	0	0	1	0	1060	6
1	0	0	1	0	0	0	0	0	1	1	0	0	0	0	1	1	0	1	0	0	0	0	1	1	1	0	0	0	0	0	0	0	0	0	0	0	0	0	0	1	0	0	0	1	0	0	0	0	0	0	1	0	1	1	1	0	0	0	0	0	0	1	0	1080	6
1	0	0	1	0	0	0	0	0	1	0	0	0	1	0	1	1	1	1	0	0	0	0	1	1	0	0	0	0	0	0	0	1	0	0	0	0	0	0	0	0	1	1	0	1	0	0	0	0	0	0	1	0	1	1	0	1	0	0	0	0	0	1	0	1100	6
1	0	0	1	0	1	1	0	0	0	0	0	0	1	0	1	1	1	0	1	0	0	0	1	1	1	0	0	0	0	0	0	1	0	0	1	1	1	1	0	1	1	0	0	1	0	0	0	0	0	0	1	1	0	0	1	0	1	0	0	0	0	0	0	0	7
1	0	0	1	1	1	0	1	0	1	1	1	0	1	0	1	1	1	0	1	0	1	0	1	1	1	0	0	0	0	0	0	0	0	0	1	1	1	1	1	1	1	1	0	1	0	0	0	0	0	0	1	0	0	1	1	0	1	0	0	0	1	0	1	20	7
1	0	0	1	1	1	0	1	0	1	0	1	0	0	0	0	1	1	0	1	0	1	0	1	0	1	0	0	0	0	0	0	0	0	0	1	1	1	1	1	0	1	0	0	1	0	0	0	0	0	0	1	1	0	0	0	1	1	0	0	0	1	0	1	40	7
0	0	0	1	0	1	1	1	0	1	0	0	0	0	0	0	1	1	0	1	0	1	0	1	1	1	0	0	0	0	0	0	1	0	0	1	1	1	1	1	0	1	0	0	1	0	0	0	0	0	0	1	0	0	0	1	0	1	0	0	0	1	0	1	60	7
0	0	0	1	1	0	0	1	0	1	0	1	0	0	0	0	1	1	0	1	0	1	0	1	1	1	0	0	0	0	0	0	1	0	0	0	1	1	1	0	0	1	0	0	1	0	0	0	0	0	0	1	0	0	0	1	1	1	0	0	0	1	0	1	80	7
0	0	0	1	1	0	0	1	0	1	0	1	0	0	0	0	1	1	0	1	0	1	0	1	0	1	0	0	0	0	0	0	0	0	0	0	1	1	1	0	1	0	0	0	1	0	0	0	0	0	0	1	0	0	0	0	0	1	0	0	0	1	0	1	100	7
0	0	0	1	1	0	0	1	0	1	1	1	0	0	0	0	1	0	0	1	1	0	0	1	1	1	0	0	1	0	0	0	0	0	0	1	1	1	1	1	0	1	0	0	1	0	0	0	0	0	0	1	0	0	1	1	0	1	0	0	0	1	0	1	120	7
0	0	0	1	0	0	1	1	0	1	1	1	0	0	0	0	1	0	0	1	1	0	0	0	1	0	0	0	1	0	0	0	0	0	0	0	1	1	1	1	0	1	0	0	1	0	0	0	0	0	0	1	0	0	1	1	0	1	0	1	0	1	0	0	140	7
0	0	0	1	1	0	0	1	0	0	1	1	0	0	0	0	1	0	0	1	0	1	0	0	1	1	0	0	1	0	0	0	0	0	0	1	1	1	1	0	1	0	0	0	1	0	0	0	0	0	0	1	0	0	1	0	0	1	0	1	0	1	0	1	160	7
0	0	0	1	1	0	0	1	0	1	0	1	0	0	0	0	1	0	0	1	0	1	0	0	1	1	0	0	0	0	0	0	0	0	0	0	1	1	1	0	0	0	0	0	1	0	0	0	0	0	0	1	0	0	1	0	0	1	0	1	0	1	0	1	180	7
0	0	0	1	1	1	1	1	0	1	1	1	0	0	0	0	1	1	0	1	0	1	0	0	1	1	0	0	0	0	0	0	0	0	0	0	1	1	1	0	1	0	0	0	1	0	0	0	0	0	0	1	0	0	1	0	1	1	0	1	0	1	0	0	200	7
0	0	0	1	1	0	0	1	0	1	1	1	0	0	0	0	1	0	0	1	0	0	0	0	1	0	0	0	1	0	0	0	0	0	0	1	1	1	1	0	0	1	0	0	1	0	0	0	0	0	0	1	1	0	0	0	1	1	0	1	0	1	0	1	220	7
1	0	0	1	1	0	0	1	0	0	0	1	1	0	0	0	1	0	0	1	0	1	0	1	1	1	0	0	1	0	0	0	0	0	0	1	1	1	1	1	0	1	0	0	1	0	0	0	0	0	0	1	1	0	1	0	0	1	0	1	0	1	0	1	240	7
0	0	0	1	0	0	1	1	0	1	1	1	1	0	0	0	1	1	0	1	1	1	0	0	1	0	0	0	1	0	0	0	0	0	0	1	1	1	1	0	0	1	0	0	1	0	0	0	0	0	0	1	0	0	0	0	0	1	0	1	0	1	0	1	260	7
0	0	0	1	0	0	0	1	0	1	1	1	1	0	0	0	1	0	0	1	1	1	0	0	1	1	0	0	1	0	0	0	0	0	0	0	1	1	1	0	1	0	0	0	1	0	0	0	0	0	0	1	0	0	1	1	0	1	0	1	0	1	0	1	280	7
0	0	0	1	1	0	1	1	0	1	0	1	1	0	0	0	1	0	0	1	1	1	0	0	1	1	0	0	1	0	0	0	0	0	0	1	1	1	1	1	0	0	0	0	1	0	0	0	0	1	0	1	1	0	0	0	0	1	0	1	0	1	0	1	300	7
0	0	0	1	1	0	0	1	0	1	0	1	1	0	0	0	1	0	0	1	1	1	0	0	1	1	0	0	1	0	0	0	0	0	0	1	1	1	1	1	0	1	0	0	1	0	0	0	0	1	0	1	1	0	0	0	0	1	0	1	0	1	0	1	320	7
0	0	0	1	0	1	0	1	0	1	1	1	1	0	0	0	1	0	0	1	1	1	0	0	1	1	0	0	1	0	0	0	0	0	0	1	1	1	1	0	1	1	0	0	1	0	0	0	0	1	0	1	0	0	0	0	0	1	0	1	0	1	0	1	340	7
0	0	0	1	0	0	1	1	0	1	1	1	1	0	0	0	1	0	0	1	1	1	0	0	1	1	0	0	1	0	0	0	0	0	0	1	1	1	1	0	1	1	0	0	1	1	1	0	0	1	0	1	0	0	0	0	1	1	0	1	0	1	0	1	360	7
0	0	0	1	1	1	0	1	0	1	0	1	1	0	0	0	1	1	0	1	1	1	0	0	1	1	0	0	1	0	0	0	0	0	0	1	1	1	1	0	0	1	0	0	1	0	1	0	0	1	0	1	1	0	0	0	0	0	0	1	0	1	0	1	380	7
0	0	0	1	1	1	1	1	0	1	1	1	1	0	0	0	1	0	0	1	1	1	0	0	1	1	0	0	1	0	0	0	0	0	0	0	1	1	1	0	1	0	0	0	1	0	1	0	0	1	0	1	1	0	0	0	0	1	0	1	0	1	0	1	400	7
0	0	0	1	1	0	0	1	0	1	1	1	1	0	0	0	1	0	0	1	1	1	0	0	1	0	0	0	1	0	0	0	0	0	0	1	1	1	1	0	0	1	0	0	1	0	1	0	0	1	0	1	0	0	0	1	1	1	0	1	0	1	0	1	420	7
0	0	0	1	0	0	0	1	0	0	0	1	1	0	0	0	1	0	0	1	1	1	0	0	1	1	0	0	1	0	0	0	0	0	0	1	1	1	1	0	0	1	0	0	1	0	1	0	0	1	0	1	0	0	1	0	1	1	0	1	0	1	0	1	440	7
0	0	0	1	1	0	0	1	0	1	0	1	1	0	0	0	1	0	0	1	1	1	0	0	1	1	0	0	1	0	0	0	0	0	0	0	1	1	1	0	0	1	0	0	1	0	1	0	0	1	0	1	1	0	0	0	1	1	0	1	0	1	0	1	460	7
0	0	0	1	1	1	0	1	0	1	1	1	1	0	0	0	1	1	0	1	1	1	0	0	1	1	0	0	1	0	0	0	0	0	0	0	1	1	1	1	0	0	0	0	1	0	1	0	0	1	0	1	0	0	0	0	1	1	0	1	0	1	0	1	480	7
1	0	0	1	1	1	1	1	0	1	1	1	1	0	0	0	1	0	0	1	1	1	0	0	1	1	0	0	1	0	0	0	0	0	0	0	1	1	1	0	1	0	0	0	1	0	1	0	0	1	0	1	0	0	0	0	1	1	0	1	0	1	0	1	500	7
0	0	0	1	1	0	1	1	0	1	1	1	1	0	0	0	1	0	0	1	1	1	0	0	1	1	0	0	1	0	0	0	0	0	0	1	1	1	1	0	1	0	0	0	1	0	1	0	0	1	0	1	1	0	1	0	0	1	0	1	0	1	0	1	520	7
0	0	0	1	1	1	0	1	0	1	1	1	1	0	0	0	1	0	0	1	1	1	0	0	1	1	0	0	1	0	0	0	0	0	0	0	1	1	1	1	1	0	0	0	1	0	1	0	0	1	0	1	0	0	0	1	1	1	0	1	0	1	0	1	540	7
0	0	0	1	1	1	0	1	0	1	1	1	1	0	0	0	1	0	0	1	1	1	0	0	1	1	0	0	1	0	0	0	0	0	0	0	1	1	1	1	1	0	0	0	1	0	1	0	0	1	0	1	1	0	1	0	1	1	0	1	0	1	0	0	560	7
1	0	0	1	1	0	0	1	0	1	1	1	1	0	0	1	1	0	0	1	1	1	0	0	1	0	0	0	1	0	0	0	0	0	0	1	1	1	1	1	1	0	0	0	1	0	1	0	0	1	0	1	0	0	0	0	0	1	0	1	0	1	0	0	580	7
1	0	0	1	1	0	0	0	0	1	1	1	1	1	0	1	1	0	0	1	1	1	0	0	1	1	0	0	1	0	0	0	0	0	0	0	1	1	1	1	1	0	0	0	1	0	1	0	0	1	0	1	1	1	0	0	1	1	0	1	0	1	0	0	600	7
1	0	0	1	1	0	0	0	0	0	0	1	1	0	0	1	1	0	0	1	1	1	0	1	1	1	0	0	0	0	0	0	0	0	0	1	1	1	1	1	0	1	0	0	1	0	1	0	0	1	0	1	1	0	0	0	1	1	0	1	0	1	0	0	620	7
1	0	0	1	1	0	1	0	0	1	1	1	1	1	0	1	1	0	0	1	1	1	0	1	1	1	0	0	0	0	0	0	0	0	0	0	1	1	1	0	0	0	1	0	1	1	1	0	0	1	0	1	0	0	1	1	1	1	0	1	0	1	0	0	640	7
1	0	0	1	1	1	0	0	0	1	1	1	1	0	0	1	1	1	0	1	1	1	0	1	1	1	0	0	0	0	0	0	0	0	0	1	1	1	1	0	0	1	0	0	1	1	1	0	0	1	0	1	1	1	0	0	1	1	0	1	0	1	0	0	660	7
1	0	0	1	1	1	0	1	0	1	1	1	1	0	0	1	1	1	0	1	1	1	0	1	1	1	0	0	0	0	0	0	0	0	0	1	1	1	1	1	1	0	0	0	1	0	1	0	0	1	0	1	1	1	1	1	1	1	0	1	0	1	0	0	680	7
1	0	0	1	1	1	0	0	0	1	1	1	1	1	0	1	1	1	0	1	1	1	0	1	1	1	0	0	0	0	0	0	0	0	0	1	1	1	1	0	1	1	0	0	1	0	1	0	0	1	0	1	0	1	0	0	0	1	0	1	0	1	0	0	700	7
1	0	0	1	1	0	1	0	0	1	1	1	1	0	0	1	0	0	0	1	1	1	0	1	1	1	0	0	0	0	0	0	0	0	0	0	1	1	1	0	1	0	0	0	1	0	1	0	0	1	0	1	0	0	0	0	0	1	0	1	0	1	0	0	720	7
1	0	0	1	1	0	0	0	0	1	0	1	1	1	0	1	1	0	0	1	1	1	0	1	0	1	0	0	0	0	0	0	1	0	0	0	1	1	1	0	0	1	0	0	1	0	1	0	0	1	0	1	0	0	0	0	0	1	0	1	0	1	0	0	740	7
1	0	0	1	1	1	0	1	0	1	0	1	1	1	0	1	1	1	0	1	1	1	0	1	0	1	0	0	0	0	0	0	0	0	0	0	1	1	1	0	1	1	0	0	1	0	1	0	0	1	0	1	0	0	0	0	1	1	0	1	0	1	0	0	760	7
1	0	0	1	0	1	0	0	0	1	1	1	1	1	0	1	1	1	0	1	1	1	0	1	1	1	0	0	0	0	0	0	1	0	0	0	1	1	0	1	0	0	0	0	1	0	1	0	0	1	0	1	0	0	0	0	0	1	0	1	0	1	0	0	780	7
1	0	0	1	1	1	0	0	0	1	1	1	1	1	0	1	1	0	0	1	1	1	0	1	0	1	0	0	0	0	0	0	0	0	0	1	1	1	0	1	0	0	0	0	1	0	1	0	0	1	0	1	1	1	0	0	0	1	0	1	0	1	0	0	800	7
1	0	0	1	1	0	0	0	0	1	0	1	1	1	0	1	1	0	0	1	1	1	0	1	0	1	0	0	0	0	0	0	0	0	0	0	1	1	1	1	0	1	0	0	1	0	1	0	0	1	0	1	1	0	1	1	1	1	0	1	0	1	0	1	820	7
1	0	0	1	0	1	0	0	0	1	1	1	1	0	0	1	1	1	0	1	1	1	0	1	1	1	0	0	0	0	0	0	1	0	0	0	1	1	0	1	1	0	0	0	1	0	1	0	0	1	0	1	1	0	0	0	0	1	0	1	0	1	0	1	840	7
1	0	0	1	1	1	0	0	0	1	0	1	1	0	0	1	0	0	0	1	1	1	0	1	0	1	0	0	0	0	0	0	0	0	0	0	1	1	1	0	1	1	0	0	1	0	1	0	0	1	0	1	1	0	0	0	0	1	0	1	0	1	0	1	860	7
1	0	0	1	0	1	0	0	0	1	1	1	1	1	0	1	1	0	0	1	1	1	0	1	0	1	0	0	0	0	0	0	0	0	0	0	1	1	1	1	0	1	0	0	1	0	1	0	0	1	0	1	1	0	0	0	1	1	0	1	0	1	0	0	880	7
1	0	0	1	1	1	1	0	0	0	1	1	1	1	0	1	1	0	0	1	1	1	0	1	1	1	0	0	0	0	0	0	0	0	0	0	1	1	1	1	1	0	1	0	1	0	1	0	0	1	0	1	1	1	0	0	0	1	0	1	0	1	0	0	900	7
1	0	0	1	1	1	1	0	0	0	0	1	1	1	0	1	1	0	0	1	1	1	0	1	0	1	0	0	0	0	0	0	0	0	0	0	1	1	1	1	0	1	0	0	1	0	1	0	0	1	0	1	1	1	1	0	0	1	0	1	0	1	0	0	920	7
1	0	0	1	0	1	0	0	0	1	0	1	1	1	0	1	1	0	0	1	1	1	0	1	0	0	0	0	0	0	0	0	0	0	0	1	1	1	1	1	0	1	0	0	1	0	1	0	0	1	0	1	1	1	1	0	0	1	0	1	0	1	0	0	940	7
1	0	0	1	1	1	0	0	0	0	1	1	1	1	0	1	1	0	0	1	1	1	0	1	0	1	0	0	0	0	0	0	0	0	0	1	1	1	1	1	0	0	0	0	1	0	1	0	0	1	0	1	1	1	0	0	1	1	0	1	0	1	0	0	960	7
1	0	0	1	0	0	1	0	0	1	1	1	1	1	0	1	1	1	0	1	1	1	0	1	0	1	0	0	0	0	0	0	1	0	0	0	1	1	1	0	1	1	0	0	1	0	1	0	0	1	0	1	1	0	1	0	0	1	0	1	0	1	0	1	980	7
1	0	0	1	1	1	1	0	0	1	1	1	1	1	0	1	1	0	0	1	1	1	0	1	1	1	0	0	0	0	0	0	1	0	0	1	1	1	1	0	0	1	0	0	1	0	1	0	0	1	0	1	0	0	1	0	0	1	0	1	0	1	0	0	1000	7
1	0	0	1	1	1	0	0	0	1	1	1	1	1	0	1	1	0	0	1	1	1	0	1	0	0	0	0	0	0	0	0	0	0	0	1	1	1	1	1	0	1	0	0	1	0	1	0	0	1	0	1	0	1	1	0	0	1	0	1	0	1	0	0	1020	7
1	0	0	1	1	1	0	0	0	0	1	1	1	1	0	1	1	0	0	1	1	1	0	1	1	1	0	0	0	0	0	0	1	0	0	0	1	1	1	1	0	1	0	0	1	0	1	0	0	1	0	1	0	1	1	0	1	1	0	1	0	1	0	0	1040	7
1	0	0	1	1	1	0	0	0	1	1	1	1	1	0	1	1	1	0	1	1	1	0	1	0	1	0	0	0	0	0	0	0	0	0	0	1	1	1	0	0	0	0	0	1	0	1	0	0	1	0	1	1	1	1	0	0	1	0	1	0	1	0	0	1060	7
1	0	0	1	1	1	1	0	0	1	1	1	1	1	0	1	1	1	0	1	1	1	0	1	0	1	0	0	0	0	0	0	1	0	0	0	1	1	1	1	0	0	1	0	1	0	1	0	0	1	0	1	1	1	1	0	0	1	0	1	0	1	0	0	1080	7
1	0	0	1	1	1	0	0	0	1	1	1	1	1	0	1	1	1	0	1	1	1	0	1	0	1	0	0	0	0	0	0	1	0	0	0	1	1	1	0	0	1	1	0	1	0	1	0	0	1	0	1	1	1	1	0	0	1	0	1	0	1	0	0	1100	7
1	0	0	1	0	1	0	0	0	0	0	0	0	1	0	1	1	1	0	1	0	0	0	1	1	1	0	0	0	0	0	0	0	0	0	1	1	1	1	1	1	1	1	0	1	0	0	0	0	0	0	1	1	1	0	0	0	1	0	0	0	0	0	0	0	8
1	0	0	1	0	0	0	0	0	0	0	0	0	0	0	1	0	0	0	1	0	0	0	1	0	1	0	0	0	0	0	0	1	0	0	0	1	1	1	0	1	1	1	0	1	0	0	0	0	0	0	0	1	0	1	1	1	1	1	0	0	0	0	0	20	8
1	0	0	0	0	1	1	1	0	0	0	0	0	0	1	1	0	0	0	1	0	0	0	1	1	1	0	0	0	0	0	0	1	0	1	0	1	1	1	1	1	1	0	0	1	1	0	0	0	1	0	0	1	0	0	1	1	1	1	0	0	0	0	0	40	8
1	0	0	0	0	1	1	1	0	0	1	0	0	0	1	1	0	0	0	1	0	0	0	1	0	1	0	0	0	1	0	0	1	0	1	0	1	1	1	0	1	0	0	0	1	1	0	0	0	1	0	0	1	0	1	1	0	1	1	0	0	0	0	0	60	8
1	0	0	0	0	1	0	1	1	0	0	0	0	0	1	1	0	0	0	1	1	0	0	1	0	1	0	0	0	1	0	0	1	0	1	0	1	1	1	0	1	1	1	0	1	1	0	0	0	1	0	0	1	0	0	0	1	1	1	0	0	0	0	0	80	8
1	0	0	0	0	0	0	0	1	0	0	0	0	0	1	1	0	0	0	1	1	0	0	1	0	1	0	0	0	1	0	0	1	0	1	1	1	1	1	1	1	1	0	0	1	1	0	0	0	1	0	0	0	0	1	0	1	1	1	0	0	0	0	0	100	8
1	0	0	0	0	0	0	0	1	0	1	0	0	0	1	1	0	0	0	1	1	1	0	1	0	1	0	0	0	1	0	0	1	0	1	1	1	1	1	1	1	1	0	0	1	1	0	0	0	1	0	0	0	0	1	0	1	1	1	0	0	0	0	0	120	8
1	0	0	0	1	1	0	1	1	0	0	0	0	0	1	1	0	0	0	1	1	1	0	0	0	1	0	0	0	1	0	0	1	0	1	1	1	1	1	0	1	1	0	0	1	1	0	0	0	1	0	0	0	0	0	0	1	1	1	0	0	0	0	1	140	8
1	0	0	0	0	0	0	1	1	0	0	0	0	0	1	1	0	0	0	1	1	1	0	1	0	1	0	0	0	1	0	0	1	0	1	0	1	1	1	0	1	1	0	0	1	1	0	0	0	1	0	0	0	0	0	0	1	1	1	0	1	0	0	0	160	8
1	0	0	0	1	1	0	1	1	0	0	0	0	0	1	1	0	0	0	1	1	0	0	1	0	1	0	0	0	1	0	0	1	0	1	1	1	1	1	0	0	1	0	0	1	1	0	1	0	1	0	0	0	0	1	0	1	1	1	0	1	0	0	1	180	8
1	0	0	0	0	0	1	1	1	0	1	0	0	0	1	1	0	1	0	1	1	1	0	1	0	1	0	0	0	1	0	0	1	0	1	0	1	1	1	1	0	1	0	0	1	1	0	1	0	1	0	0	0	0	0	0	1	1	1	0	1	0	0	1	200	8
1	0	0	0	1	0	0	1	1	0	0	0	0	0	1	1	0	0	0	1	1	0	1	1	0	1	0	0	0	1	0	0	1	0	1	0	1	1	1	0	1	1	0	0	1	1	0	0	0	1	0	0	0	0	1	1	1	1	1	0	1	0	0	1	220	8
1	0	0	1	0	0	1	1	1	0	0	0	0	0	1	1	0	0	0	1	1	1	0	1	0	1	0	0	0	1	0	0	1	0	1	0	1	1	1	0	1	1	0	0	1	1	0	1	0	1	0	0	0	0	1	1	1	1	1	0	1	0	0	0	240	8
1	0	0	0	0	0	1	0	1	0	1	0	0	0	1	1	0	0	0	1	1	1	0	1	1	1	0	0	0	1	0	0	1	0	1	0	1	1	0	1	1	1	0	0	1	1	0	1	0	1	0	0	0	0	0	0	1	1	1	0	1	0	0	0	260	8
1	0	0	0	0	0	1	0	1	0	0	0	0	0	1	1	0	1	0	1	1	1	0	1	0	1	0	0	0	1	0	0	1	0	1	0	1	1	1	1	1	1	0	0	1	1	0	1	0	1	0	0	0	0	1	1	1	1	1	0	1	0	0	0	280	8
1	0	0	1	0	0	0	1	1	0	1	0	0	0	1	1	0	1	0	1	1	1	0	1	1	1	0	0	0	1	0	0	1	0	1	0	1	1	1	1	1	1	0	0	1	1	0	1	0	1	0	0	1	0	1	0	1	1	1	0	1	0	0	0	300	8
1	0	0	0	0	0	0	1	1	0	0	0	0	0	1	1	0	0	0	1	1	1	0	1	0	1	0	0	0	1	0	0	1	0	1	0	1	1	1	0	1	1	0	0	1	1	0	1	0	1	0	0	0	0	1	1	1	1	1	0	1	0	0	1	320	8
1	0	0	0	1	0	1	1	1	0	0	0	0	0	1	1	0	0	0	1	1	1	0	1	0	1	0	0	0	1	0	0	1	0	1	0	1	1	1	1	1	1	0	0	1	1	0	1	0	1	0	0	1	0	1	0	1	1	1	0	1	0	0	1	340	8
1	0	0	0	1	0	1	1	1	0	0	0	0	0	1	1	0	0	0	1	1	1	0	1	0	1	0	0	0	1	0	0	1	0	1	0	1	1	1	1	0	1	0	0	1	1	0	1	0	1	0	0	0	0	1	0	0	1	1	0	1	0	0	1	360	8
1	0	0	0	1	1	1	1	1	0	0	0	0	0	1	1	0	1	0	1	1	1	0	1	0	1	0	0	0	1	0	0	1	0	1	0	1	1	0	0	0	1	0	0	1	1	0	1	0	1	0	0	1	0	1	0	1	1	1	0	1	0	0	1	380	8
1	0	0	0	1	1	0	1	1	0	0	0	0	0	1	1	0	0	0	1	1	1	0	1	0	1	0	0	0	1	0	0	1	0	1	1	1	1	1	0	1	0	0	0	1	1	0	1	0	1	0	0	0	0	1	0	1	1	1	0	1	0	0	1	400	8
1	0	0	1	1	0	1	1	1	0	0	0	0	0	1	1	0	1	0	1	1	1	0	1	0	1	0	0	0	1	0	0	1	0	1	1	1	1	1	1	1	1	0	0	1	1	0	1	0	1	0	0	0	0	1	1	1	1	1	0	1	0	0	0	420	8
1	0	0	0	1	0	0	1	1	0	0	0	0	0	1	1	0	0	0	1	1	1	0	1	0	1	0	0	0	1	0	0	1	0	1	1	1	1	1	1	0	1	0	0	1	1	0	1	0	1	0	0	0	0	1	1	1	1	1	0	1	0	0	0	440	8
1	0	0	0	1	1	1	1	1	0	1	0	0	0	1	1	0	0	0	1	1	1	0	1	1	1	0	0	0	1	0	0	1	0	1	0	1	1	1	1	1	1	0	0	1	1	0	1	0	1	0	0	0	0	1	1	1	1	1	0	1	0	0	0	460	8
1	0	0	1	1	0	1	1	1	0	1	0	0	0	1	1	0	0	0	1	1	1	0	1	0	1	0	0	0	1	0	0	1	0	1	1	1	1	1	1	1	1	0	0	1	1	0	0	0	1	0	0	0	0	1	1	1	1	1	0	1	0	0	0	480	8
1	0	0	0	1	1	0	1	1	0	0	0	0	0	1	1	0	0	0	1	1	1	0	1	0	1	0	0	0	1	0	0	1	0	1	0	1	1	1	1	1	0	0	0	1	1	0	1	0	1	0	0	1	0	1	0	1	1	1	0	1	0	0	0	500	8
1	0	0	0	0	0	1	1	1	0	1	0	0	0	1	1	1	0	0	1	1	1	0	1	0	1	0	0	0	1	0	0	1	0	1	1	1	1	1	1	0	0	0	0	1	1	0	1	0	1	0	0	1	0	0	1	1	1	1	0	1	0	0	0	520	8
1	0	0	0	1	0	0	1	1	0	1	0	0	0	1	1	0	1	0	1	1	1	0	0	0	1	0	0	0	1	0	0	1	0	1	0	1	1	1	1	0	1	0	0	1	1	0	0	0	1	0	0	1	0	1	1	0	1	1	0	1	0	0	1	540	8
1	0	0	0	0	1	0	1	1	0	0	0	0	0	1	1	0	0	0	1	1	1	0	1	1	1	0	0	0	1	0	0	1	0	1	0	1	1	1	0	0	0	0	0	1	1	0	0	0	1	0	0	1	0	1	0	1	1	1	0	1	0	0	0	560	8
1	0	0	1	1	0	0	0	1	1	0	0	0	1	1	1	0	0	0	1	1	0	0	1	0	1	0	0	0	1	0	0	1	0	1	0	1	1	1	1	0	1	0	0	1	1	0	1	0	0	0	0	0	1	0	0	1	1	1	0	1	0	0	0	580	8
1	0	0	1	1	1	1	0	1	1	1	0	0	1	1	1	1	0	0	1	1	0	0	1	0	1	0	0	0	1	0	0	1	0	0	0	1	1	1	0	1	1	1	0	1	1	0	1	0	0	0	1	0	0	0	0	1	0	1	0	1	0	0	0	600	8
1	0	0	1	0	1	1	0	0	1	0	0	0	0	0	1	1	0	0	1	1	1	0	1	0	1	0	0	0	1	0	0	1	0	0	0	1	1	1	0	0	0	0	0	1	1	0	1	0	0	0	1	1	0	0	1	0	1	1	0	1	0	0	1	620	8
1	0	0	1	0	0	0	0	0	1	0	0	0	0	0	1	0	1	0	1	1	1	0	1	0	1	0	0	0	1	0	0	1	0	0	1	1	1	1	0	1	1	0	0	1	1	0	1	0	0	0	1	1	0	1	0	1	1	0	0	1	0	0	0	640	8
1	0	0	1	1	0	1	0	0	1	1	0	0	1	0	1	1	1	0	1	1	1	0	1	0	1	0	0	0	1	0	0	0	0	0	0	1	1	1	1	1	0	0	0	1	1	0	0	0	0	0	1	0	1	0	0	1	1	0	0	1	0	0	0	660	8
1	0	0	1	1	1	0	0	0	1	1	0	0	1	0	1	1	0	0	1	1	1	0	1	0	1	0	0	0	1	0	0	0	0	0	0	1	1	1	0	1	0	0	0	1	1	0	0	0	0	0	1	1	1	1	0	0	1	0	0	1	0	0	0	680	8
1	0	0	1	0	0	0	0	0	0	1	0	0	0	0	1	1	1	0	1	1	1	0	1	0	0	0	0	0	1	0	0	0	0	0	1	1	1	1	0	0	1	0	0	1	1	0	0	0	0	0	1	0	0	0	0	0	1	1	0	0	0	0	0	700	8
1	0	0	1	1	0	1	0	0	0	1	0	0	1	0	1	1	0	0	1	1	1	0	1	0	0	0	0	0	1	0	0	1	0	0	0	1	1	1	1	1	1	0	0	1	1	0	0	0	0	0	1	1	1	0	0	1	1	0	0	0	0	0	0	720	8
1	0	0	1	1	0	0	0	0	1	0	0	0	1	0	1	1	1	0	1	1	1	0	1	0	0	0	0	0	1	0	0	0	0	0	1	1	1	1	1	0	0	0	0	1	1	0	0	0	0	0	1	0	1	1	0	1	1	0	0	0	0	0	0	740	8
1	0	0	1	0	1	0	0	0	1	0	0	0	0	0	1	1	0	0	1	1	1	0	1	0	1	0	0	0	1	0	0	1	0	0	0	1	1	1	0	1	1	0	0	1	1	0	0	0	0	0	1	1	1	0	0	1	1	0	0	0	0	0	0	760	8
1	0	0	1	0	0	1	0	0	1	0	0	0	1	0	1	1	0	0	1	1	1	0	0	0	1	0	0	0	1	0	0	0	0	0	0	1	1	1	0	1	0	0	0	1	1	0	0	0	0	0	1	0	0	0	1	0	1	0	0	0	0	0	0	780	8
1	0	0	1	1	0	1	1	0	1	0	0	0	0	0	1	0	0	0	1	0	1	0	1	1	0	0	0	0	1	0	0	0	0	0	0	1	1	1	0	1	1	0	0	1	1	0	0	0	0	0	1	0	0	1	0	0	1	0	0	0	0	0	0	800	8
1	0	0	1	1	0	0	0	0	1	0	0	0	1	0	1	1	0	0	1	0	1	0	1	0	0	0	0	0	1	0	0	0	0	0	1	1	1	1	1	1	1	0	0	1	1	0	0	0	0	0	1	1	1	1	0	0	1	0	0	0	0	0	1	820	8
1	0	0	1	1	1	0	0	0	1	0	0	0	0	0	1	1	0	0	1	0	1	0	1	1	1	0	0	0	0	0	0	0	0	0	1	1	1	1	0	0	1	0	0	1	1	0	0	0	0	0	1	1	1	1	0	1	1	0	0	0	0	0	1	840	8
1	0	0	1	1	1	0	0	0	1	0	0	0	0	0	1	1	1	0	1	0	1	0	1	1	1	0	0	0	0	0	0	0	0	0	0	1	1	1	0	1	0	0	0	1	0	0	0	0	0	0	1	1	1	1	0	1	1	0	0	0	0	0	0	860	8
1	0	0	1	1	0	0	0	0	1	0	0	0	0	0	1	1	0	0	1	0	0	0	1	1	1	0	0	0	0	0	0	0	0	0	0	1	1	1	0	0	0	0	0	1	1	0	0	0	0	0	1	1	0	1	1	0	1	0	0	0	0	0	0	880	8
1	0	0	1	1	1	0	0	0	0	1	0	0	0	0	1	1	0	0	1	0	0	0	1	1	0	0	0	0	0	0	0	0	0	0	0	1	1	1	0	1	0	1	0	1	0	0	0	0	0	0	1	1	1	0	0	0	1	0	0	0	0	0	0	900	8
1	0	0	1	0	0	1	0	0	1	0	0	0	0	0	1	1	0	0	1	0	0	0	0	1	0	0	0	0	0	0	0	0	0	0	1	1	1	0	1	0	0	1	0	1	0	0	0	0	0	0	1	1	1	1	0	0	1	0	0	0	0	0	0	920	8
1	0	0	1	0	0	0	0	0	1	0	0	0	0	0	1	1	0	0	1	0	0	0	1	1	1	0	0	0	0	0	0	0	0	0	0	1	1	1	1	1	1	0	0	1	0	0	0	0	0	0	1	0	1	1	0	0	1	0	0	0	0	0	0	940	8
1	0	0	1	1	0	0	1	0	1	1	0	0	1	0	1	1	0	0	1	0	0	0	1	0	1	0	0	0	0	0	0	0	0	0	0	1	1	1	0	1	0	0	0	1	0	0	0	0	0	0	1	0	1	1	0	0	1	0	0	0	0	0	0	960	8
1	0	0	1	0	1	1	0	0	1	1	0	0	0	0	1	0	0	0	1	0	0	0	1	1	1	0	0	0	0	0	0	0	0	0	1	1	1	1	1	0	0	0	0	1	0	0	0	0	0	0	1	0	1	1	0	0	1	0	0	0	0	0	0	980	8
1	0	0	1	1	1	1	0	0	0	0	0	0	0	0	1	1	0	0	1	0	0	0	1	1	1	0	0	0	0	0	0	0	0	0	0	1	1	0	1	1	1	0	0	1	0	0	0	0	0	0	1	0	1	0	0	0	1	0	0	0	0	0	1	1000	8
1	0	0	1	0	0	1	0	0	1	1	0	0	0	0	1	1	1	0	1	0	0	0	1	1	1	0	0	0	0	0	0	1	0	0	0	1	1	1	1	0	1	0	0	1	0	0	0	0	0	0	1	0	1	1	0	0	1	0	0	0	0	0	0	1020	8
1	0	0	1	1	1	0	0	0	1	1	0	0	1	0	1	1	0	0	1	0	0	0	0	0	1	0	0	0	0	0	0	1	0	0	0	1	1	0	1	0	1	1	0	1	0	0	0	0	0	0	1	1	1	0	0	0	1	0	0	0	0	0	0	1040	8
1	0	0	1	0	0	0	0	0	1	1	0	0	0	0	1	1	0	0	1	0	0	0	1	0	1	0	0	0	0	0	0	0	0	0	0	1	1	1	0	1	1	1	0	1	0	0	0	0	0	0	1	1	0	1	1	0	1	0	0	0	0	0	1	1060	8
1	0	0	1	0	1	1	0	0	1	0	0	0	0	0	1	1	0	0	1	0	0	0	1	0	1	0	0	0	0	0	0	1	0	0	0	1	1	1	0	0	1	0	0	1	0	0	0	0	0	0	1	1	1	0	0	0	1	0	0	0	0	0	0	1080	8
1	0	0	1	1	1	0	0	0	0	0	0	0	1	0	1	1	0	0	1	0	1	0	1	0	1	0	0	0	0	0	0	1	0	0	0	1	1	1	1	0	1	0	0	1	0	0	0	0	0	0	1	1	1	1	0	1	1	0	0	0	0	0	0	1100	8
1	0	0	1	1	1	1	0	0	1	0	0	0	1	0	1	1	1	0	1	0	0	0	1	0	1	0	0	0	0	0	0	0	0	0	1	1	1	1	0	1	1	0	0	1	0	0	0	0	0	0	1	0	0	1	1	0	1	0	0	0	0	0	0	0	9
1	0	0	1	1	0	0	0	0	1	0	0	0	1	0	1	0	1	0	1	0	0	0	1	1	1	0	0	0	0	0	0	0	0	0	0	1	1	1	0	1	1	0	0	1	0	0	0	0	0	0	1	0	1	1	0	1	1	1	0	0	1	0	0	20	9
1	0	0	1	0	1	1	0	0	1	1	1	0	0	0	1	0	0	0	1	0	0	0	1	1	1	0	0	0	0	0	0	0	0	0	1	1	1	0	0	1	0	1	0	1	0	1	0	0	0	0	1	0	0	1	1	0	1	1	0	0	1	0	1	40	9
1	0	0	0	0	0	1	0	0	0	1	1	1	1	0	1	0	0	0	1	0	1	0	1	1	1	1	0	0	0	0	0	0	0	0	1	1	1	0	0	1	1	0	0	1	0	1	0	0	0	0	1	0	1	0	1	0	0	1	0	0	1	0	0	60	9
1	0	0	0	0	1	0	0	0	1	1	1	1	1	0	1	0	0	0	1	0	1	0	1	1	1	1	0	0	0	0	0	1	0	0	1	1	1	1	1	1	1	1	0	1	0	1	0	0	0	0	1	0	1	0	1	1	1	1	0	0	1	0	0	80	9
1	0	0	0	1	0	0	0	0	0	1	1	1	1	0	1	0	0	0	0	1	1	0	1	1	1	1	0	0	0	0	0	1	0	0	0	1	1	1	1	0	1	0	0	1	0	1	0	0	1	0	1	0	0	1	0	1	0	1	1	0	1	0	0	100	9
1	0	0	0	1	0	0	0	0	1	0	1	1	1	0	1	0	0	0	0	0	0	0	1	1	1	1	0	0	0	0	0	0	0	0	0	1	1	0	0	1	1	0	0	1	0	1	0	0	1	0	1	0	1	1	1	1	1	1	1	0	1	1	0	120	9
1	0	0	0	1	1	1	0	0	1	0	1	1	1	0	1	0	0	0	0	1	1	0	1	1	1	1	0	0	0	0	0	0	0	0	0	1	1	1	0	1	1	0	0	1	0	1	0	0	1	0	1	1	1	1	1	1	0	1	1	0	1	1	0	140	9
1	0	0	0	1	0	0	0	0	0	1	1	1	0	0	1	0	1	0	0	1	1	0	1	1	1	1	0	0	0	0	0	0	0	0	1	1	1	0	0	1	0	0	0	1	0	1	0	0	1	0	1	0	1	0	1	1	0	1	1	0	1	1	1	160	9
1	0	0	0	1	0	0	0	0	1	0	1	1	0	0	1	0	1	0	0	1	1	0	1	1	1	1	0	0	0	0	0	0	0	0	1	1	1	0	0	0	1	0	0	1	0	1	0	0	1	0	1	0	0	0	0	1	0	1	1	0	1	1	1	180	9
1	0	0	0	1	0	0	0	0	1	1	1	1	0	0	1	0	1	0	0	1	1	0	1	1	1	1	0	0	0	0	0	1	0	0	0	1	1	0	0	0	1	0	0	1	0	1	0	0	1	0	1	0	1	0	1	0	0	1	1	0	1	1	0	200	9
1	0	0	0	1	0	0	0	0	1	0	1	1	1	0	1	0	1	0	0	1	1	0	1	1	1	1	0	0	0	0	0	0	0	0	0	1	1	0	0	0	1	0	0	1	0	1	0	0	1	0	1	0	0	1	0	0	0	1	1	0	1	1	0	220	9
1	0	0	0	1	0	0	0	0	1	1	1	1	1	0	1	0	0	0	0	1	1	0	1	1	1	1	0	0	0	0	0	0	0	0	0	1	1	0	1	0	1	0	0	1	0	1	0	0	1	0	1	1	1	0	1	0	0	1	1	0	1	1	1	240	9
1	0	0	0	0	0	0	0	0	1	1	1	1	1	0	1	0	0	0	0	1	1	0	1	1	0	1	0	0	0	0	0	0	0	0	1	1	1	0	1	1	1	1	0	1	0	1	0	0	1	0	1	0	0	1	1	1	0	1	1	0	1	1	0	260	9
1	0	0	0	1	0	0	0	0	1	1	1	1	1	0	1	0	0	0	0	1	1	0	1	1	1	1	0	0	0	0	0	1	0	0	1	1	1	0	0	0	0	1	0	1	0	1	0	0	1	0	1	1	1	1	0	1	0	1	1	0	1	1	1	280	9
1	0	0	0	0	0	0	0	0	0	0	1	1	0	0	1	0	0	0	0	1	0	0	1	1	1	1	0	0	0	0	0	1	0	0	1	1	1	0	1	0	1	0	0	1	0	1	0	0	1	0	1	0	0	1	0	1	0	1	1	0	1	1	1	300	9
1	0	0	0	1	0	0	0	0	1	1	1	1	1	0	1	0	0	0	0	1	1	0	1	1	1	1	0	0	0	0	0	0	0	0	0	1	1	0	1	0	0	0	0	1	0	1	0	0	1	0	1	0	0	0	0	0	0	1	1	0	1	1	1	320	9
1	0	0	0	1	1	0	0	0	1	0	1	1	0	0	1	0	1	0	0	1	1	0	1	1	1	1	0	0	0	0	0	0	0	0	1	1	1	0	1	1	1	0	0	1	0	1	0	0	1	0	1	0	1	0	1	0	0	1	1	0	1	1	1	340	9
1	0	0	0	0	0	0	0	0	1	1	1	1	0	0	1	0	0	0	0	1	1	0	1	1	1	1	0	0	0	0	0	0	0	0	1	1	1	0	0	0	1	1	0	1	0	1	0	0	1	0	1	0	1	0	0	0	0	1	1	0	1	1	1	360	9
1	0	0	0	1	1	0	0	0	1	1	1	1	1	0	1	0	1	0	0	1	1	0	1	1	1	1	0	0	0	0	0	0	0	0	0	1	1	0	0	0	0	0	0	1	0	1	0	0	1	0	1	0	1	1	1	0	0	1	1	0	1	1	0	380	9
1	0	0	1	1	0	0	0	0	0	1	1	1	0	0	1	0	0	0	0	1	1	0	1	1	1	1	0	0	0	0	0	1	0	0	0	0	1	0	1	1	0	0	0	1	0	1	0	0	1	0	1	1	1	0	1	1	0	1	1	0	1	1	1	400	9
1	0	0	0	1	0	0	0	0	1	0	1	1	0	0	1	0	1	0	0	1	1	1	1	1	1	1	0	0	0	0	0	0	0	0	0	1	1	0	0	0	0	0	0	1	0	1	0	0	1	0	1	1	1	1	0	0	0	1	1	0	1	1	1	420	9
1	0	0	0	0	1	0	0	0	1	0	1	1	1	0	1	0	0	0	0	1	1	0	1	1	1	1	0	0	0	0	0	0	0	0	1	1	1	0	0	1	1	0	0	1	0	1	0	0	1	0	1	0	1	1	1	0	0	1	1	0	1	1	0	440	9
1	0	0	1	1	1	0	0	0	0	1	1	1	1	0	1	0	0	0	0	1	1	0	1	1	1	1	0	0	0	0	0	0	0	0	1	1	1	0	0	1	0	0	0	1	0	1	0	0	1	0	1	0	1	0	1	0	0	1	1	0	1	1	0	460	9
1	0	0	0	1	1	1	0	0	1	1	1	1	0	0	1	0	0	0	0	1	1	0	1	1	1	1	0	0	0	0	0	0	0	0	0	1	1	0	1	1	0	1	0	1	0	1	0	0	1	0	1	0	1	1	0	1	0	1	1	0	1	1	0	480	9
1	0	0	0	0	1	0	0	0	1	0	1	1	1	0	1	0	0	0	0	1	1	0	1	1	1	1	0	0	0	0	0	0	0	0	0	1	1	0	1	0	1	0	0	1	0	1	0	0	1	0	1	0	0	0	0	1	0	1	1	0	1	1	0	500	9
1	0	0	0	1	1	1	0	0	1	0	1	1	0	0	1	0	1	0	0	1	1	0	1	1	1	1	0	0	0	0	0	1	0	0	1	0	1	0	1	1	1	0	0	1	0	1	0	0	1	0	1	0	1	0	0	1	0	1	1	0	1	1	0	520	9
1	0	0	0	0	0	1	0	0	1	1	1	1	1	0	1	0	0	0	0	1	1	0	1	1	1	1	0	0	0	0	0	1	0	0	0	1	1	0	1	1	1	1	0	1	0	1	0	0	1	0	1	0	0	0	0	1	0	1	1	0	1	1	0	540	9
1	0	0	0	1	1	0	0	0	0	1	1	1	0	0	1	0	0	0	0	1	1	0	1	1	1	1	0	0	0	0	0	1	0	0	1	1	1	0	0	0	1	1	0	1	0	1	0	0	1	0	1	1	0	1	0	0	0	1	1	0	1	1	1	560	9
1	0	0	1	0	0	1	0	0	0	0	1	1	0	0	1	1	0	0	0	1	1	0	1	1	1	1	0	0	0	0	0	0	0	0	0	1	1	0	0	0	1	0	0	1	0	1	0	0	1	0	1	1	0	0	1	0	0	1	1	0	1	1	0	580	9
1	0	0	1	0	1	1	0	0	0	1	1	1	0	0	1	1	0	0	0	1	0	0	1	1	1	1	0	0	0	0	0	1	0	0	0	1	1	0	0	0	1	1	0	1	0	1	0	0	1	0	1	0	0	0	1	1	0	1	1	0	1	1	1	600	9
1	0	0	1	1	0	0	0	0	1	1	1	1	0	0	1	1	0	0	0	1	1	0	1	1	1	0	0	0	0	0	0	0	0	0	1	1	1	0	1	1	1	1	0	1	0	1	0	0	1	0	1	1	1	0	0	1	0	1	1	0	1	1	1	620	9
1	0	0	1	1	0	0	1	0	1	0	1	1	0	0	1	0	0	0	0	1	1	0	1	0	1	0	0	0	0	0	0	0	0	0	0	1	1	0	0	1	1	1	0	1	0	1	0	0	1	0	1	1	0	1	0	1	0	0	1	0	1	1	1	640	9
1	0	0	1	1	0	1	0	0	1	1	1	1	1	0	1	1	0	0	1	1	1	0	1	1	1	0	0	0	0	0	0	1	0	0	0	1	1	0	1	0	0	0	0	1	0	1	0	0	1	0	1	1	1	0	0	0	0	0	1	0	1	1	1	660	9
1	0	0	1	0	1	0	0	0	1	0	1	1	0	0	1	1	0	0	1	1	1	0	1	1	1	0	0	0	0	0	0	1	0	0	0	1	1	0	0	0	1	1	0	1	0	1	0	0	1	0	1	1	0	1	0	0	0	0	1	0	1	1	1	680	9
1	0	0	1	1	1	1	0	0	1	0	1	1	0	0	1	1	0	0	0	1	1	0	1	1	1	0	0	0	0	0	0	1	0	0	1	1	1	0	0	0	0	0	0	1	0	1	0	0	1	0	1	0	0	1	0	0	0	0	1	0	1	1	0	700	9
1	0	0	1	0	1	0	0	0	1	1	1	1	1	0	1	1	0	0	0	1	1	0	1	1	1	0	0	0	0	0	0	0	0	0	0	1	1	0	0	0	0	0	0	1	0	1	0	0	1	0	1	1	0	1	0	0	0	0	1	0	1	1	0	720	9
1	0	0	1	0	0	1	0	0	1	1	1	1	1	0	1	1	0	0	0	1	0	0	1	1	0	0	0	0	0	0	0	0	0	0	0	1	1	0	0	1	1	1	0	1	0	1	0	0	1	0	1	1	0	0	1	0	0	0	1	0	1	1	1	740	9
1	0	0	1	1	1	0	0	0	0	0	1	1	0	0	1	1	0	0	0	1	1	0	1	1	0	0	0	0	0	0	0	0	0	0	1	1	1	0	0	1	1	0	0	1	0	1	0	0	1	0	1	0	1	0	0	0	0	0	1	0	1	1	0	760	9
1	0	0	1	1	1	0	0	0	0	0	1	1	1	0	1	1	0	0	1	1	1	0	1	0	1	0	0	0	0	0	0	0	0	0	0	1	1	0	1	0	1	0	0	1	0	1	0	0	1	0	1	0	0	0	0	1	0	0	1	0	1	1	0	780	9
1	0	0	1	0	0	1	0	0	1	1	1	1	1	0	1	1	1	0	1	1	1	0	1	1	1	0	0	0	0	0	0	0	0	0	1	1	1	0	1	1	1	0	0	1	0	1	0	0	1	0	1	0	0	1	0	0	0	0	1	0	1	1	0	800	9
1	0	0	1	0	0	1	0	0	1	1	1	1	1	0	1	0	1	0	1	1	1	0	1	1	1	0	0	0	0	0	0	0	0	0	0	1	1	0	1	0	0	1	0	1	0	1	0	0	1	0	1	1	0	0	0	0	0	0	1	0	1	1	0	820	9
1	0	0	1	1	0	0	0	0	1	1	1	1	0	0	1	0	1	0	0	1	1	0	1	0	1	0	0	0	0	0	0	0	0	0	0	1	1	1	0	1	0	0	0	1	0	1	0	0	1	0	1	0	1	1	0	0	0	0	1	0	1	1	1	840	9
1	0	0	1	1	0	0	0	0	0	1	1	1	1	0	1	1	0	0	1	1	1	0	1	0	1	0	0	0	0	0	0	0	0	0	0	1	1	1	0	1	0	0	0	1	0	1	0	0	1	0	1	1	1	1	0	0	0	0	1	0	1	0	0	860	9
1	0	0	1	0	1	0	0	0	1	0	1	1	1	0	1	1	0	0	1	1	1	0	1	0	1	0	0	0	0	0	0	0	0	0	1	1	1	1	1	1	0	0	0	1	0	1	0	0	1	0	1	0	1	0	0	0	0	0	1	0	1	0	1	880	9
1	0	0	1	1	0	0	0	0	1	0	1	1	1	0	1	1	0	0	1	1	1	0	1	1	0	0	0	0	0	0	0	0	0	0	0	1	1	1	0	0	0	1	0	1	0	1	0	0	1	0	1	1	1	0	0	0	1	0	1	0	1	0	0	900	9
1	0	0	1	1	1	0	0	0	1	1	1	1	1	0	1	1	0	0	1	1	1	0	1	0	1	0	0	0	0	0	0	0	0	0	0	1	1	1	0	0	1	0	0	1	0	1	0	0	1	0	1	1	0	0	0	1	0	0	1	0	1	1	1	920	9
1	0	0	1	0	0	1	0	0	0	1	1	1	0	0	1	1	0	0	1	1	1	0	1	1	1	0	0	0	0	0	0	0	0	0	1	1	1	1	0	0	0	0	0	1	0	1	0	0	1	0	1	0	0	0	1	1	0	0	1	0	1	0	0	940	9
1	0	0	1	0	0	0	0	0	1	1	1	1	1	0	1	1	0	0	1	1	1	0	1	1	1	0	0	0	0	0	0	0	0	0	0	1	1	1	1	1	0	0	0	1	0	1	0	0	1	0	1	0	1	0	0	1	0	0	1	0	1	0	0	960	9
1	0	0	1	1	0	0	0	0	1	0	1	1	1	0	1	1	0	0	1	1	1	0	1	0	1	0	0	0	0	0	0	0	0	0	1	1	1	0	0	0	1	0	0	1	0	1	0	0	1	0	1	0	1	1	0	1	0	0	1	0	1	0	0	980	9
1	0	0	1	1	0	0	0	0	0	0	1	1	1	0	1	1	1	0	1	1	1	0	1	0	1	0	0	0	0	0	0	0	0	0	0	1	1	1	0	0	0	0	0	1	0	1	0	0	1	0	1	0	1	1	0	0	1	0	1	0	1	0	0	1000	9
1	0	0	1	1	1	0	0	0	1	0	1	1	1	0	1	1	1	0	1	1	1	0	1	0	1	0	0	0	0	0	0	0	0	0	1	1	1	1	1	1	1	0	0	1	0	1	0	0	1	0	1	1	1	1	0	0	1	0	1	0	1	0	1	1020	9
1	0	0	1	1	1	0	0	0	1	1	1	1	1	0	1	1	0	0	1	1	1	0	1	0	1	0	0	0	0	0	0	0	0	0	0	1	1	1	0	1	1	0	0	1	0	1	0	0	1	0	1	0	1	1	0	0	1	0	1	0	1	0	0	1040	9
1	0	0	1	1	0	0	0	0	1	0	1	1	1	0	1	1	0	0	1	1	1	0	1	1	1	0	0	0	0	0	0	0	0	0	0	1	1	1	1	0	1	0	0	1	0	1	0	0	1	0	1	1	1	0	0	0	1	0	1	0	1	0	0	1060	9
1	0	0	1	1	0	0	0	0	1	0	1	1	1	0	1	1	0	0	1	1	1	0	1	0	1	0	0	0	0	0	0	1	0	0	0	1	1	1	0	0	1	0	0	1	0	1	0	0	1	0	1	0	1	0	0	1	1	0	1	0	1	0	0	1080	9
1	0	0	1	0	0	0	1	0	0	0	1	1	1	0	1	1	0	0	1	1	0	0	1	0	1	0	0	0	0	0	0	1	0	0	0	1	1	1	1	0	1	0	0	1	0	1	0	0	1	0	1	0	1	0	1	0	1	0	1	0	1	0	0	1100	9
